company,website,amount_m,series,sector,hq,date,source
Country Delight,https://countrydelight.in/,20,Series E,E-Commerce - Grocery and Milk,Gurugram,2024-01-05,https://entrackr.com/2024/01/country-delight-raises-20-mn-in-series-e-round/
Captain Fresh,https://www.captainfresh.in/,13.25,Series C,B2B E-Commerce - Seafood,Bengaluru,2024-01-03,https://entrackr.com/2024/01/exclusive-captain-fresh-raises-over-13-mn-in-fresh-tranche/
Wiz Freight,https://wizfreight.com/,11.24,Series B,Logistics,Chennai,2024-01-04,https://entrackr.com/2024/01/exclusive-tiger-global-backed-wiz-freight-kicks-off-series-b-round/
VRO Hospitality,https://vrohospitality.com/,10,Bridge Round - Series A,Hospitality - Food & Beverages,Bengaluru,2024-01-03,https://entrackr.com/2024/01/vro-hospitality-raises-10-mn-led-by-axis-bank-and-gruhas/
CureBay,https://curebay.com/,7.5,Series A,Healthtech,Bhubaneshwar,2024-01-05,https://entrackr.com/2024/01/exclusive-curebay-raises-7-5-mn-from-elevar-equity/
SalarySe,https://www.salaryse.com/,5.2,Seed,Fintech,Gurugram,2024-01-02,https://entrackr.com/2024/01/exclusive-bnpl-startup-salaryse-raises-5-2-mn-from-surge-and-pravega/
Settl,https://thesettl.com/,1.2,Pre-Series A,Co-Living,Bengaluru,2024-01-02,https://entrackr.com/2024/01/co-living-startup-settl-raises-rs-10-cr-in-pre-series-a-round/
HyugaLife,https://hyugalife.com/,1,Seed,E-Commerce - Health and Wellness,Mumbai,2024-01-03,https://entrackr.com/2024/01/kl-rahul-backed-hyugalife-raises-1-mn/
DevDham,https://devdham.com/,0.72,Seed,Devotional,Noida,2024-01-03,https://entrackr.com/2024/01/devdham-raises-seed-round-from-titan-capital-and-others/
Larkai Healthcare,https://larkai.in/,0.5,Seed,Healthtech,Gurugram,2024-01-03,https://entrackr.com/2024/01/larkai-healthcare-raises-500k-in-seed-round/
Total Emergency Network,https://tenmednetwork.com/,0.24,Seed,Healthcare,Hyderabad,2024-01-04,https://www.vccircle.com/totalemergency-network-maidaan-raise-early-stage-funding
Nawgati,https://www.nawgati.com/,0.12,,Fuel Aggregator,Noida,2024-01-04,https://inc42.com/buzz/gails-pankh-backs-fuel-aggregator-startup-nawgati/
Maidaan,https://maidaan.app/,,Pre-Seed,Edtech,Bengaluru,2024-01-04,https://cionews.co.in/maidaan-raises-undisclosed-amount-in-pre-seed-round/
OneCard,https://www.getonecard.app/,11.44,Debt,Fintech - Credit Card/Lending,Pune,2024-01-04,https://entrackr.com/2024/01/exclusive-onecard-raises-rs-95-cr-debt-from-alteria/
MakeO,https://makeo.app/,16,,Healthcare - Dental and Cosmetic,Mumbai,2024-01-09,https://entrackr.com/2024/01/toothsi-parent-makeo-scoops-up-16-mn-in-a-new-round/
Akshayakalpa Organic,https://akshayakalpa.org/,12,Series C,Dairy,Bengaluru,2024-01-10,https://entrackr.com/2024/01/exclusive-akshayakalpa-initiates-new-round-with-12-mn-led-by-a91-partners/
Slurrp Farm,https://slurrpfarm.com/,7.1,Series C,E-Commerce - D2C Children Snacks Brand,Gurugram,2024-01-08,https://entrackr.com/2024/01/exclusive-anushka-sharma-backed-slurrp-farm-raises-7-2-mn-in-new-round/
ConveGenius,https://convegenius.com/,7,Series A,Edtech,Noida,2024-01-11,https://entrackr.com/2024/01/edtech-startup-convegenius-raises-7-mn-in-series-a-round/
Karkhana.io,https://karkhana.io/,6.3,Series A,Manufacturing,Mumbai,2024-01-09,https://entrackr.com/2024/01/karkhana-io-raises-6-3-mn-in-series-a-round/
PierSight Space,https://piersight.space/,6,Seed,Spacetech,Ahmedabad,2024-01-09,https://entrackr.com/2024/01/piersight-raises-6-mn-in-seed-round-led-by-alpha-wave-and-elevation/
Fisdom,https://www.fisdom.com/,5,Series C,Fintech - Investment,Bengaluru,2024-01-09,https://inc42.com/buzz/exclusive-fisdom-raises-around-5-mn-from-existing-investor-payu/
Riskcovry,https://riskcovry.com/,4.5,Series A bridge,SaaS - Insurance,Mumbai,2024-01-08,https://inc42.com/buzz/riskcovry-nets-4-5-mn-funding-from-morphosis-venture-capital-iifl/
Amaha,https://www.amahahealth.com/,4.4,Series A,Healthcare - Mental Health,Mumbai,2024-01-09,https://entrackr.com/2024/01/exclusive-mental-health-startup-amaha-raises-4-4-mn-in-series-a/
The Baker’s Dozen,https://www.thebakersdozen.in/,3.97,,E-Commerce - D2C Bakery Brand,Mumbai,2024-01-11,https://entrackr.com/2024/01/the-bakers-dozen-raises-rs-33-cr-led-by-wipro-consumer-care-ventures/
Fittr,https://www.fittr.com/,3.5,,Healthcare,Pune,2024-01-09,https://entrackr.com/2024/01/zerodha-backed-rainmatter-invests-in-fittr/
MyMuse,https://mymuse.in/,2.7,Debt + Pre-Series A,E-Commerce - D2C Personal Health,Mumbai,2024-01-09,https://entrackr.com/2024/01/d2c-intimacy-brand-mymuse-raises-pre-series-a-round/
Glamplus,https://glamplus.in/,1.98,Pre-Series A,SaaS - Spa Management,Bengaluru,2024-01-10,https://entrackr.com/2024/01/saas-startup-glamplus-raises-rs-16-5-cr-in-pre-series-a-round/
Accio Robotics,https://www.linkedin.com/company/acciorobotics/?originalSubdomain=in,1.8,Pre-Series A,Robotics - Logistics,Bengaluru,2024-01-09,https://entrackr.com/2024/01/accio-robotics-raises-1-8-mn-in-pre-series-a-round/
EVIFY,https://www.evify.co.in/,1.3,Pre-Series A,Logistics - EV,Surat,2024-01-10,https://entrackr.com/2024/01/evify-raises-1-3-mn-in-pre-series-a-round/
FlexifyMe,https://www.flexifyme.com/,1.2,Seed,Health and Wellness,Pune,2024-01-11,https://entrackr.com/2024/01/flexifyme-raises-seed-round-led-by-ivycap-and-flipkart-ventures/
Kidbea,https://www.kidbea.com/,1,Pre-Series A,E-Commerce - Kids Clothing,Noida,2024-01-08,https://entrackr.com/2024/01/plant-based-kids-clothing-brand-kidbea-raises-1-mn-led-by-vcats/
Salty,https://salty.co.in/,0.65,Seed,E-Commerce - Jewellery,Delhi,2024-01-11,https://entrackr.com/2024/01/fashion-jewellery-brand-salty-raises-rs-5-4-cr-from-anicut-capital-others/
Mylapay,https://mylapay.com/,0.55,Seed,Fintech,Chennai,2024-01-10,https://entrackr.com/2024/01/fintech-startup-mylapay-raises-rs-4-6-cr-in-seed-round-led-by-cdm-capital/
UNIREC,https://unirecstore.com/,0.19,Seed,E-Commerce - Sustainable Clothing Brand,Mumbai,2024-01-09,https://entrackr.com/2024/01/beyondseed-leads-seed-round-in-unirec/
Ambitio,https://ambitio.club/,0.186,Pre-Seed,Edtech,Delhi,2024-01-10,https://entrackr.com/2024/01/edtech-startup-ambitio-raises-pre-seed-round/
InCruiter,https://incruiter.com/,0.13,Debt,SaaS - HRTech,Bengaluru,2024-01-08,https://entrackr.com/2024/01/getvantage-invests-in-hrtech-platform-incruiter/
Yulu,https://www.yulu.bike/,3,Debt,EV,Bengaluru,2024-01-12,https://entrackr.com/2024/01/yulu-raises-rs-25-cr-debt-from-northern-arc/
Wow Momo,https://www.wowmomo.com/,42,Series D,Quick Service Restaurant,Kolkata,2024-01-16,https://entrackr.com/2024/01/wow-momo-raises-42-mn-led-by-khazanah/
StockGro,https://www.stockgro.club/,24.65,Debt,Edtech - Fintech,Bengaluru,2024-01-17,https://entrackr.com/2024/01/exclusive-stockgro-raises-rs-205-cr-debt-from-trifecta-and-hindustan-media/
OneCard,https://www.getonecard.app/,14.43,Debt,Fintech - Credit Card,Pune,2024-01-15,https://inc42.com/buzz/onecards-parent-secures-14-4-mn-from-alteria-capital/
AquaExchange,https://aquaexchange.com/,6,Series A,IoT - Aquaculture,Vijaywada,2024-01-19,https://entrackr.com/2024/01/aquaexchange-raises-6-mn-in-series-a-led-by-ocean-14-capital/
Alt Mobility,https://alt-mobility.com/,6,Series A,EV - Logistics,Delhi,2024-01-19,https://entrackr.com/2024/01/alt-mobility-raises-6-mn-led-by-shell-ventures-and-others/
Groyyo,https://groyyo.com/,5.4,Debt,Manufacturing,Gurugram,2024-01-19,https://entrackr.com/2024/01/groyyo-raises-5-4-mn-in-debt-round-from-lighthouse-and-trifecta/
BuyEazzy,https://www.buyeazzy.com/,4.25,Series A,E-Commerce,Delhi,2024-01-18,https://entrackr.com/2024/01/buyeazzy-raises-4-25-mn-in-series-a-round/
UpSwing,https://upswing.one/,4.2,Pre-Series A,Fintech,Bengaluru,2024-01-17,https://entrackr.com/2024/01/upswing-raises-4-2-mn-in-pre-series-a-round/
Indra,https://www.indrawater.com/,4,Series A,Cleantech,Mumbai,2024-01-18,https://entrackr.com/2024/01/cleantech-startup-indra-raises-4-mn-in-series-a-round/
KisanKonnect,https://www.kisankonnect.in/,3.75,Pre-Series A,E-Commerce - Agritech - Fruits and Vegetables,Ahmednagar,2024-01-16,https://entrackr.com/2024/01/agritech-startup-kisankonnect-raises-rs-31-cr-in-pre-series-a/
InPrime Finserv,https://inprime.in/,3,Series A,Fintech - Lending,Bengaluru,2024-01-16,https://entrackr.com/2024/01/inprime-raises-3-mn-led-by-matrix-partners-india/
Jeh Aerospace,https://www.jeh.aero/,2.75,Seed,Manufacturing - Spacetech,Hyderabad,2024-01-18,https://economictimes.indiatimes.com/tech/funding/jeh-aerospace-raises-2-75-million-in-funding-round-led-by-general-catalyst/articleshow/106937736.cms
Adya.ai,https://adya.ai/,1.26,Pre-Series A,SaaS - Digital Commerce,Hyderabad,2024-01-16,https://entrackr.com/2024/01/adya-ai-raises-rs-10-5-cr-in-pre-series-a-round/
Zingavita,https://zingavita.com/,1.2,Pre-Series A,E-Commerce - Health and Wellness Products,Chandigarh,2024-01-16,https://entrackr.com/2024/01/anicut-capital-leads-rs-10-cr-round-in-zingavita/
BharatSure,https://bharatsure.com/,1,,Fintech - Insurance,Mumbai,2024-01-18,https://entrackr.com/2024/01/insurtech-startup-bharatsure-raises-1-mn-led-by-capital-a/
Bonv Aero,https://bonvaero.com/,0.72,,Drone,Bhubaneswar,2024-01-18,https://entrackr.com/2024/01/drone-startup-bonv-aero-raises-rs-6-cr-led-by-ipv/
Medial,https://medial.app/,0.12,Pre-Seed,Social Media,Pre-Seed,2024-01-17,https://entrackr.com/2024/01/medial-raises-120k-pre-seed-round/
FinAGG,https://finagg.in/,11,Series A,Fintech,Noida,2024-01-18,https://entrackr.com/2024/01/finagg-raises-11-mn-in-series-a-led-by-blue-orchard-and-tata-capital/
Vivifi India Finance,https://www.vivifin.com/,75,Series B,Fintech - NBFC Lending,Hyderabad,2024-01-24,https://entrackr.com/2024/01/fintech-nbfc-vivifi-raises-75-mn-in-series-b-round/
Krutrim AI,https://olakrutrim.com/,50,Series A,AI,Bengaluru,2024-01-27,https://economictimes.indiatimes.com/tech/funding/ola-founder-bhavish-aggarwals-krutrim-ai-turns-unicorn-with-50-million-funding-from-matrix-others/articleshow/107166669.cms
Namdev Finvest,https://www.namfin.in/,15,Series B,Fintech - NBFC Lending,Jaipur,2024-01-22,https://entrackr.com/2024/01/namdev-finvest-secures-15-mn-in-series-b-round/
Infra.Market,https://infra.market/,12,Debt,B2B E-Commerce - Construction Materials,Thane,2024-01-25,https://inc42.com/buzz/exclusive-infra-market-raises-12-mn-debt-from-sk-finance/
Ecofy,https://www.ecofy.co.in/,10.8,,Fintech - NBFC Lending,Mumbai,2024-01-24,https://economictimes.indiatimes.com/tech/funding/climate-focussed-nbfc-ecofy-secures-rs-90-crore-in-equity-funding-from-dutch-bank-fmo/articleshow/107113031.cms
Newme,https://newme.asia/,5.4,Seed,E-Commerce - Fashion,Bengaluru,2024-01-25,https://entrackr.com/2024/01/fast-fashion-brand-newme-raises-5-mn-in-seed-round/
STAN,https://getstan.app/,2.7,Pre-Series A,Gaming,Bengaluru,2024-01-22,https://entrackr.com/2024/01/gaming-startup-stan-raises-2-7-mn-in-pre-series-a-round/
Flaer Bags,,2.5,Pre-Seed,Interior Design,,2024-01-24,https://inc42.com/buzz/flaer-bags-2-5-mn-to-supply-home-interior-materials/
Fixerra,https://www.fixerra.in/,1.7,Seed,Fintech - Investment Platform,Mumbai,2024-01-24,https://entrackr.com/2024/01/fixerra-raises-rs-14-cr-in-seed-round/
OpiGo,https://www.opigo.in/,0.168,Pre-Series A,Fintech - Stock Trading,Mumbai,2024-01-23,https://entrackr.com/2024/01/stock-trading-app-opigo-secures-pre-seed-round/
Earthful,https://earthful.me/,0.397,Pre-Seed,E-Commerce - D2C Nutritional Supplements Brand,Hyderabad,2024-01-26,https://economictimes.indiatimes.com/tech/funding/nutrition-brand-earthful-raises-rs-3-3-crore-in-funding-from-green-ivy-ventures-others/articleshow/107165546.cms
BluSmart,https://blu-smart.com/,25,Debt + Equity,EV - Ride Hailing,Gurugram,2024-01-29,https://entrackr.com/2024/01/blusmart-raises-25-mn-from-swiss-based-responsability/
MoveInSync,https://moveinsync.com/,15,Series C,SaaS,Bengaluru,2024-01-29,https://yourstory.com/2024/01/employee-commute-platform-moveinsync-raises-15-million-bessemer-venture
Wiz Freight,https://wizfreight.com/,15,Series B,Logistics,Chennai,2024-02-01,https://entrackr.com/2024/02/supply-chain-startup-wiz-freight-raises-15-mn-in-ongoing-series-b-round/
p0,https://p0.inc/,6.5,Seed,AI,Bengaluru,2024-01-31,https://entrackr.com/2024/01/ai-security-startup-p0-raises-6-5-mn-in-seed-round/
Aquaconnect,https://aquaconnect.blue/,4,Pre-Series B,Aquaculture,Chennai,2024-01-31,https://inc42.com/buzz/aquaconnect-secures-4-mn-to-transform-indian-aquaculture/
Blackopal Group,https://www.blackopalgroup.in/,3,,Proptech - Fintech,Noida,2024-01-30,https://entrackr.com/2024/01/black-opal-group-raises-3-mn-from-sbi-and-hdfc/
Electrifi Mobility,https://electrifimobility.com/,3,Seed,EV,Gurugram,2024-01-30,https://entrackr.com/2024/01/electrifi-mobility-raises-rs-25-cr-in-seed-round/
ClearTrust,https://cleartrust.cc/,1.9,Pre-Series A,Cybersecurity,Bengaluru,2024-01-29,https://entrackr.com/2024/01/cleartrust-raises-1-9-mn-in-pre-series-a-round/
Moms Home,https://www.momshome.in/,0.6,Pre-Series A,E-Commerce - Babycare brand,Jaipur,2024-01-29,https://entrackr.com/2024/01/moms-home-raises-rs-5-cr-in-pre-series-a-round/
Arzooo,https://www.arzooo.com/,,Series B,Retail Tech,Bengaluru,2024-01-29,https://entrackr.com/2024/01/arzooo-raises-funds-in-extended-series-b/
Algorithmic Biologics,https://algorithmicbiologics.com/index.html,2.5,Pre-Series A,Biotech,Bengaluru,2024-02-03,https://entrackr.com/2024/02/algobio-raises-2-5-mn-in-pre-series-a-round/
River,https://www.rideriver.com/,40,Series B,EV,Bengaluru,2024-02-06,https://entrackr.com/2024/02/ev-startup-river-bags-40-mn-in-series-b-led-by-yamaha-motor-corp/
GlobalBees,https://globalbees.com/,18,Debt,E-Commerce,Delhi,2024-02-07,https://entrackr.com/2024/02/globalbees-raises-18-mn-in-debt-from-avendus/
Mufin Green Finance,https://mufingreenfinance.com/,17,Series B,Fintech - NBFC Lending for EVs,Delhi,2024-02-06,https://entrackr.com/2024/02/mufin-green-finance-raises-rs-140-cr-in-series-b-round/
Keus,https://www.keus.in/,12,,Home Automation,Hyderabad,2024-02-05,https://entrackr.com/2024/02/smart-home-automation-company-keus-raises-12-mn/
SportVot,https://sportvot.com/,11.13,Pre-Series A,Sports Tech,Mumbai,2024-02-05,https://entrackr.com/2024/02/omidyar-leads-pre-series-a-round-in-sportvot/
OTO,https://www.otocapital.in/,10,,Fintech - Lending for Two Wheelers,Bengaluru,2024-02-06,https://entrackr.com/2024/02/two-wheeler-ev-finance-platform-oto-raises-10-mn/
BigHaat,https://www.bighaat.com/,8.4,Series C,Agritech - E-Commerce,Bengaluru,2024-02-07,https://entrackr.com/2024/02/exclusive-agritech-startup-bighaat-kicks-off-series-c-round/
DevX,https://www.devx.work/,7,Equity + Debt,Co-working,Ahmedabad,2024-02-05,https://entrackr.com/2024/02/devx-raises-7-mn-in-equity-and-debt-round/
Wishlink,https://www.wishlink.com/,7,Series A,E-Commerce - Creator Focused,Gurugram,2024-02-05,https://entrackr.com/2024/02/exclusive-wishlink-raises-7-mn-from-fundamentum-and-elevation/
VerSe Innovation,https://www.verse.in/,6.25,Debt,Social Media,Bengaluru,2024-02-07,https://entrackr.com/2024/02/exclusive-dailyhunts-parent-verse-bags-rs-50-cr-debt/
Metafin,https://www.metafin.in/,5,,Fintech - NBFC Cleantech Lending,Parel,2024-02-07,https://economictimes.indiatimes.com/tech/funding/metafin-secures-5-million-in-funding-from-prime-venture-partners-others/articleshow/107483291.cms
Khyaal,https://www.khyaal.com/,4.2,Seed,Services - Senior Citizens,Mumbai,2024-02-06,https://entrackr.com/2024/02/senior-citizen-app-khyaal-raises-4-2-mn-in-seed-round/
Cashinvoice,https://www.cashinvoice.in/,3.4,Series A,Fintech,Mumbai,2024-02-07,https://entrackr.com/2024/02/cashinvoice-raises-3-4-mn-in-series-a-round/
ControlZ,https://controlz.world/,3,Seed,E-Commerce - Premium Refurbished Smartphones,Gurugram,2024-02-07,https://entrackr.com/2024/02/controlz-secures-3-mn-in-seed-round/
Adventum Student Living,https://adventumstudentliving.com/,3,,Study Abroad Platform,Mumbai,2024-02-06,https://inc42.com/buzz/adventum-student-living-nets-3-mn-to-facilitate-overseas-study-opportunities/
Snap-E Cabs,https://snapecabs.com/,2.5,Pre-Series A,EV - Ridehailing,Kolkata,2024-02-05,https://www.thehindubusinessline.com/companies/snap-e-cabs-raises-25-million-in-a-pre-series-a-round/article67813571.ece
Neodocs,https://neodocs.in/,2,Seed,Healthtech,Mumbai,2024-02-08,https://entrackr.com/2024/02/omidyar-leads-2-mn-seed-round-in-neodocs/
Rupyz,https://rupyz.com/,1.2,Seed,SaaS,Gurugram,2024-02-05,https://entrackr.com/2024/02/merak-ventures-leads-1-2-mn-round-in-saas-platform-rupyz/
Swirl,https://www.goswirl.live/,1.1,Seed,Video Commerce,Vadodara,2024-02-06,https://entrackr.com/2024/02/swirl-secures-1-1-mn-in-seed-round/
Piscium,https://www.piscium.in/,0.72,Series A,Biotech - Healthtech,Mumbai,2024-02-07,https://entrackr.com/2024/02/piscium-raises-series-a-round-led-by-unicorn-india-ventures/
Koparo,https://koparoclean.com/,0.72,,E-Commerce - D2C homecare brand,Delhi,2024-02-07,https://entrackr.com/2024/02/koparo-raises-rs-6-cr-from-4p-capital-and-shark-tank-india/
Ivory,,0.5,,Healthtech,Bengaluru,2024-02-08,https://entrackr.com/2024/02/agetech-startup-ivory-raise-500k/
Torus Robotics,https://www.torusrobotics.com/,0.47,Seed,Deeptech,Chennai,2024-02-07,https://entrackr.com/2024/02/torus-robotics-raises-470k-seed-round-from-tnifmc/
Papa Pawsome,https://www.papapawsome.com/,0.4,Seed,E-Commerce - D2C Petcare Brand,Thane,2024-02-05,https://entrackr.com/2024/02/papa-pawsome-raises-400k-in-seed-round-led-by-ian/
EtherealX,https://www.etherealx.space/,,,Spacetech,Bengaluru,2024-02-05,https://entrackr.com/2024/02/spacetech-startup-etherealx-raises-first-funding-round/
Upliance.ai,https://upliance.ai/,4,Seed,Consumer Electronics - AI-powered Home Appliances,Bengaluru,2024-02-08,https://entrackr.com/2024/02/upliance-ai-raises-4-mn-led-by-khosla-ventures/
Amber,https://amberstudent.com/,21,Equity + Debt,Real Estate - Student Accomodation,Pune,2024-02-12,https://economictimes.indiatimes.com/tech/funding/student-accommodation-platform-amber-raises-21-million-led-by-gaja-capital/articleshow/107604636.cms?from=mdr
Astrotalk,https://astrotalk.com/,20,Series A,Astrology - Spiritual Tech,Noida,2024-02-12,https://entrackr.com/2024/02/astrotalk-raises-20-mn-from-left-lane-capital/
Supertails,https://supertails.com/,15,Series B,E-Commerce - Petcare Products,Bengaluru,2024-02-13,https://entrackr.com/2024/02/pet-care-startup-supertails-scoops-up-15-mn-in-series-b/
Metalbook,https://www.metalbook.co.in/,15,Series A,E-Commerce - metal and other commodities,Gurugram,2024-02-15,https://entrackr.com/2024/02/metalbook-raises-15-mn-in-series-a-round/
Captain Fresh,https://www.captainfresh.in/,7,Series C,B2B E-Commerce - Seafood,Bengaluru,2024-02-13,https://inc42.com/buzz/exclusive-captain-fresh-to-raise-7-mn-funding-from-british-international-investment/
Tork Motors,https://booking.torkmotors.com/,6,,EV - Electric Motorcycles,Pune,2024-02-13,https://entrackr.com/2024/02/exclusive-bharat-forge-backed-tork-motors-raises-6-mn-in-new-round/
Veera,https://www.veera.com/,6,Seed,Mobile Browser,Mumbai,2024-02-15,https://entrackr.com/2024/02/veera-raises-6-mn-in-seed-round-led-by-ayon-capital/
Explurger,https://www.explurger.com/,4.5,Series A,Social Media for Travellers,Delhi,2024-02-14,https://economictimes.indiatimes.com/tech/funding/explurger-raises-4-5-million-in-series-a-round/articleshow/107686689.cms
Yu Foodlabs,https://yufoodlabs.com/,2.4,Series A,E-Commerce - Instant Food Brand,Gurugram,2024-02-12,https://entrackr.com/2024/02/consumer-foods-brand-yu-raises-rs-20-cr-in-follow-on-series-a-round/
Noccarc,https://www.noccarc.com/,2,Seed,Healthtech,Pune,2024-02-13,https://entrackr.com/2024/02/medical-devices-startup-noccarc-raises-2-mn-led-by-ian/
Segwise,https://www.segwise.ai/,1.6,Pre-Seed,AI,Bengaluru,2024-02-14,https://entrackr.com/2024/02/segwise-raises-1-6-mn-from-powerhouse-ventures-others/
Happi Planet,https://www.happi-planet.com/,1,Seed,E-Commerce - Homecare Products,Mumbai,2024-02-13,https://inc42.com/buzz/happi-planet-bags-funding-from-fireside-ventures-to-offer-non-toxic-home-care-products/
Corrit Electric,https://www.corritelectric.com/,0.6,,EV,Noida,2024-02-12,https://entrackr.com/2024/02/ev-manufacturing-startup-corrit-electric-raises-rs-5-cr/
PocketATM,https://www.pocketatm.in/index.html,0.4,Pre-Seed,Fintech,Bengaluru,2024-02-13,https://entrackr.com/2024/02/fintech-startup-pocketatm-raises-pre-seed-round/
Scandalous Foods,https://scandalousfoods.in/,0.36,Pre-Seed,Foodtech - B2B Sweets,Mumbai,2024-02-14,https://entrackr.com/2024/02/scandalous-foods-closes-pre-seed-round/
IDC Kitchen,https://idckitchen.com/,0.18,Debt,E-Commerce - Food,Bengaluru,2024-02-15,https://entrackr.com/2024/02/idc-kitchen-raises-funds-from-velocity/
Conscious Chemist,https://consciouschemist.com/,0.12,Debt,E-Commerce - Skincare brand,Gurugram,2024-02-13,https://entrackr.com/2024/02/conscious-chemist-raises-debt-from-recur/
Arcatron Mobility,https://arcatron.com/,,,Medtech,Pune,2024-02-15,https://entrackr.com/2024/02/orbimed-invests-in-wheelchair-maker-arcatron/
Frubon,https://frubon.com/index.php,,Series A,Dairy Brand,Jaipur,2024-02-13,https://inc42.com/buzz/dairytech-startup-frubon-bags-series-a-funding-to-grow-retail-footprint-across-north-india/
Ayekart,https://ayekart.com/,6.5,Series A,Fintech - Agritech,Mumbai,2024-02-15,https://entrackr.com/2024/02/ayekart-raises-6-5-mn-in-series-a-led-by-omnivore/
Rentomojo,https://www.rentomojo.com/,25,Series D,E-Commerce - Furniture Rental,Bengaluru,2024-02-21,https://entrackr.com/2024/02/rentomojo-raises-25-mn-led-by-edelweiss/
NIC,https://nicicecreams.com/,20,,Ice Cream Brand,Pune,2024-02-21,https://entrackr.com/2024/02/walko-foods-nic-raises-20-mn-led-by-jungle-ventures/
Yulu,https://www.yulu.bike/,19.25,Series B,EV,Bengaluru,2024-02-23,https://entrackr.com/2024/02/yulu-raises-19-25-mn-from-magna-bajaj-auto/
Vidyut,https://www.vidyuttech.com/,10,Series A,Fintech - Lending for EVs,Bengaluru,2024-02-20,https://entrackr.com/2024/02/vidyut-raises-10-mn-in-series-a-led-by-3one4-capital/
Samunnati,https://samunnati.com/,9,Debt,Fintech - Agriculture Financing,Chennai,2024-02-21,https://inc42.com/buzz/exclusive-samunnati-raises-9-mn-debt-from-impact-investment-exchange/
Varaha,https://www.varaha.earth/,8.7,Series A,Climatetech,Gurugram,2024-02-22,https://economictimes.indiatimes.com/tech/funding/climate-tech-startup-varaha-raises-8-7-million-in-funding-round-led-by-rtp-global/articleshow/107892126.cms
Pure EV,https://pureev.in/,8,,EV,Bengaluru,2024-02-19,https://entrackr.com/2024/02/pure-ev-raises-8-mn-led-by-bennett-coleman/
Auxilo,https://www.auxilo.com/,6,Debt,Fintech - Lending,Mumbai,2024-02-23,https://entrackr.com/2024/02/exclusive-education-focused-nbfc-auxilo-secures-6-mn-debt/
Ghost Kitchens India,https://ghostkitchensindia.com/,5,Series A,Foodtech,Mumbai,2024-02-22,https://entrackr.com/2024/02/ghost-kitchens-india-raises-5-mn-in-series-a/
RailYatri,https://www.railyatri.in/,3.44,Series C,Train Ticketing Platform,Noida,2024-02-19,https://entrackr.com/2024/02/exclusive-railyatri-tops-up-series-c-round-with-over-3-mn-funding/
AutoVRse,https://autovrse.in/,2,Seed,AR/VR,Bengaluru,2024-02-20,https://entrackr.com/2024/02/autovrse-raises-2-mn-led-by-lumikai/
Virohan,https://www.virohan.com/,1.8,Pre-Series B,Edtech - Offering healthcare courses,Gurugram,2024-02-21,https://entrackr.com/2024/02/exclusive-blume-ventures-leads-pre-series-b-funding-in-virohan/
Samarth Life,https://samarth.community/,1.45,,Healthcare - Eldercare,Delhi,2024-02-21,https://entrackr.com/2024/02/elder-care-startup-samarth-life-raises-new-round-led-by-aroa-venture/
Starbuzz.ai,https://www.starbuzz.ai/,0.5,Seed,Influencer Marketing,Hyderabad,2024-02-22,https://entrackr.com/2024/02/t-hub-incubated-starbuzz-ai-secures-500k-in-seed-round/
Indic Wisdom,https://indicwisdom.com/,0.48,Pre-Series A,Agritech - E-Commerce,Mumbai,2024-02-22,https://entrackr.com/2024/02/agri-produce-startup-indic-wisdom-raises-pre-series-a-round/
Basil,https://yourbasil.com/,0.434,Seed,E-Commerce - D2C Houseware Brand,Bengaluru,2024-02-19,https://entrackr.com/2024/02/d2c-brand-basil-raises-rs-3-6-cr-in-seed-round/
Kanlet,https://kanlet.ai/,0.4,Pre-Seed,AI - Sales Automation,Pune,2024-02-19,https://entrackr.com/2024/02/knalet-raises-400k-in-pre-seed-round/
ReFit Global,https://refitglobal.com/,0.24,,E-Commerce - Refurbished smartphones,Delhi,2024-02-21,https://entrackr.com/2024/02/refit-raises-rs-2-cr-at-rs-200-cr-valuation-on-shark-tank-season-3/
eFeed,https://www.efeed.in/home,0.12,Seed,Biotech - Animal Nutrition,Pune,2024-02-21,https://entrackr.com/2024/02/animal-nutrition-brand-efeed-secures-funding-from-klub/
Oopar Club,https://oopar.club/,0.06,Pre-Seed,Social Network,Bengaluru,2024-02-21,https://entrackr.com/2024/02/social-networking-platform-oopar-club-raises-funds-from-pedalstart/
Flytant,https://flytant.com/,,Seed,Influencer Marketing,Noida,2024-02-23,https://entrackr.com/2024/02/influencer-marketplace-flytant-raises-seed-round/
Shadowfax,https://www.shadowfax.in/,100,Series E,Logistics,Bengaluru,2024-02-27,https://entrackr.com/2024/02/shadowfax-raises-100-mn-in-series-e-round-led-by-tpg-newquest/
Capillary Technologies,https://www.capillarytech.com/,95,Series D,SaaS,Bengaluru,2024-02-27,https://www.moneycontrol.com/news/technology/capillary-technologies-raises-95-million-in-extended-series-d-round-12364941.html
Kushal’s,https://www.kushals.com/,34,Series B,E-Commerce - D2C Jewelry Brand,Bengaluru,2024-02-28,https://inc42.com/buzz/kushals-bags-34-mn-from-lighthouses-fourth-pe-fund/
Zeno Health,https://web.zeno.health/corporate/home#1,25,,Healthtech - Pharmacy,Mumbai,2024-02-27,https://economictimes.indiatimes.com/tech/funding/pharmacy-startup-zeno-health-raises-25-million-led-by-stic-investments/articleshow/108047170.cms
Mswipe Technologies,https://www.mswipe.com/,20,,Fintech - Payment Processing,Mumbai,2024-02-27,https://economictimes.indiatimes.com/tech/funding/mswipe-raises-20-million-in-ongoing-funding-round-led-by-alpha-wave/articleshow/108047508.cms
Mokobara,https://mokobara.com/,12,Series B,E-Commerce - D2C Luggage Brand,Bengaluru,2024-02-26,https://entrackr.com/2024/02/d2c-luggage-brand-mokobara-bags-12-million-in-new-peak-xv-led-round/
Cult.fit,https://www.cult.fit/,10,Series F,Health and Wellness,Bengaluru,2024-02-26,https://entrackr.com/2024/02/exclusive-tata-digital-backed-cult-fit-tops-up-series-f-with-10-m-n-funding/
InSolare Energy,https://insolare.com/,8,,Renewable Energy,Bangalore,2024-02-26,https://entrackr.com/2024/02/insolare-raises-8-mn-led-by-negen-capital/
RailYatri,https://www.railyatri.in/,4.5,Series C,Traveltech,Noida,2024-02-29,https://entrackr.com/2024/02/railyatris-parent-intrcity-raises-4-5-mn-more-in-series-c/
Zvolv,https://www.zvolv.com/,2,,SaaS,Pune,2024-02-28,https://economictimes.indiatimes.com/tech/funding/hyperautomation-platform-zvolv-secures-2-million-from-silverneedle-jsw-ventures/articleshow/108064259.cms
Digantara,https://www.digantara.co.in/,1.88,Series A,Spacetech,Bengaluru,2024-02-27,https://entrackr.com/2024/02/exclusive-naman-finance-sidbi-invest-in-spacetech-startup-digantara/
Farmtheory,https://www.farmtheory.in/home,1.45,Seed,B2B E-Commerce - Groceries,Bengaluru,2024-02-27,https://entrackr.com/2024/02/b2b-agri-food-startup-farmtheory-raises-seed-round-led-by-merak-ventures/
TWF Flours,https://twfflours.com/,1.4,,Foodtech,Noida,2024-02-28,https://economictimes.indiatimes.com/tech/startups/zerodhas-rainmatter-invests-rs-12-crore-in-foodtech-startup-twf-flours/articleshow/108073348.cms
Nurturev,https://nurturev.com/,1,Pre-Seed,SaaS,Pune,2024-02-29,https://entrackr.com/2024/02/nurturev-raises-1-mn-led-by-antler-india/
Bandhoo,https://www.bandhoo.com/,0.9,Pre-Seed,Proptech,Bengaluru,2024-02-29,https://entrackr.com/2024/02/proptech-firm-bandhoo-raises-pre-seed-round-led-by-vcats/
SpaceFields,http://www.spacefields.in/,0.8,Seed,Spacetech,Bengaluru,2024-02-26,https://economictimes.indiatimes.com/tech/funding/spacetech-startup-for-propulsion-systems-spacefields-raises-800000/articleshow/108019192.cms
Beautywise,https://beautywise.in/,0.78,Seed,E-Commerce - Personal Care,Noida,2024-02-26,https://entrackr.com/2024/02/beautywise-raises-rs-6-5-cr-in-seed-round/
Knocksense,https://www.knocksense.com/,,Pre-Series A,Content Commerce,Lucknow,2024-02-26,https://entrackr.com/2024/02/venture-catalysts-backs-knocksense-in-pre-series-a-round/
Zactor Tech,https://www.zactortech.com/,,Pre-Seed,Fintech,Bengaluru,2024-03-01,https://entrackr.com/2024/03/zactor-tech-raises-pre-seed-round-at-valuation-of-3-mn/
mPokket,https://www.mpokket.in/,60,Debt,Fintech - Lending,Kolkata,2024-03-05,https://entrackr.com/2024/03/lending-company-mpokket-raises-60-mn-debt-from-bpea-credit/
IDfy,https://www.idfy.com/,27,,Fintech - Fraud Detection,Mumbai,2024-03-06,https://entrackr.com/2024/03/id-verification-platform-idfy-raises-27-mn-in-primary-and-secondary/
The Ayurveda Experience,https://theayurvedaexperience.com/,27,Series C,"E-Commerce - Skincare, Bodycare, Haircare",Gurugram,2024-03-08,https://entrackr.com/2024/03/the-ayurveda-experience-raises-27-mn-in-series-c-led-by-jungle-ventures/
Rozana,https://rozana.in/,22.5,,E-Commerce - Rural Commerce,Delhi,2024-03-05,https://entrackr.com/2024/03/rural-commerce-startup-rozana-raises-22-5-mn-led-by-bertelsmann-india/
Educational Initiatives,https://ei.study/,20,,Edtech,Ahmedabad,2024-03-05,https://entrackr.com/2024/03/hcl-invests-20-mn-in-edtech-firm-educational-initiatives-via-secondary/
Foxtale,https://foxtale.in/,14,Series A,E-Commerce - Skincare,Mumbai,2024-03-07,https://entrackr.com/2024/03/d2c-skincare-brand-foxtale-scoops-up-14-mn-in-new-round/
Mufin Green,https://mufingreenfinance.com/,5,Debt,Fintech - EV Lending,Delhi,2024-03-08,https://entrackr.com/2024/03/electric-vehicle-financing-firm-mufin-green-raises-5-mn/
abCoffee,https://www.abcoffee.in/,3.4,Series A,QSR - Coffee,Mumbai,2024-03-08,https://entrackr.com/2024/03/abcoffee-raises-3-4-mn-in-series-a-round/
Cardiotrack,https://cardiotrack.io/,2,Pre-Series A,Healthtech,Bengaluru,2024-03-04,https://entrackr.com/2024/03/cardiotrack-raises-2-mn-in-pre-series-a-round/
MyCaptain,https://mycaptain.in/,1.7,,Edtech,Bengaluru,2024-03-07,https://entrackr.com/2024/03/edtech-startup-mycaptain-raises-rs-14-cr-from-ipv-others/
Hack2Skill,https://hack2skill.com/,1,Equity + Debt,Community Platform,Noida,2024-03-06,https://entrackr.com/2024/03/community-platform-hack2skill-raises-1-mn-debt-equity/
Inknibs,https://inknibs.in/,0.875,Pre-Seed,E-Commerce - Stationary,Noida,2024-03-05,https://entrackr.com/2024/03/inknibs-raises-seed-round/
Vijya Fintech,https://www.vijyafintech.com/,0.84,Seed,Fintech - Wealthtech,Surat,2024-03-05,https://entrackr.com/2024/03/vijya-fintech-raise-rs-7-cr-in-an-angel-round/
Dubpro.ai,https://dubpro.ai/,0.5,Seed,AI,Noida,2024-03-04,https://entrackr.com/2024/03/dubpro-ai-raises-500k-in-seed-round/
Urja Sathi,https://urjasathi.com/,0.42,Seed,Cleantech - Solar,Lucknow,2024-03-05,https://entrackr.com/2024/03/solartech-platform-urja-sathi-raises-seed-round/
FreeStand,https://www.freestand.in/,0.4,Seed,B2B Marketing,Delhi,2024-03-08,https://entrackr.com/2024/03/vcats-and-nocking-point-lead-400k-seed-round-in-freestand/
PlanetSpark,https://www.planetspark.in/,17,Series B,Edtech,Gurugram,2024-03-08,https://entrackr.com/2024/03/exclusive-fiitjee-backed-planetspark-raises-fresh-funds-in-ongoing-round/
Perfios,https://www.perfios.com/,80,,SaaS - Fintech,Bengaluru,2024-03-13,https://entrackr.com/2024/03/perfios-turns-unicorn-with-80-mn-funding-from-teachers-venture/
Lohum,https://lohum.com/,54,Series B,Battery Recycling,Noida,2024-03-13,https://entrackr.com/2024/03/battery-tech-startup-lohum-raises-54-mn-in-series-b/
Cureskin,https://cureskin.com/,20,Series B,AI - Healthcare,Bengaluru,2024-03-13,https://economictimes.indiatimes.com/tech/funding/dermatology-startup-cureskin-raises-20-million/articleshow/108468694.cms?from=mdr
BlackSoil NBFC,https://blacksoil.co.in/,12,,Fintech - Lending,Mumbai,2024-03-11,https://entrackr.com/2024/03/blacksoil-nbfc-raises-12-mn-equity-capital-from-existing-backers/
Freed,https://freed.care/,7.5,Series A,Fintech - Debt Relief Platform,Gurugram,2024-03-13,https://economictimes.indiatimes.com/tech/funding/debt-relief-platform-freed-raises-7-5-million-in-funding-round-led-by-sorin-investments/articleshow/108471566.cms
Kites Senior Care,https://kitesseniorcare.com/,5.4,Series A,Healthcare,Bengaluru,2024-03-14,https://entrackr.com/2024/03/kites-senior-care-raises-rs-45-cr-in-series-a-round/
Clear Premium Water,https://www.clearpani.com/,5.4,,Bottled Water Brand,Ahmedabad,2024-03-14,https://entrackr.com/2024/03/jm-financial-private-equity-invests-rs-45-cr-in-clear-premium-water/
Sugar.fit,https://www.sugarfit.com/,5,Series A,Health and Wellness,Bengaluru,2024-03-13,https://entrackr.com/2024/03/sugar-fit-raises-5-mn-more-in-series-a-led-by-b-capital/
Kimbal Technologies,https://kimbal.io/,5,,Smart Metering,Delhi,2024-03-11,https://economictimes.indiatimes.com/tech/funding/kimbal-technologies-raises-5-million-in-funding-round-led-by-niveshaay/articleshow/108399511.cms
GobbleCube,https://gobblecube.ai/,1.9,Seed,AI - Brand Analytics,Gurugram,2024-03-15,https://entrackr.com/2024/03/gobblecube-raises-1-9-mn-in-seed-round-led-by-kae-capital/
Fiona Diamonds,https://www.fionadiamonds.com/,0.72,Seed,E-Commerce - Labgrown Diamonds,Mumbai,2024-03-12,https://entrackr.com/2024/03/venture-catalysts-leads-seed-round-in-fiona-diamonds/
Attron Automotive,https://attronautomotive.com/,0.57,Seed,EV - Motor and controller solutions,Pune,2024-03-11,https://entrackr.com/2024/03/anicut-and-vcats-lead-seed-round-in-attron-automotive/
PumPumPum,https://pumpumpum.com/,0.24,,Fintech - Mobility,Gurugram,2024-03-14,https://entrackr.com/2024/03/mobility-startup-pumpumpum-raises-rs-2-cr-led-by-ipv/
The Quorum Club,https://thequorumclub.com/,,Pre-Series A,Hospitality,Gurugram,2024-03-12,https://entrackr.com/2024/03/nikhil-kamath-backed-gruhas-picks-up-5-stake-in-the-quorum-club/
Fluid Analytics,https://fluidanalytics.ai/index.html,1.6,Pre-Series A,AI - Cleantech,Pune,2024-03-15,https://entrackr.com/2024/03/fluid-analytics-raises-1-6-mn-in-pre-series-a-round/
Pocket FM,https://pocketfm.com/,103,Series D,OTT Audio,Gurugram,2024-03-20,https://entrackr.com/2024/03/pocket-fm-raises-103-mn-in-series-d-round/
Ultrahuman,https://www.ultrahuman.com/,35,Series B + Debt,Healthtech,Bengaluru,2024-03-20,https://entrackr.com/2024/03/ultrahuman-raises-35-mn-in-series-b-round/
The Good Glamm Group,https://goodglamm.com/,30,,E-Commerce - Beauty and Personalcare,Delhi,2024-03-18,https://entrackr.com/2024/03/exclusive-the-good-glamm-group-raises-30-mn-in-a-new-round/
Jumbotail,https://jumbotail.com/,18.2,Series C,B2B E-Commerce,Bengaluru,2024-03-18,https://entrackr.com/2024/03/jumbotail-raises-18-2-mn-in-series-c3-round-2/
Optimo Loan,https://optimoloan.com/,10,Seed,Fintech - Lending,Bengaluru,2024-03-20,https://entrackr.com/2024/03/optimo-loan-raises-10-mn-seed-in-round/
Subko Coffee,https://www.subko.coffee/,10,Series B,Coffee brand,Mumbai,2024-03-22,https://entrackr.com/2024/03/exclusive-subko-coffee-raises-rs-80-cr-led-by-nksquared/
Liquidnitro Games,https://liquidnitro.games/,5.25,Seed,Gaming,Hyderabad,2024-03-20,https://entrackr.com/2024/03/liquidnitro-games-raises-5-25-mn-led-by-nexus-venture-partners/
Brij Hotels,https://www.brijhotels.com/,4,Series A,Hospitality,Delhi,2024-03-19,https://entrackr.com/2024/03/brij-hotels-raises-4-mn-in-series-a-funding-round/
Sprih,https://www.sprih.com/,3,Seed,Climatetech,Pune,2024-03-19,https://entrackr.com/2024/03/sprih-raises-3-mn-in-seed-round-led-by-leo-capital/
Sugmya Finance,https://www.sufinn.com/,3,,Fintech - Lending,Delhi,2024-03-20,https://economictimes.indiatimes.com/tech/funding/non-bank-lender-sugmya-finance-raises-3-million-from-existing-investors/articleshow/108649894.cms
ProcMart,https://www.procmart.com/,3,Pre-Series B,E-Commerce - B2B,Noida,2024-03-22,https://entrackr.com/2024/03/procmart-raises-rs-25-cr-in-pre-series-b-round/
Beatoven.ai,https://www.beatoven.ai/,1.3,Pre-Series A,AI - Music,Bengaluru,2024-03-18,https://entrackr.com/2024/03/ai-music-startup-beatoven-ai-raises-1-3-mn-in-pre-series-a/
Vobble,https://www.vobble.fun/,1,Seed,OTT Audio,Bengaluru,2024-03-19,https://entrackr.com/2024/03/audio-platform-vobble-raises-seed-round-led-by-lumikai/
Relso,https://www.relso.today/,0.84,Pre-Seed,Furniture Manufacturing,Bengaluru,2024-03-19,https://entrackr.com/2024/03/relso-raises-840k-in-pre-seed-round-led-by-venture-catalysts-ipv/
BNZ Green,https://bnzgreen.io/,0.1,Pre-Seed,Blockchain - Climatetech,Mumbai,2024-03-18,https://entrackr.com/2024/03/climatetech-startup-bnz-green-secures-100k-in-pre-seed-round/
Bull Agritech,https://www.bullagritech.in/,0.1,,Agritech,Ahmedabad,2024-03-20,https://entrackr.com/2024/03/agri-supply-chain-startup-bull-agritech-raises-100k/
Yenmo,https://yenmo.in/,0.5,Seed,Fintech - Lending,Bengaluru,2024-03-22,https://economictimes.indiatimes.com/tech/funding/fintech-startup-yenmo-secures-500000-in-funding-round-led-by-y-combinator/articleshow/108708045.cms
Avanse Financial Services,https://www.avanse.com/,120,,Fintech - Lending,Mumbai,2024-03-26,https://economictimes.indiatimes.com/industry/services/education/avanse-financial-services-secures-rs-1000-crore-investment-from-mubadala-and-avendus-pe/articleshow/108783536.cms?from=mdr
Sharechat,https://sharechat.com/,49,Debt,Social Media,Bengaluru,2024-03-27,https://entrackr.com/2024/03/google-backed-sharechat-raises-49-mn-debt/
Aye Finance,https://www.ayefin.com/,16.4,Debt,Fintech - Lending,Gurugram,2024-03-27,https://inc42.com/buzz/aye-finance-secures-inr-137-cr-debt-from-german-fund-invest-in-visions/
Sindhuja Microcredit,https://sindhujamicrocredit.com/,14.5,Series C,Fintech - Lending,Noida,2024-03-28,https://entrackr.com/2024/03/sindhuja-microcredit-raises-rs-120-cr-in-series-c-round/
AdOnMe,https://www.adonmo.com/,7,Series B,Adtech,Hyderabad,2024-03-26,https://entrackr.com/2024/03/exclusive-zomato-backed-adonmo-raises-7-mn/
Bambrew,https://www.bambrew.in/,7,Equity Series A + Debt,Cleantech,Bengaluru,2024-03-29,https://entrackr.com/2024/03/bambrew-raises-rs-60-cr-led-by-blume-ventures/
SuperK,https://www.superk.in/,6,Series B,Supermarket chain - grocery,Bengaluru,2024-03-27,https://inc42.com/buzz/superk-nets-6-mn-to-offer-walk-in-retail-stores-to-small-towns/
MobiKwik,https://www.mobikwik.com/,6,Debt,Fintech,Gurugram,2024-03-28,https://entrackr.com/2024/03/exclusive-ahead-of-ipo-mobikwik-raises-debt-from-blacksoil-capital-2/
Aeria,https://www.aeria.world/,1.8,Pre-Seed,Real Estate,Gurugram,2024-03-26,https://economictimes.indiatimes.com/tech/funding/real-estate-management-platform-aeria-secures-1-8-million-in-funding-led-by-kalaari-capital/articleshow/108785063.cms
Woodsmen Mountain Whiskey,http://www.ginglanidistillers.com/,1.5,Series A,F&B - Alcohol,Delhi,2024-03-27,https://inc42.com/buzz/alco-beverage-startup-woodsmen-mountain-whiskey-bags-funding-from-anthill-others/
JustDeliveries,https://justdeliveries.co.in/,1,Pre-Series A,Logistics,Mumbai,2024-03-26,https://economictimes.indiatimes.com/tech/funding/logistics-startup-justdeliveries-raises-1-million-in-funding-led-by-nabventures/articleshow/108792448.cms
KreditBee,https://www.kreditbee.in/,9.4,Series D,Fintech - Digital Lending,Bengaluru,2024-03-29,https://entrackr.com/2024/03/fintech-firm-kreditbee-recharges-series-d-round-with-9-4-mn/
Ola Electric,https://www.olaelectric.com/,50,Debt,EV,Bengaluru,2024-04-01,https://entrackr.com/2024/04/ipo-bound-ola-electric-raises-50-mn-debt-from-evolutionx/
SingleInterface,https://www.singleinterface.com/,30,,SaaS,Gurugram,2024-04-04,https://entrackr.com/2024/04/marketing-saas-startup-singleinterface-raises-30-mn-led-by-asia-partners/
Namdev Finvest,https://www.namfin.in/,19,Pre-Series C,Fintech - NBFC Lending,Jaipur,2024-04-02,https://inc42.com/buzz/nbfc-namdev-finvest-bags-19-mn-to-deepen-presence-in-rural-india/
Nivara Home Finance,https://nivarahousing.com/,10,,Fintech - Lending,Bengaluru,2024-04-04,https://entrackr.com/2024/04/nivara-home-finance-raises-10-mn-from-baring-private-equity-india/
Traya,https://traya.health/,8.97,Series A,E-Commerce - Health and Wellness,Mumbai,2024-04-02,https://entrackr.com/2024/04/traya-secures-rs-75-cr-from-xponentia-capital/
BeepKart,https://beepkart.com/,6.5,Series A,E-Commerce - Used 2-Wheelers,Bengaluru,2024-04-03,https://entrackr.com/2024/04/exclusive-beepkart-bags-6-5-mn-in-extended-series-a-round/
Innoviti Technologies,https://innoviti.com/,4.786,Series E,Fintech - POS and Payment Gateway,Bengaluru,2024-04-01,https://entrackr.com/2024/04/innoviti-kicks-off-series-e-round-with-rs-40-cr-led-by-bessemer/
M2P Fintech,https://m2pfintech.com/,4.189,Debt,Fintech,Chennai,2024-04-01,https://entrackr.com/2024/04/exclusive-m2p-fintech-raises-debt-funding-from-anicut-capital/
Planys Technologies,https://planystech.com/,4,Pre-Series A,Robotics,Chennai,2024-04-03,https://entrackr.com/2024/04/exclusive-deeptech-startup-planys-raises-4-mn/
Rocksport,https://rocksport.in/,3,Series A,Adventure Sport,Delhi,2024-04-03,https://entrackr.com/2024/04/mahindra-backed-rocksport-raises-funds-at-30-mn-valuation/
Metalbook,https://www.metalbook.co.in/,3,Debt,B2B E-Commerce - Metals,Gurugram,2024-04-03,https://entrackr.com/2024/04/metalbook-raises-rs-25-cr-debt-from-northern-arc/
Bombay Shaving Company,https://www.bombayshavingcompany.com/,2.87,Debt,E-Commerce - Personal care and grooming,Gurugram,2024-04-01,https://inc42.com/buzz/exclusive-bombay-shaving-company-raises-inr-24-cr-debt-from-alteria-capital/
Wify,https://home.wify.co.in/,2.1,Pre-Series A,Construction and Home Improvement,Mumbai,2024-04-02,https://entrackr.com/2024/04/exclusive-wify-bags-2-million-in-pre-series-a-round/
Assembly,https://assemblytravel.com/,2.1,Seed,E-Commerce - Travel Bags,Gurugram,2024-04-02,https://inc42.com/buzz/travel-and-lifestyle-startup-assembly-bags-2-1-mn-from-prath-ventures-others/
Vodex.ai,https://vodex.ai/,2,Seed,AI,Bengaluru,2024-04-03,https://entrackr.com/2024/04/gen-ai-saas-startup-vodex-raises-2-mn-in-seed-round/
ONO,https://www.onoark.com/,1.3,Seed,Agritech,Bengaluru,2024-04-03,https://entrackr.com/2024/04/crop-price-and-mandi-discovery-platform-ono-raises-seed-round/
Hudle,https://hudle.in/,0.84,Pre-Series A,Sportstech,Delhi,2024-04-04,https://entrackr.com/2024/04/hudle-raises-rs-7-cr-in-pre-series-a-round/
Mave Health,https://www.mavehealth.com/,0.72,Pre-Seed,Healthtech,Bengaluru,2024-04-03,https://entrackr.com/2024/04/mave-health-raises-rs-6-cr-led-by-all-in-capital-and-iseed-fund/
The Fresh Press,https://thefreshpress.in/,,Pre-Series A,E-Commerce - Juice,Mumbai,2024-04-02,https://inc42.com/buzz/juice-startup-the-fresh-press-nets-funding-from-gruhas-collective-consumer-fund-for-expansion/
SatSure,https://www.satsure.co/,,Series A,Spacetech,Bengaluru,2024-04-02,https://inc42.com/buzz/spacetech-startup-satsure-bags-funding-to-improve-credit-access-for-agri-sector/
Neysa,https://www.neysa.ai/,20,Seed,AI - SaaS,Mumbai,2024-04-10,https://entrackr.com/2024/04/gen-ai-startup-neysa-raises-20-mn-from-matrix-nexus-and-nttvc/
Recykal,https://recykal.com/,13,Series B,Waste Management,Kondapur,2024-04-10,https://entrackr.com/2024/04/exclusive-morgan-stanley-backed-recykal-raises-nearly-10-mn-in-ongoing-round/
Axio,https://axio.co.in/,6,Debt,Fintech - Lending,Bengaluru,2024-04-08,https://inc42.com/buzz/exclusive-digital-lender-axio-raises-6-mn-debt-from-alteria-capital/
ClaimBuddy,https://entrackr.com/2024/04/exclusive-5c-network-raises-3-mn-in-a-new-round/,5,Series A,Insurance,Gurugram,2024-04-12,https://entrackr.com/2024/04/exclusive-claimbuddy-bags-new-investment-from-bharat-innovation-fund/
Butterfly Learnings,https://www.butterflylearnings.com/,3.82,Series A,Healthcare,Thane,2024-04-11,/04/butterfly-learnings-raises-rs-32-cr-in-series-a-round/
5C Network,https://www.5cnetwork.com/,3,,Healthcare,Bengaluru,2024-04-12,https://entrackr.com/2024/04/exclusive-5c-network-raises-3-mn-in-a-new-round/
EyeMyEye,https://www.eyemyeye.com/,2.5,Pre-Series A,E-Commerce - Eyewear,Gurugram,2024-04-11,https://entrackr.com/2024/04/exclusive-eyemyeye-raises-2-5-mn-in-a-new-tranche/
PlatinumRx,https://www.platinumrx.in/,0.8,Seed,Healthcare E-Commerce - Medicine,Bengaluru,2024-04-08,https://entrackr.com/2024/04/platinumrx-raises-800k-funding-led-by-indiaquotient/
AutoNxt Automation,https://www.autonxt.in/,,Pre-Series A,EV - Tractors,Thane,2024-04-09,https://entrackr.com/2024/04/autonxt-automation-raises-pre-series-a-round-led-by-saama-capital/
Paytring,https://paytring.com/,,Pre-Seed,Fintech,Gurugram,2024-04-09,https://entrackr.com/2024/04/fintech-startup-paytring-closes-pre-seed-round-from-unlimit/
RING,https://paywithring.com/,100,Debt,Fintech - Lending,Mumbai,2024-04-17,https://entrackr.com/2024/04/consumer-lending-app-ring-raises-rs-100-cr-debt-from-trifecta-capital/
GPS Renewables,https://gpsrenewables.com/,50,Debt,CleanTech,Bengaluru,2024-04-16,https://inc42.com/buzz/gps-renewables-raises-50-mn-debt-funding-to-build-biogas-plants-across-india/
Sharechat,https://sharechat.com/,49,Debt,Social Media,Bengaluru,2024-04-15,https://entrackr.com/2024/03/google-backed-sharechat-raises-49-mn-debt/
Altum Credo,https://altumcredo.com/,40,Series C,Fintech - Lending,Pune,2024-04-18,https://entrackr.com/2024/04/altum-credo-raises-40-mn-in-series-c-provides-partial-exit-to-early-backers/
ProcMart,https://www.procmart.com/,30,Series B,B2B E-Commerce,Noida,2024-04-16,https://entrackr.com/2024/04/procmart-raises-30-mn-in-series-b-round-led-by-fundamentum-and-edelweiss/
Ecozen,https://www.ecozensolutions.com/,30,Equity + Debt,Agritech,Pune,2024-04-19,https://entrackr.com/2024/04/agri-focused-deeptech-startup-ecozen-raises-30-mn/
JJG Aero,https://www.jjgmachining.com/,12,,Aerospace,Bengaluru,2024-04-15,https://entrackr.com/2024/04/jjg-aero-raises-12-mn-from-cx-partners/
Beyond Odds Technologies,https://www.emversity.com/,11,Seed,Edtech,Bengaluru,2024-04-18,https://entrackr.com/2024/04/former-unacademy-coo-vivek-sinha-raises-11-mn-for-his-new-startup/
Varthana,https://varthana.com/,10,Debt,Fintech - Education Lending,Bengaluru,2024-04-15,https://inc42.com/buzz/varthana-bags-10-mn-debt-funding-to-offer-loans-to-affordable-private-schools/
Wow Momo,https://www.wowmomo.com/,9,Series D,QSR,Kolkata,2024-04-17,https://entrackr.com/2024/04/wow-momo-raises-9-mn-more-in-series-d-round/
Lightfury Games,https://lightfurygames.com/,8.5,Seed,Gaming,,2024-04-17,https://entrackr.com/2024/04/lightfury-games-raises-8-5-mn-in-seed-round-led-by-blume/
FincFriends,https://fincfriends.com/,7.8,Equity + Debt,Fintech - NBFC Lending,Bengaluru,2024-04-15,https://inc42.com/buzz/rupeeredees-nbfc-arm-fincfriends-bags-7-8-mn-in-debt-equity/
ClickPost,https://www.clickpost.ai/,6,Series A,SaaS - Logistics,Gurugram,2024-04-16,https://entrackr.com/2024/04/clickpost-raises-6-mn-in-series-a-round/
Good Flippin’ Burgers,https://goodflippin.com/,3.6,Series A,QSR - Burger Chain,Mumbai,2024-04-18,https://entrackr.com/2024/04/exclusive-good-flippin-burgers-raises-capital-from-tanglin-venture/
Medulance,https://medulance.com/,3,Series A,Healthcare,Delhi,2024-04-16,https://entrackr.com/2024/04/medulance-bags-3-mn-in-series-a-round-led-by-alkemi-growth-capital/
Includ,https://includ.com/,1.5,Seed,E-Commerce - Kids Clothing,Gurugram,2024-04-18,https://entrackr.com/2024/04/premium-kidswear-brand-includ-raises-1-5-mn-led-by-incubate-fund-asia/
Amwoodo,https://amwoodo.com/,1,Seed,Sustainability,Kolkata,2024-04-16,https://entrackr.com/2024/04/amwoodo-raises-1-mn-from-zerodha-backed-rainmatter/
Circle of Games,https://circleofgames.com/,1,,Gaming,Bengaluru,2024-04-17,https://entrackr.com/2024/04/circle-of-games-raises-1-mn-from-nazara-and-the-hashgraph-association/
Varco Leg Care,https://varcolegcare.com/,0.5,Seed,Healthcare,Delhi,2024-04-16,https://entrackr.com/2024/04/varco-leg-care-raises-500k-in-seed-funding/
PlanckDOT,https://dotplanck.com/,0.35,Bridge Round,Renewable Energy,Delhi,2024-04-16,https://entrackr.com/2024/04/planckdot-raises-350k-in-bridge-round/
Sapience Automata,https://sapienceautomata.com/,0.21,Seed,AI - Driver Assistance,Bengaluru,2024-04-18,https://entrackr.com/2024/04/driver-assistance-startup-sapience-automata-raises-seed-round/
CloudExtel,https://cloudextel.com/,24,Debt,Network as a Service,Mumbai,2024-04-24,https://economictimes.indiatimes.com/tech/funding/network-as-a-service-provider-cloudextel-raises-rs-200-crore-debt/articleshow/109558788.cms?from=mdr
LetsTransport,https://letstransport.in/,22,Series E,Logistics - Truck Aggregator,Bengaluru,2024-04-24,https://entrackr.com/2024/04/letstransport-bags-22-mn-in-series-e-led-by-bertelsmann/
Dhruva Aerospace,https://www.dhruvaspace.com/,15,Series A,Spacetech,Hyderabad,2024-04-22,https://entrackr.com/2024/04/dhruva-space-raises-15-mn-in-series-a-round/
Plane,https://plane.so/,4,Seed,SaaS - Project Management Software,Hyderabad,2024-04-24,https://entrackr.com/2024/04/tech-startup-plane-raises-4-mn-in-seed-round/
Boba Bhai,https://bobabhai.com/,1.5,Seed,QSR - Tea,Bengaluru,2024-04-24,https://entrackr.com/2024/04/bubble-tea-brand-boba-bhai-raises-rs-12-5-cr-in-seed-round/
Adukale,https://adukale.com/,1.32,Pre-Series A,FMCG,Bengaluru,2024-04-24,https://entrackr.com/2024/04/adukale-raises-rs-11-cr-in-pre-series-a-led-by-force-ventures/
Karban Envirotech,https://karban.in/,1.07,Seed,Electronics Hardware,Jaipur,2024-04-24,https://entrackr.com/2024/04/karban-raises-seed-round-led-by-all-in-capital-titan-capital-and-rainmatter/
BlueWheelz,https://bluwheelz.co.in/,1,Bridge Round,Logistics,Delhi,2024-04-22,https://entrackr.com/2024/04/venture-catalysts-leads-1-mn-bridge-round-in-bluwheelz/
Nabhdrishti Aerospace,https://www.nabhdrishti.in/home,0.36,Pre-Seed,Spacetech,Bengaluru,2024-04-23,https://entrackr.com/2024/04/nabhdrishti-aerospace-raises-pre-seed-round-led-by-iima-ventures/
Control One,https://www.controlone.ai/,0.35,,Robotics - AI,Bengaluru,2024-04-25,https://entrackr.com/2024/04/ai-startup-control-one-raises-350k-in-pre-seed-round/
Flashaid,https://flashaid.in/,2.5,Pre-Series A,Healthcare,Mumbai,2024-04-25,https://entrackr.com/2024/04/healthcare-and-insurtech-startup-flashaid-raises-2-5-mn/
Pharmeasy,https://pharmeasy.in/,216,Pre-IPO,Medtech,Mumbai,2024-04-29,https://entrackr.com/2024/04/exclusive-pharmeasy-raises-216-mn-led-by-memg-at-710-mn-valuation/
Lyskraft,https://lyskraft.com/,26,Seed,Fashion,Gurugram,2024-04-26,https://entrackr.com/2024/04/lyskraft-founded-by-mohit-gupta-and-mukesh-bansal-bags-26-mn-in-seed-round/
Portea Medical,https://www.portea.com/,20,Series E,Healthcare,Bengaluru,2024-04-29,https://entrackr.com/2024/04/exclusive-ipo-bound-portea-medical-raises-20-mn-via-right-issue/
Charge Zone,https://chargezone.com/,19,Series B,EV Charging,Vadodara,2024-04-30,https://entrackr.com/2024/04/ev-charging-infra-startup-charge-zone-scoops-up-19-mn/
BankBazaar,https://www.bankbazaar.com/,15.6,Series D,Fintech,Chennai,2024-04-26,https://entrackr.com/2024/04/tech-startup-plane-raises-4-mn-in-seed-round/
Niqo Robotics,https://niqorobotics.com/,9,Series B,Agritech Robotics,Bengaluru,2024-05-01,https://entrackr.com/2024/05/exclusive-niqo-robotics-raises-9-mn-in-a-new-round/
Infinity Fincorp,,8,Series A,Fintech,Mumbai,2024-05-02,https://inc42.com/buzz/infinity-fincorp-nets-additional-8-mn-to-boost-credit-accessibility-for-micro-entrepreneurs/
BRISKPE,https://briskpe.com/,5,Seed,Payments,Mumbai,2024-04-29,https://entrackr.com/2024/04/payu-invests-5-mn-in-cross-border-payments-startup-briskpe/
Go Desi,https://godesi.in/,4.9,Bridge Round,Food-processing,Bengaluru,2024-05-02,https://inc42.com/buzz/go-desi-bags-inr-41-cr-to-commercialise-age-old-indian-treats/
CheQ,https://www.cheq.one/,4.5,Seed,Fintech,Bengaluru,2024-04-26,https://entrackr.com/2024/04/exclusive-creds-competitor-cheq-secures-4-5-mn/
Assert AI,https://www.assertai.com/,4,Series A,SaaS,Mumbai,2024-04-29,https://entrackr.com/2024/04/computer-vision-saas-startup-assert-ai-raises-4-mn/
Dexif,https://www.dexif.in/,4,Seed,Fintech,Noida,2024-05-02,https://entrackr.com/2024/05/fixed-income-startup-dexif-raises-4-mn/
DaMENSCH,https://www.damensch.com/,2.5,Series B,D2C Lifestyle,Bengaluru,2024-05-02,https://entrackr.com/2024/05/exclusive-damensch-raises-fresh-capital-from-existing-investors-at-flat-valuation/
Fresh From Farm,https://thefreshfromfarm.com/,2,Pre-Series A,Agri-produce,Delhi,2024-05-02,https://entrackr.com/2024/05/fresh-from-farm-raises-2-mn-in-pre-series-a-round/
MatchLog Solutions,https://matchlog.delivery/,1.5,Pre-Series A,Logistics,Mumbai,2024-04-25,https://entrackr.com/2024/04/matchlog-solutions-raises-1-5-mn-in-pre-series-a-round/
Reelo,https://www.reelo.io/,1,Angel,Customer Loyalty & Marketing,Ahmedabad,2024-04-29,https://entrackr.com/2024/04/reelo-raises-1-mn-from-gokul-rajaram/
PointO,https://www.pointo.in/,0.74,Seed,EV-Battery,Kolkata,2024-04-30,https://entrackr.com/2024/04/equirus-innovatex-fund-leads-seed-round-in-pointo/
GreenCell Mobility,https://greencellmobility.com/,36.76,Debt,EV,Mumbai,2024-05-08,https://infra.economictimes.indiatimes.com/news/urban-transportation/greencell-mobility-gets-rs-307-cr-financing-from-sumitomo-mitsui-for-electric-buses-in-up/109933860
Superplum,https://superplum.com/,15,Series A,Agritech,Noida,2024-05-06,https://entrackr.com/2024/05/agritech-startup-superplum-raises-15-mn-in-series-a-round/
Lendingkart,https://www.lendingkart.com/,10,,Fintech - Lending,Ahmedabad,2024-05-07,https://inc42.com/buzz/lendingkart-pockets-10-mn-for-onward-lending-to-small-businesses/
Poshn,https://poshn.co/,6,Pre-Series A,Agritech,Delhi,2024-05-06,https://yourstory.com/2024/05/delhi-foodtech-startup-poshn-secures-6-million-pre-series-a-round-prime-ventures-partners
Myelin Foundry,https://www.myelinfoundry.com/,4,,AI,Bengaluru,2024-05-08,https://entrackr.com/2024/05/myelin-foundry-raises-4-mn-led-by-sidbi-venture-capital/
Ecozen,https://ecozensolutions.com/,2.87,,Agritech,Pune,2024-05-06,https://inc42.com/buzz/coromandel-international-increases-stake-in-ecozen-with-inr-24-cr-investment/
Parseable,https://www.parseable.com/,2.75,Seed,Analytics,Bengaluru,2024-05-07,https://entrackr.com/2024/05/log-analytics-startup-parseable-raises-2-75-mn-in-seed-round-from-surge-others/
BharatRohan,https://bharatrohan.in/,2.3,Pre-IPO,Agritech - Drone,Gurugram,2024-05-07,https://entrackr.com/2024/05/agritech-startup-bharatrohan-raises-2-3-mn-in-pre-ipo-round/
Cornext,https://www.cornext.in/,2.2,Seed,Agritech,Hyderabad,2024-05-07,https://entrackr.com/2024/05/fodder-ecosystem-builder-cornext-raises-2-2-mn-from-omnivore/
Regrip,https://regrip.in/,2,,Tyre maker,Gurugram,2024-05-07,https://inc42.com/buzz/refurbished-tyre-startup-regrip-nets-funding-from-siriusone/
ICON,https://icon.in/,1.2,Seed,E-Commerce - D2C Luggage Brand,Ahmedabad,2024-05-07,https://entrackr.com/2024/05/icon-raises-1-2-mn-in-seed-round-from-dsg-consumer-partners-others/
Atomgrid,https://www.atomgrid.in/,1.2,Seed,Chemical Manufacturer,Bengaluru,2024-05-08,https://inc42.com/buzz/atomgrid-bags-funding-to-boost-specialty-chemicals-export/
Eternz,https://www.eternz.com/,1.15,Pre-Seed,Ecommerce - Jewellery,Bengaluru,2024-05-07,https://entrackr.com/2024/05/eternz-raises-1-15-mn-in-pre-seed-funding-led-by-kae-capital/
Select Brands,https://www.selectbrands.in/,0.778,Pre-Series A,E-Commerce,Indore,2024-05-07,https://entrackr.com/2024/05/jiif-incubated-startup-select-brands-raises-6-5-cr-in-pre-series-a/
50Fin,https://www.50fin.in/,0.55,Seed,Fintech - Lending,Bengaluru,2024-05-06,https://entrackr.com/2024/05/50fin-raises-550k-led-by-arali-ventures-and-nitin-gupta/
Treacle,https://www.treacletech.com/,0.479,Pre-Seed,Cybersecurity,Howrah,2024-05-09,https://entrackr.com/2024/05/cybersecurity-startup-treacle-raises-pre-seed-round-led-by-ipv/
Meesho,https://www.meesho.com/,275,,E-Commerce,Bengaluru,2024-05-10,https://techcrunch.com/2024/05/10/meesho-an-indian-social-commerce-with-150m-transacting-users-secures-275m-in-new-funding/
Battery Smart,https://www.batterysmart.in/,45,Series B,EV - Battery,Gurugram,2024-05-16,https://entrackr.com/2024/05/battery-smart-mops-up-45-mn-in-new-funding-round/
Propelld,https://propelld.com/,25,Debt,Fintech - Edtech Lending,Bengaluru,2024-05-17,https://entrackr.com/2024/05/propelld-raises-25-mn-debt-for-nbfc-arm-edgro/
RED.Health,https://www.red.health/,20,Series B,Ambulance Service Provider,Hyderabad,2024-05-15,https://entrackr.com/2024/05/ambulance-startup-red-health-raises-20-mn-in-series-b-round/
Stanza Living,https://www.stanzaliving.com/,13,,Managed Accommodation,New Delhi,2024-05-18,https://entrackr.com/2024/05/exclusive-stanza-living-raises-13-mn-led-by-alpha-wave/
Rupeek,https://rupeek.com/,5.98,,Fintech - Gold Loan,Bengaluru,2024-05-14,https://entrackr.com/2024/05/exclusive-rupeek-raises-fresh-funds-at-60-valuation-cut/
Celcius Logistics,https://www.celcius.in/,4.79,Pre-Series B,Cold-chain marketplace,Mumbai,2024-05-14,https://entrackr.com/2024/05/celcius-logistics-raises-rs-40-cr-in-pre-series-b-round/
SolarSquare,https://www.solarsquare.in/,4.2,,Cleantech - Solar,Mumbai,2024-05-16,https://entrackr.com/2024/05/exclusive-solarsquare-raises-fresh-funds-from-zerodha-gruhas-others/
Matel Motion,https://matel.co.in/,4,Series A,EV - Powertrain and Motor Control Units Maker,Pune,2024-05-16,https://entrackr.com/2024/05/matel-raises-4-mn-in-series-a-round/
Highperformr,https://www.highperformr.ai/,3.5,Seed,SaaS - Marketing,Chennai,2024-05-14,https://entrackr.com/2024/05/marketing-saas-platform-highperformr-ai-bags-3-5-mn-in-seed-round/
OTPless,https://otpless.com/home,3.5,Pre-Series A,Fintech - Security,Delhi,2024-05-16,https://entrackr.com/2024/05/bhavik-koladiya-led-otpless-raises-3-5-mn-led-by-sidbi/
Stupa Sports Analytics,https://stupaanalytics.com/,3.35,Pre-Series A,Sports Analytics,Delhi,2024-05-15,https://entrackr.com/2024/05/stupa-sports-analytics-raises-rs-2-8-cr-in-pre-series-a-round/
DrinkPrime,https://drinkprime.in/,3,,IoT-enabled Water Purifier,Bengaluru,2024-05-15,https://entrackr.com/2024/05/drinkprime-raises-3-mn-from-sidbi-ventures/
InstaAstro,https://instaastro.com/,2.3,Pre-Series A,Online Astrology,Noida,2024-05-16,https://entrackr.com/2024/05/instaastro-raises-2-3-mn-led-by-artha-venture-fund/
BimaPay,https://bimapay.in/,2,,Insurtech,Delhi,2024-05-14,https://inc42.com/buzz/bimapay-nets-2-mn-to-offer-tech-based-insurance-solutions/
Infurnia,https://www.infurnia.com/,1.2,Angel,SaaS,Bengaluru,2024-05-15,https://entrackr.com/2024/05/saas-startup-infurnia-raises-1-2-mn-in-angel-round/
BEYOBO,https://beyobo.com/,0.8,Pre-Series A,E-Commerce - B2B Cross-border,Delhi,2024-05-13,https://entrackr.com/2024/05/b2b-cross-border-e-com-startup-beyobo-raises-rs-6-7-cr/
Sarla Aviation,https://sarla-aviation.com/,,Pre-Seed,EV - Flying Taxi,Bengaluru,2024-05-13,https://www.theweek.in/wire-updates/business/2024/05/13/dcm44-campus-fund.html
The Beat Leaf Co,https://thebetelleafco.com/,1.2,Seed Bridge Round,E-Commerce - D2C Paan,Bengaluru,2024-05-16,https://entrackr.com/2024/05/d2c-paan-brand-the-betel-leaf-raises-1-2-mn-in-bridge-round/
Navi,https://navi.com/,18,,Fintech,Bengaluru,2024-05-22,https://entrackr.com/2024/05/exclusive-sachin-bansals-navi-raises-rs-150-cr-via-ncds/
Dvara Kshetriya Gramin Financials,https://www.dvarakgfs.com/,10,Debt,Fintech - Lending,Chennai,2024-05-24,https://entrackr.com/2024/05/dvara-kgfs-bags-10-mn-in-debt-round/
Varthana,https://varthana.com/,3,Debt,Fintech - Education Lending,Bengaluru,2024-05-20,https://entrackr.com/2024/05/varthana-raises-3-mn-from-triodos-investment-management/
NoPo Nanotechnologies,https://www.noponano.com/,3,Pre-Series A,Nanotechnology,Bengaluru,2024-05-22,https://entrackr.com/2024/05/nopo-nanotechnologies-raises-3-mn-in-pre-series-a-round/
Portl,https://portl.co/,3,,Healthtech,Hyderabad,2024-05-23,https://entrackr.com/2024/05/portl-bags-3-mn-from-bharat-innovation-fund/
Foxy,https://www.foxy.in/,2.6,,E-Commerce,New Delhi,2024-05-24,https://entrackr.com/2024/05/exclusive-lightspeed-backs-ekaneks-foxy-almost-after-four-years/
Mynvax,https://mynvax.com/,2.6,Extended Series A,Biotech,Bengaluru,2024-05-24,https://entrackr.com/2024/05/exclusive-accel-backed-biotech-startup-mynvax-raises-fresh-funds/
Vaaree,https://vaaree.com/,2.5,Pre-Series A,Home Decor,Bengaluru,2024-05-24,https://entrackr.com/2024/05/exclusive-home-decor-startup-vaaree-kicks-off-new-round/
SuperKalam,https://superkalam.com/,2,Seed,Edtech,Bengaluru,2024-05-22,https://entrackr.com/2024/05/superkalam-raises-2-mn-in-seed-round-led-by-y-combinator-others/
ProsParity,,2,Pre-Seed,Fintech - EV Financing,Mumbai,2024-05-23,https://entrackr.com/2024/05/prosparity-raises-2-mn-pre-seed-round-from-beenext-others/
KonProz,https://konprozgpt.com/,0.7,Seed,AI,Delhi,2024-05-20,https://entrackr.com/2024/05/gen-ai-startup-konproz-raises-700k/
Humors Tech,https://humorstech.com/,0.24,Pre-Seed,Healthcare,Bengaluru,2024-05-21,https://entrackr.com/2024/05/venture-catalysts-leads-pre-seed-round-in-humors-tech/
Freshleaf,https://freshleafteas.in/,0.12,Seed,E-Commerce - D2C Tea Brand,Ludhiana,2024-05-23,https://entrackr.com/2024/05/premium-tea-brand-freshleaf-raises-seed-round/
Infra.Market,https://infra.market/,50,,Construction Tech,Thane,2024-05-28,https://entrackr.com/2024/05/infra-market-raises-50-mn-from-mars-unicorn-fund-2/
Euler Motor,https://www.eulermotors.com/en,24,Series C,EV,New Delhi,2024-05-29,https://entrackr.com/2024/05/euler-motors-raises-24-mn-led-by-piramal-alternatives/
TechnoSport,https://www.technosport.in/,21,,E-Commerce - Sportswear,TIruppur,2024-05-31,https://entrackr.com/2024/05/performance-wear-brand-technosport-raises-21-mn-from-a91-partners/
Libas,https://www.libas.in/,18,,E-Commerce - Fashion,New Delhi,2024-05-30,https://entrackr.com/2024/05/libas-raises-18-mn-in-maiden-external-round-from-icici-ventures-fund/
Zypp Electric,https://zypp.app/,14,Series C,EV,Bengaluru,2024-05-27,https://entrackr.com/2024/05/zypp-electric-secures-14-mn-from-eneos/
Rebel Foods,https://www.rebelfoods.com/,13.2,Debt,E-Commerce - Food delivery,Mumbai,2024-05-30,https://entrackr.com/2024/05/exclusive-rebel-foods-raises-13-mn-debt/
Country Delight,https://countrydelight.in/,9,Equity + Debt,Dairy Brand,Gurugram,2024-05-31,https://entrackr.com/2024/05/exclusive-country-delight-raises-9-mn-through-debt-and-equity/
High Street Essentials,https://www.faballey.com/,6,Debt + Equity,E-Commerce - Fashion,Delhi,2024-05-27,https://entrackr.com/2024/05/indya-and-faballeys-parent-high-street-essentials-raises-6-mn/
Turno,https://www.turno.club/,5.5,,EV Marketplace,Bengaluru,2024-05-27,https://entrackr.com/2024/05/exclusive-ev-startup-turno-raises-5-5-mn-led-by-bii/
Vegapay,https://www.vegapay.tech/,5.5,,Fintech,Gurugram,2024-05-30,https://economictimes.indiatimes.com/tech/startups/b2b-fintech-startup-vegapay-raises-5-5-million-from-elevation-capital/articleshow/110541182.cms
DiFACTO,https://difacto.com/,4.8,,Robotics,Bengaluru,2024-05-27,https://entrackr.com/2024/05/robotics-startup-difacto-raises-4-8-mn/
Flam,https://www.flamapp.ai/,4.5,Pre-Series A,AI Mixed Reality,Bengaluru,2024-05-28,https://entrackr.com/2024/05/flam-bags-rs-38-cr-in-pre-series-a-round/
Wealthy,https://www.wealthy.in/,4.5,,Fintech - Wealth Management,Bengaluru,2024-05-30,https://entrackr.com/2024/05/exclusive-wealthy-raises-fresh-capital-alpha-wave/
CoverSure,https://www.coversure.in/,4,Pre-Series A,Insurtech,Mumbai,2024-05-27,https://entrackr.com/2024/05/insurtech-startup-coversure-raises-4-mn-in-pre-series-a-round/
Fyllo,https://fyllo.in/,4,,Agritech,Bengaluru,2024-05-30,https://entrackr.com/2024/05/fyllo-raises-4-mn-led-by-india-quotient-and-sidbi-ventures/
FarMart,https://www.farmart.co/,2.8,,SaaS- Agritech,Gurugram,2024-05-29,https://entrackr.com/2024/05/farmart-raises-funds-from-swiss-based-responsability-investments/
Maxvolt Energy,https://www.maxvoltenergy.com/,1.5,Seed,EV Battery Maker,Noida,2024-05-28,https://www.thehindubusinessline.com/companies/maxvolt-energy-secures-15-million-from-angel-investors/article68224311.ece
AbleCredit,https://ablecredit.com/,1.25,Seed,AI Fintech - Credit Underwriting,Bengaluru,2024-05-28,https://entrackr.com/2024/05/ablecredit-raises-seed-round-led-by-merak-ventures/
Gravity,https://gravity.ind.in/,1,Pre-Series A,Banking Tech,Mumbai,2024-05-28,https://entrackr.com/2024/05/banking-tech-platform-gravity-raises-1-mn-led-by-kettleborough-vc/
CirclePe,https://circlepe.com/,1,Pre-Seed,Fintech,Gurugram,2024-05-27,https://entrackr.com/2024/05/circlepe-raises-close-to-1-mn-in-pre-seed-round/
Logistiex,https://www.logistiex.com/,0.25,Bridge Round,E-Commerce,Bengaluru,2024-05-30,https://entrackr.com/2024/05/logistiex-raises-250k-in-bridge-round/
Hyperleap AI,https://hyperleap.ai/,0.225,Pre-Seed,Gen AI,Hyderabad,2024-05-27,https://entrackr.com/2024/05/hyderabad-based-hyperleap-ai-launches-generative-ai-platform-post-225k-pre-seed-round/
Ather Energy,https://www.atherenergy.com/,34.5,Equity + Debt,EV,Bengaluru,2024-05-31,https://entrackr.com/2024/05/exclusive-ather-energy-raises-34-5-mn-co-founders-invest-over-10-mn/
Lenskart,https://www.lenskart.com/,200,Secondary,Eyewear Retailer,Gurugram,2024-06-03,https://entrackr.com/2024/06/lenskart-raises-200-mn-in-secondary-round/
Fibe,https://www.fibe.in/,90,Series E,Fintech - Digital Lending,Pune,2024-06-05,https://entrackr.com/2024/06/exclusive-consumer-lending-startup-fibe-raises-66-mn/
Ather Energy,https://www.atherenergy.com/,15,,EV,Bengaluru,2024-06-07,https://entrackr.com/2024/06/hero-motocorp-invests-rs-124-cr-in-ather-energy-now-controls-nearly-42-stake/
Lendingkart,https://www.lendingkart.com/,13,Debt + Equity,Fintech - Lending,Ahmedabad,2024-06-03,https://entrackr.com/2024/06/exclusive-lendingkart-raises-rs-100-cr-debt-from-stride-ventures/
AstroTalk,https://astrotalk.com/,9.5,Extended Series A,Online Astrology,Noida,2024-06-03,https://entrackr.com/2024/06/exclusive-astrotalk-raises-9-5-mn-at-a-valuation-of-300-mn/
Testsigma,https://testsigma.com/,8.2,,AI-based Test Automation,Bengaluru,2024-06-05,https://entrackr.com/2024/06/testsigma-raises-8-2-mn-led-by-massmutual-ventures/
LogicLadder,https://www.logicladder.com/,2.5,Series A,Climate Tech - SaaS,Gurugram,2024-06-04,https://entrackr.com/2024/06/logicladder-raises-2-5-mn-in-series-a-round/
Clodura,https://www.clodura.ai/,2,Pre-Series A,AI-based sales platform,Pune,2024-06-06,https://entrackr.com/2024/06/clodura-ai-raises-2-mn-led-by-bharat-innovation-fund/
Maino.ai,https://maino.ai/,1.8,,Digital Marketing Automation,Bengaluru,2024-06-06,https://entrackr.com/2024/06/digital-marketing-automation-startup-maino-ai-raises-1-8-mn/
CHOSEN,https://chosenstore.in/,1.2,Seed,E-Commerce,Chennai,2024-06-06,https://entrackr.com/2024/06/skin-care-startup-chosen-raises-1-2-mn-in-seed-round/
Docplix,https://docplix.com/,0.144,Bridge Round,Healthcare,Lucknow,2024-06-06,https://entrackr.com/2024/06/healthtech-startup-docplix-raises-rs-1-2-cr-in-bridge-round/
Battery Smart,https://www.batterysmart.in/,65,Series B,EV - Battery,Gurugram,2024-06-11,https://entrackr.com/2024/06/battery-smart-raises-65-mn-in-series-b-round/
Indkal Technologies,https://acertvindia.com/,36,Series A,Consumer Electronics,Bengaluru,2024-06-13,https://entrackr.com/2024/06/consumer-electronics-startup-indkal-raises-36-mn-in-series-a/
Foxtale,https://foxtale.in/,18,Series B,E-Commerce - Skincare,Mumbai,2024-06-12,https://entrackr.com/2024/06/d2c-skincare-brand-foxtale-scoops-up-18-mn-led-by-panthera-growth-partners/
Ethereal Machines,https://etherealmachines.com/,13,Series A,Manufacturing,Bengaluru,2024-06-13,https://entrackr.com/2024/06/ethereal-machines-raises-13-mn-led-by-peak-xv-and-steadview/
Ola Electric,https://www.olaelectric.com/,12,Debt,EV,Bengaluru,2024-06-11,https://entrackr.com/2024/06/exclusive-ola-electric-raises-rs-100-cr-debt-ahead-of-ipo/
Smartworks,https://www.smartworksoffice.com/,12,,Managed Office Space,Gurugram,2024-06-11,https://inc42.com/buzz/smartworks-raises-12-mn-from-ananta-capital-others/
Arthan Finance,https://www.arthan.finance/,6,Series B,Fintech - NBFC Lending,Mumbai,2024-06-10,https://entrackr.com/2024/06/arthan-finance-raises-rs-50-cr-in-series-b-round/
Indigrid Technology,https://www.indigridtechnology.com/,5,,EV,Manesar,2024-06-13,https://yourstory.com/2024/06/funding-indigrid-technology-5-million-cactus-partners
JCB Salons,https://biguineindia.co.in/,4.8,,Salon Chain,Mumbai,2024-06-11,https://entrackr.com/2024/06/jcb-salons-india-raises-rs-40-cr-from-blacksoil-for-strategic-expansion/
Skye Air,https://www.skyeair.tech/,4,Series A,Drone,Delhi,2024-06-12,https://entrackr.com/2024/06/drone-logistics-startup-skye-air-raises-4-mn-in-series-a-round/
Swaayatt Robots,https://www.swaayattrobots.com/,4,,Autonomous Car Maker,Bhopal,2024-06-10,https://yourstory.com/2024/06/swaayatt-robots-autonomous-driving-startup-raised-4million-funding
CredAble,https://www.credable.in/,3.6,Debt,Fintech,Mumbai,2024-06-12,https://entrackr.com/2024/06/credable-raises-rs-30-cr-from-sidbi/
Palette Brands,https://palettebrands.in/,2,Pre-Series A,D2C Consumer Brands,Bengaluru,2024-06-12,https://entrackr.com/2024/06/d2c-brand-palette-brands-raises-2-mn-in-pre-series-a-round/
Finsall,https://finsall.com/,1.8,Bridge,Fintech - Insurance,Bengaluru,2024-06-12,https://entrackr.com/2024/06/finsall-raises-rs-15-cr-led-by-unicorn-india-ventures-and-seafund/
Clapingo,https://clapingo.com/,,,Edtech - English Language Learning,Delhi,2024-06-11,https://entrackr.com/2024/06/on-demand-english-tutoring-platform-clapingo-raises-pre-series-a-round/
RENEE Cosmetics,https://www.reneecosmetics.in/,12,Series B,E-Commerce - D2C Beauty Brand,Ahmedabad,2024-06-13,https://entrackr.com/2024/06/exclusive-renee-cosmetics-to-raise-rs-100-cr-at-a-valuation-of-rs-1400-cr/
Zepto,https://www.zeptonow.com/,665,Series F,"E-Commerce - Quick Commerce, Grocery Delivery",Mumbai,2024-06-20,https://entrackr.com/2024/06/quick-commerce-zepto-raises-665-mn-at-3-6-bn-valuation/
Ummeed Housing Finance,https://ummeedhfc.com/en,76,Series F,Fintech - Lending,Gurugram,2024-06-19,https://economictimes.indiatimes.com/markets/stocks/news/ummeed-housing-finance-raises-rs-630-cr-equity/articleshow/111099046.cms
Aye Finance,https://www.ayefin.com/,30,Debt,Fintech - SME Lending,Gurugram,2024-06-19,https://entrackr.com/2024/06/aye-finance-raises-30-mn-in-debt-from-fmo/
Bira 91,https://bira91.com/,25,,Beer Brand,Delhi,2024-06-18,https://entrackr.com/2024/06/bira-91-closes-50-mn-round-from-kirin-holdings-and-tiger-pacific/
WROGN,https://wrogn.com/,15,,E-Commerce - D2C Fashion Brand,Bengaluru,2024-06-19,https://entrackr.com/2024/06/aditya-birlas-tmrw-invests-15-mn-in-virat-kohli-backed-wrogn/
Alyve Health,https://www.alyve.health/,5.5,Series A,Healthtech,Mumbai,2024-06-18,https://entrackr.com/2024/06/alyve-health-raises-5-5-mn-in-series-a-round/
AVIOM Housing Finance,https://www.aviom.in/,5,Debt,Fintech - Lending,Delhi,2024-06-19,https://inc42.com/buzz/aviom-housing-finance-raises-5-mn-debt-from-insuresilience-investment-fund/
The Pant Project,https://pantproject.com/,4.25,Series A,E-Commerce - D2C Fashion Brand,Mumbai,2024-06-19,https://entrackr.com/2024/06/d2c-fashion-brand-the-pant-project-raises-4-25-mn-in-series-a/
Supermoney,https://www.supermoney.in/#/,3.4,Series A,Fintech - Lending,Mumbai,2024-06-19,https://entrackr.com/2024/06/supermoney-raises-3-4-mn-in-series-a-round/
Distil,https://www.distil.market/,3.1,Seed,Specialty Chemicals,Mumbai,2024-06-21,https://entrackr.com/2024/06/distil-raises-3-1-mn-led-by-jungle-ventures-and-india-quotient/
POP,https://popclub.co/,2.4,Seed,Fintech,Bengaluru,2024-06-19,https://entrackr.com/2024/06/fintech-startup-pop-raises-2-4-mn-led-by-india-quotient/
Jupiter,https://jupiter.money/,2.4,,Fintech,Mumbai,2024-06-21,https://inc42.com/buzz/jupiter-raises-inr-20-cr-from-peak-xv-matrix-others-for-nbfc-arm-amica-finance/
Unikon.ai,https://unikon.ai/,2,,Social Media and Networking,Gurugram,2024-06-20,https://entrackr.com/2024/06/bellavita-co-founder-aakash-anand-raises-2-mn-for-his-new-venture-unikon-ai/
Prosperr.io,https://www.prosperr.io/,1.55,Pre-Seed,Fintech - SaaS,Bengaluru,2024-06-17,https://entrackr.com/2024/06/prosperr-io-raises-1-55-mn-in-pre-seed-round-led-by-gokul-rajaram/
Go Zero,https://letsgozero.in/,1.5,Pre-Series A,E-Commerce -Ice Cream Brand,Mumbai,2024-06-19,https://entrackr.com/2024/06/ice-cream-brand-go-zero-raises-1-5-mn/
Ayna,https://getayna.com/,1.5,Seed,Generative AI,Bengaluru,2024-06-18,https://entrackr.com/2024/06/generative-ai-startup-ayna-secures-1-5-mn-in-seed-round/
GreyLabs AI,https://www.greylabs.ai/,1.5,Seed,Generative AI - Speech Analytics,Mumbai,2024-06-18,https://entrackr.com/2024/06/speech-analytics-startup-greylabs-ai-raises-over-1-5-mn-led-by-matrix/
Asaya,https://worldofasaya.com/,1.5,Seed,E-Commerce - D2C Beauty Brand,Bengaluru,2024-06-20,https://entrackr.com/2024/06/beauty-brand-asaya-raises-1-5-mn-from-otp-ventures-and-others/
Metis Intellisystems,https://metisintel.in/,0.155,,AI,Ahmedabad,2024-06-20,https://entrackr.com/2024/06/metis-raises-rs-1-3-cr-led-by-inflection-point-ventures/
Landeed,https://www.landeed.com/,,,Proptech,Hyderabad,2024-06-18,https://entrackr.com/2024/06/y-combinator-backed-proptech-startup-landeed-raises-strategic-funding/
EUME,https://eumeworld.com/,1.8,Seed,E-Commerce - D2C Luggage Brand,Mumbai,2024-06-21,https://entrackr.com/2024/06/luggage-brand-eume-raises-rs-15-cr-in-new-round/
Northern Arc,https://www.northernarc.com/,75,Debt,Fintech - NBFC Lending,Chennai,2024-06-25,https://inc42.com/buzz/ipo-bound-northern-arc-bags-75-mn-debt-from-dutch-fmo/
Smartworks,https://www.smartworksoffice.com/,20,,Co-working space provider,Gurugram,2024-06-27,https://entrackr.com/2024/06/smartworks-raises-more-than-20-mn-from-keppel-and-others/
Zyod,https://www.zyod.com/,18,Series A,B2B Fashion Manufacturing,Gurugram,2024-06-25,https://entrackr.com/2024/06/b2b-fashion-startup-zyod-raises-18-mn-led-by-rtp-global/
Rare Rabbit,https://thehouseofrare.com/,18,,E-Commerce - Fashion,Bengaluru,2024-06-29,https://entrackr.com/2024/06/rare-rabbit-raises-18-mn-from-a91-partners-zerodha-founders-fund-others/
Rupeek,https://rupeek.com/,15,,Fintech - Gold Lending,Bengaluru,2024-06-26,https://entrackr.com/2024/06/rupeek-raises-15-mn-from-elevation-readies-for-secondary/
BlueStone,https://www.bluestone.com/,12,,E-Commerce - Jewelry  Retailer,Bengaluru,2024-06-24,https://entrackr.com/2024/06/exclusive-ipo-bound-bluestone-raises-rs-100-cr-debt-from-neo-markets/
Cloudphysician,https://cloudphysician.net/,10.5,Series A,AI Healthtech,Bengaluru,2024-06-25,https://entrackr.com/2024/06/ai-health-startup-cloudphysician-raises-10-5-mn-led-by-peak-xv/
Matter,https://www.matter.in/,10,Series A,EV,Ahmedabad,2024-06-26,https://entrackr.com/2024/06/exclusive-electric-mobility-startup-matter-raises-10-mn/
Sid’s Farm,https://sidsfarm.com/,10,Series A,E-Commerce - D2C Dairy  Brand,Hyderabad,2024-06-25,https://entrackr.com/2024/06/d2c-dairy-startup-sids-farm-raises-10-mn-in-series-a-round/
Two Brothers Organic Farms,https://twobrothersindiashop.com/,7,Series A,Agritech,Pune,2024-06-27,https://economictimes.indiatimes.com/tech/funding/agritech-startup-two-brothers-organic-farms-raises-rs-58-2-crore-from-nithin-kamaths-rainmatter/articleshow/111319920.cms
Novavente,https://novavente.com/,3,,Consulting,Mumbai,2024-06-26,https://entrackr.com/2024/06/novavente-raises-3-mn-from-highbrow-securities/
Morphing Machines,https://www.morphing.in/,2.76,Seed,Fabless Semiconductor,Bengaluru,2024-06-26,https://entrackr.com/2024/06/morphing-machines-raises-2-76-mn-in-seed-round/
CheQ,https://www.cheq.one/,2.2,Extended Seed,Credit Card Bill Payments,Bengaluru,2024-06-24,https://entrackr.com/2024/06/exclusive-fintech-startup-cheq-closes-new-round-at-6-7-mn/
LetsDressUp,https://letsdressup.in/,1.3,Pre-Series A,E-Commerce - D2C Fashion Brand,Gurugram,2024-06-26,https://inc42.com/buzz/d2c-fashion-startup-letsdressup-bags-pre-series-a-funding-from-gvfl-others/
Plus Gold,https://www.plusgold.in/,1.2,Seed,Fintech - Gold Investment,Bengaluru,2024-06-25,https://entrackr.com/2024/06/plus-gold-raises-1-2-mn-led-by-jito/
LXME,https://lxme.in/,1.2,Seed,Fintech - Investment,Mumbai,2024-06-25,https://entrackr.com/2024/06/lxme-raises-1-2-mn-in-seed-round-led-by-kalaaris-cxxo/
Nitro Commerce,https://nitrocommerce.ai/,1,Seed,Revenue as a Service,Gurugram,2024-06-26,https://entrackr.com/2024/06/cornerstone-ventures-leads-rs-15-cr-round-in-nitro-commerce/
O Hi App,https://www.ohiapp.com/,1,Pre-Series A,Social Netwoeking,Jaipur,2024-06-26,https://entrackr.com/2024/06/social-networking-app-o-hi-bags-1-mn-in-pre-series-a-round/
Autocracy Machinery,https://autocracymachinery.com/,0.6,Pre- Series A,Machine Manufacturing,Hyderabad,2024-06-27,https://entrackr.com/2024/06/autocracy-machinery-raises-seed-round-led-by-venture-catalysts/
Machaxi,https://www.machaxi.com/,0.58,Pre-Series A,Sports Tech,Bengaluru,2024-06-27,https://entrackr.com/2024/06/ipv-leads-rs-4-8-cr-round-in-e-sports-startup-machaxi/
upGrad,https://www.upgrad.com/,35,Debt,Edtech,Mumbai,2024-06-28,https://entrackr.com/2024/06/exclusive-upgrad-raises-35-mn-debt-from-evolutionx/
Purplle,https://www.purplle.com/,120,,E-Commerce - Beauty Retailer,Mumbai,2024-07-01,https://entrackr.com/2024/07/purplle-raises-120-mn-led-by-adia-to-buyback-esops-worth-6-mn/
Oyo,https://www.oyorooms.com/,50,,Hospitality,Gurugram,2024-07-03,https://entrackr.com/2024/07/oyo-raises-50-mn-from-incred-at-2-38-bn-valuation/
Matter,https://www.matter.in/,35,Series B,EV,Ahmedabad,2024-07-03,https://entrackr.com/2024/07/e-bike-maker-matter-raises-35-mn-in-ongoing-series-b-round/
Arya.ag,https://www.arya.ag/,29,Series D,Agritech,Noida,2024-07-04,https://entrackr.com/2024/07/agritech-startup-arya-ag-raises-29-mn-at-valuation-of-325-mn/
Awign,https://www.awign.com/,24.5,Series C,Gig Work,Bengaluru,2024-07-05,https://entrackr.com/2024/07/exclusive-awign-raises-24-5-mn-mynavi-now-controls-73-stake/https://entrackr.com/2024/07/exclusive-awign-raises-24-5-mn-mynavi-now-controls-73-stake/
Watch Your Health,https://www.watchyourhealth.com/,5,Series A,Healthtech,Thane,2024-07-02,https://entrackr.com/2024/07/watch-your-health-raises-5-mn-in-series-a-round/
Dice,https://dice.tech/,5,Series A,Fintech - Expense Management,Pune,2024-07-03,https://inc42.com/buzz/dice-bags-5-mn-to-help-enterprises-manage-expenses-with-ai-solutions/
Comet,https://www.wearcomet.com/,5,Series A,E-Commerce - D2C Sneaker,Bengaluru,2024-07-01,https://entrackr.com/2024/07/exclusive-comet-raises-5-mn-in-series-a-round/
Pepul,https://www.pepul.com/,4,Pre-Series A,Social Media,Chennai,2024-07-01,https://yourstory.com/2024/06/social-platform-pepul-secures-4-m-pre-seriesa-funding
Wify,https://home.wify.co.in/,3,Pre-Series A,Home Furnishing,Mumbai,2024-07-01,https://entrackr.com/2024/07/wify-raises-3-mn-in-pre-series-a-round/
Bike Bazaar,https://www.bikebazaar.com/,3,Debt,EV Financing,Pune,2024-07-02,https://entrackr.com/2024/07/exclusive-bike-bazaar-raises-debt-from-mas-financial/
Fabriclore,https://fabriclore.com/,1.6,Seed,B2B Fabric Sourcing,Jaipur,2024-07-02,https://entrackr.com/2024/07/fabric-supply-chain-startup-fabriclore-raises-1-6-mn/
Cautio,https://www.cautio.in/en,0.78,Pre-Seed,Video Telematics,Bengaluru,2024-07-01,https://entrackr.com/2024/07/video-telematics-startup-cautio-raises-rs-6-5-cr-in-pre-seed-round/
EleFant,https://www.theelefant.com/,0.75,Seed,Online Toy Library,Mumbai,2024-07-03,https://entrackr.com/2024/07/elefant-raises-750k-in-seed-round/
Amocare,https://amocare.com/,0.4,Pre-Seed,E-Commerce - D2C Healthcare Brand,Delhi,2024-07-02,https://entrackr.com/2024/07/wellness-brand-amocare-raises-400k-in-pre-seed-round/
Flutrr,https://www.flutrr.com/,0.24,,Online Dating,Kolkata,2024-07-02,https://inc42.com/buzz/huma-qureshi-backs-vernacular-dating-app-flutrr/
Supply6,https://supplysix.com/,,,E-Commerce - D2C Nutrition Brand,Bengaluru,2024-07-02,https://entrackr.com/2024/07/supply6-ropes-in-ab-de-villiers-as-investor-brand-ambassador/
Hoop,https://hoophello.com/,,,E-Commerce - D2C Health and Wellness Brand,Gurugram,2024-07-03,https://entrackr.com/2024/07/pv-sindhu-invests-in-wellness-brand-hoop/
Dezerv,https://www.dezerv.in/,32,Series B,Fintech - Wealthtech,Mumbai,2024-07-09,https://entrackr.com/2024/07/wealthtech-startup-dezerv-raises-32-mn-in-series-b/
Arya.ag,https://arya.ag/,29,Pre-Series D,AgriCommerce,Noida,2024-07-10,https://yourstory.com/2024/07/aryaag-raises-29m-in-pre-series-d-funding-led-by-blue-earth-capital
Goat Brand Labs,https://www.goatbrandlabs.com/,21,Equity + Debt,E-Commerce,Bengaluru,2024-07-08,https://entrackr.com/2024/07/goat-brand-labs-raises-21-mn-in-debt-and-equity/
Infra.Market,https://infra.market/,18,Debt,B2B E-Commerce - Construction Materials,Thane,2024-07-12,https://entrackr.com/2024/07/exclusive-infra-market-raises-rs-150-cr-debt-led-by-yubi/
Immuneel Therapeutics,https://immuneel.com/,12,Series A,Biotech,Bengaluru,2024-07-10,https://entrackr.com/2024/07/exclusive-kiran-mazumdar-shaws-immuneel-therapeutics-raises-rs-100-cr/
Simplismart,https://www.simplismart.ai/,7,,Gen AI,Bengaluru,2024-07-10,https://entrackr.com/2024/07/exclusive-gen-ai-startup-simplismart-to-raise-7-mn-led-by-accel/
Planet Marathi OTT,https://planetmarathi.com/,5,,OTT,Mumbai,2024-07-11,https://entrackr.com/2024/07/planet-marathi-ott-raises-5-mn-from-a-ma-capital-usa/
Circuit House Technologies,https://circuithouse.tech/,4.3,Seed,Consumer Electronics,Bengaluru,2024-07-11,https://entrackr.com/2024/07/circuit-house-technologies-raises-4-3-mn/
Care.Fi,https://carefi.in/,2.6,Debt,Healthcare - Fintech,Gurugram,2024-07-08,https://entrackr.com/2024/07/healthcare-focused-fintech-startup-care-fi-raises-2-6-mn/
House of Biryan,https://www.houseofbiryan.com/,2,Seed,Restaurant,Mumbai,2024-07-09,https://economictimes.indiatimes.com/tech/funding/biryani-to-taste-better-restaurant-chain-house-of-biryan-raises-2-million-in-funding/articleshow/111611384.cms
Jugyah,https://jugyah.com/,1.5,Seed,Real Estate Rental,Mumbai,2024-07-11,https://yourstory.com/2024/07/startup-news-updates-daily-roundup-july-11-2024
QarmaTek,https://qarmatek.com/,1,Pre-Series A,Electronics Repair,Ahmedabad,2024-07-09,https://entrackr.com/2024/07/qarmatek-raises-1-mn-in-pre-series-a-round/
Centriti,http://centriti.in/,0.718,,B2B E-Commerce,Delhi,2024-07-09,https://entrackr.com/2024/07/centriti-raises-rs-6-cr-led-by-emergent-india-ventures/
Felicity Games,https://felicitygames.com/,0.7,Pre-Seed,Gaming,Bengaluru,2024-07-09,https://entrackr.com/2024/07/felicity-games-raises-700k-from-devc-nandan-reddy-kunal-shah-and-others/
Helium,https://gethelium.co/,0.55,Pre-Seed,AI,Delhi,2024-07-09,https://entrackr.com/2024/07/helium-bags-pre-seed-round-led-by-merak-ventures/
TimBuckDo,https://timbuckdo.com/,0.23,Seed,Gig Work for Students,Bengaluru,2024-07-10,https://yourstory.com/2024/07/startup-news-and-updates-daily-roundup-july-10-2024
Bloq Quantum,https://www.bloq.in/,0.09,Seed,Stock Market Algos,"Kollam, Kerala",2024-07-11,https://yourstory.com/2024/07/startup-news-updates-daily-roundup-july-11-2024
Medront Datalabs,https://medront.com/,0.09,Seed,Data Security,Mumbai,2024-07-11,https://yourstory.com/2024/07/startup-news-updates-daily-roundup-july-11-2024
Telkes Technologies,https://mypickup.in/,0.09,Seed,Electric Mobility Service,Bengaluru,2024-07-11,https://yourstory.com/2024/07/startup-news-updates-daily-roundup-july-11-2024
Urban Company,https://www.urbancompany.com/,63,,Home Services,Gurugram,2024-07-17,https://entrackr.com/2024/07/urban-company-concludes-63-mn-secondary-led-by-dharana-capital/
Lenskart,https://www.lenskart.com/,20,,E-Commerce - Eyewear Retailer,Gurugram,2024-07-18,https://entrackr.com/2024/07/exclusive-lenskart-raises-nearly-20-mn-led-by-peyush-and-neha-bansal/
Newme,https://newme.asia/,18,Series A,E-Commerce - Fast Fashion,Bengaluru,2024-07-18,https://entrackr.com/2024/07/fast-fashion-brand-newme-raises-18-mn-in-series-a/
Aereo,https://aereo.io/,15,Series B,Drones,Bengaluru,2024-07-18,
Stable Money,https://stablemoney.in/,15,,Fintech,Bengaluru,2024-07-21,https://entrackr.com/2024/07/exclusive-wealthtech-startup-stable-money-raises-15-mn-in-new-round/
Namma Yatri,https://nammayatri.in/,11,Pre-Series A,Ride-hailing,Bengaluru,2024-07-16,https://entrackr.com/2024/07/namma-yatri-raises-11-mn-from-blume-antler-google-and-others/
Seeds Fincap,https://www.seedsfincap.com/,8.5,Series A,Fintech - NBFC Lending,Gurugram,2024-07-17,https://entrackr.com/2024/07/seeds-fincap-raises-8-5-mn-led-by-lok-capital-and-z47/
Corvi LED,https://www.corvi.com/,8,Series B,Consumer Lighting,Mumbai,2024-07-17,https://entrackr.com/2024/07/hero-enterprise-backed-corvi-led-raises-8-mn-in-series-b/
Slice,https://www.sliceit.com/,8,Debt,Fintech - Payments and Lending,Bengaluru,2024-07-19,https://entrackr.com/2024/07/exclusive-slice-concludes-30-mn-debt-round-from-existing-investor/
byteXL,https://www.bytexl.com/,5.9,Series A,Edtech,Hyderabad,2024-07-18,https://inc42.com/buzz/edtech-startup-bytexl-bags-5-9-mn-to-boost-it-skill-offerings-for-students/
Fresh Bus,https://www.freshbus.com/,5.3,Series A,EV,Bengaluru,2024-07-18,https://entrackr.com/2024/07/exclusive-ixigo-backed-freshbus-kicks-off-series-a-round/
Boon,https://helloboon.com/,5,Series A,Watertech,Gurugram,2024-07-17,https://entrackr.com/2024/07/watertech-startup-boon-raises-5-mn-in-series-a/
Omnicard,https://omnicard.in/,3,Pre-Series A,Fintech - Spend Management,Noida,2024-07-17,https://inc42.com/buzz/omnicard-nets-3-mn-to-boost-upi-enabled-corporate-card-offerings-for-enterprises/
Ninecamp,https://www.ninecamp.co/,2,Seed,Food and Beverages,Delhi,2024-07-17,https://entrackr.com/2024/07/ninecamp-ventures-raises-2-mn-in-seed-round/
Icanheal,https://icanheal.in/,1.79,Seed,Healthcare,Mumbai,2024-07-17,https://entrackr.com/2024/07/icanheal-raises-rs-15-cr-in-seed-round-led-by-ivycap-ventures/
SkinInspired,https://skininspired.in/,1.5,Seed,E-Commerce - Skincare brand,Udaipur,2024-07-15,https://entrackr.com/2024/07/skininspired-raises-1-5-mn-in-seed-round-led-by-unilever-ventures/
Multipl,https://multipl.in/,1.5,Seed,Fintech,Bengaluru,2024-07-17,https://entrackr.com/2024/07/fintech-startup-multipl-raises-1-5-mn/
Lifetime Health,https://lifetimehealth.in/,1.5,Seed,Healthcare,Bengaluru,2024-07-18,https://entrackr.com/2024/07/lifetime-health-raises-1-5-mn-in-seed-round-2/
Perpetuity Capital,https://perpetuitycapital.in/,0.837,,Fintech - EV Financing,Kolkata,2024-07-15,https://entrackr.com/2024/07/ev-financing-startup-perpetuity-capital-raises-rs-7-cr/
Honestly,https://www.honestly.club/,0.382,Pre-Seed,E-Commerce - Beauty and Personal Care,Bengaluru,2024-07-18,https://entrackr.com/2024/07/honestly-raises-rs-3-2-cr-in-pre-seed-round-from-better-capital/
Frendy,https://www.frendy.in/,0.239,Debt,Retail Tech,Ahmedabad,2024-07-16,https://entrackr.com/2024/07/frendy-raises-rs-2-cr-in-debt-from-uc-inclusive-credit/
Mypickup,https://mypickup.in/,0.18,Seed,EV Ride Hailing,Bengaluru,2024-07-18,https://entrackr.com/2024/07/ipv-leads-seed-round-in-ev-ride-hailing-startup-mypickup/
BlackSoil,https://blacksoil.co.in/,25,Debt,Fintech - NBFC Lending,Mumbai,2024-07-19,https://entrackr.com/2024/07/blacksoil-nbfc-raises-over-rs-200-cr-debt/
Unimech Aerospace,https://unimechaerospace.com/,30,,Aerospace Component Manufacturing,Bengaluru,2024-07-24,https://entrackr.com/2024/07/ipo-bound-unimech-aerospace-raises-30-mn-in-maiden-funding/
Auxilo,https://www.auxilo.com/,12,Debt,Edtech Lending,Mumbai,2024-07-23,https://entrackr.com/2024/07/exclusive-education-finance-firm-auxilo-raises-12-mn-more-in-debt/
Neogrowth,https://www.neogrowth.in/,11.2,Debt,Fintech - NBFC Lending,Mumbai,2024-07-22,https://inc42.com/buzz/neogrowth-bags-11-mn-debt-funding-from-symbiotics-group/
Incuspaze,https://www.incuspaze.com/,8,Series A,Co-working Space,Gurugram,2024-07-22,https://entrackr.com/2024/07/co-working-startup-incuspaze-raises-8-mn-in-maiden-funding/
Neo,https://www.neo-group.in/,4,,Fintech - Wealth Management,Mumbai,2024-07-25,https://entrackr.com/2024/07/exclusive-peak-xv-backed-neo-raises-fresh-capital/
Pneucons,https://pneucons.com/,,,B2B Industrial Marketplace,Ahmedabad,2024-07-24,https://entrackr.com/2024/07/pneucons-bags-pre-series-funding-from-ather-ceo-tarun-mehta-others/
Nasher Miles,https://nashermiles.com/,4,Bridge Round to Series A,E-Commerce - D2C Luggage Brand,Mumbai,2024-07-25,https://entrackr.com/2024/07/luggage-brand-nasher-miles-bags-4-mn-in-bridge-round/
Rapido,https://www.rapido.bike/,120,Series E,Mobility,Bengaluru,2024-07-29,https://entrackr.com/2024/07/rapido-joins-unicorn-club-with-120-mn-round-led-by-westbridge/
M2P Fintech,https://m2pfintech.com/,80,,Fintech,Chennai,2024-07-29,https://entrackr.com/2024/07/exclusive-m2p-fintech-to-raise-80-mn-at-900-mn-valuation/
Neo,https://neoassetmanagement.com/,26.5,Series B,Fintech - Wealth Management,Mumbai,2024-08-03,https://entrackr.com/2024/08/exclusive-neo-kicks-off-series-b-with-26-5-mn/
Vayana,https://vayana.com/,20.5,Series D,Fintech,Pune,2024-07-29,https://entrackr.com/2024/07/payu-backed-vayana-network-raises-20-mn-in-series-d/
Simple Energy,https://www.simpleenergy.in/,20,Series A,EV,Bengaluru,2024-07-29,https://entrackr.com/2024/07/ev-scooter-maker-simple-energy-raises-20-mn-in-series-a/
BharatPe,https://bharatpe.com/,10,Debt,Fintech,Gurugram,2024-07-31,https://entrackr.com/2024/07/exclusive-bharatpe-receives-10-mn-debt-from-trifecta-and-innoven/
Meragi,https://www.meragi.com/,9.1,Series A,Wedding Services,Bengaluru,2024-07-30,https://entrackr.com/2024/07/wedding-services-startup-meragi-raises-9-1-mn-led-by-accel/
Country Delight,https://countrydelight.in/,8.45,Debt,E-Commerce - Dairy Brand,Gurugram,2024-08-04,https://entrackr.com/2024/08/exclusive-alteria-infuses-rs-70-cr-debt-in-country-delight/
GalaxEye Space,https://www.galaxeye.space/,6.5,,Spacetech,Bengaluru,2024-08-01,https://entrackr.com/2024/08/galaxeye-space-raises-6-5-mn-led-by-mela-ventures-and-speciale-invest/
Gnani.ai,https://www.gnani.ai/,4,Series A,Conversational AI,Bengaluru,2024-07-30,https://entrackr.com/2024/07/gnani-ai-raises-4-mn-in-series-a-round-from-info-edge-ventures/
ElectricPe,https://electricpe.com/,3,Pre-Series A,EV Charging,Bengaluru,2024-07-30,https://entrackr.com/2024/07/gfc-leads-3-mn-round-in-ev-charging-startup-electricpe/
Moxie Beauty,https://moxiebeauty.in/,2.1,Seed,D2C Haircare Brand,Gurugram,2024-07-29,https://entrackr.com/2024/07/moxie-beauty-raises-rs-17-3-cr-led-by-fireside-ventures/
Acculi Labs,https://lyfas.com/,1.5,,Healthcare,Bengaluru,2024-08-01,https://entrackr.com/2024/08/deeptech-startup-acculi-labs-raises-1-5-mn/
Nected,https://www.nected.ai/,1.5,Seed,Low-code platform,Gurugram,2024-07-31,https://entrackr.com/2024/07/nected-raises-1-5-mn-led-by-binny-bansals-three-state-ventures/
LB Brewers,https://lbbrewers.com/,1.5,Pre-Series A,Beverages,Goa,2024-07-29,https://entrackr.com/2024/07/beverage-startup-lb-brewers-raises-1-5-mn-in-pre-series-a-round/
Emomee,https://www.emomee.com/,1,Pre-Seed,Edtech,Mumbai,2024-07-29,https://entrackr.com/2024/07/edutainment-startup-emomee-raises-1-mn-in-pre-seed-funding/
Toystack.ai,https://toystack.ai/,0.325,Pre-Seed,Deployment Platform,Bengaluru,2024-07-29,https://entrackr.com/2024/07/toystack-ai-raises-325k-in-pre-seed-round/
Bloq Quantum,https://www.bloq.in/,0.155,Pre-Seed,AI,Kollam,2024-08-01,https://entrackr.com/2024/08/ipv-leads-pre-seed-round-in-bloq-quantum/
ShareChat,https://sharechat.com/,16,Debt,Social Media,Bengaluru,2024-08-03,https://entrackr.com/2024/08/sharechat-raises-16-mn-additional-debt-lays-off-5-employees/
Visit Health,https://getvisitapp.com/,30,,Health and Wellness,Delhi,2024-08-07,https://entrackr.com/2024/08/visit-health-raises-30-mn-in-primary-and-secondary-transaction/
Agrizy,https://agrizy.in/,9.8,Series A,B2B Agritech,Bengaluru,2024-08-05,https://entrackr.com/2024/08/b2b-agri-processing-platform-agrizy-raises-9-8-mn-in-series-a/
Scimplify,https://www.scimplify.com/,9.5,Series A,Specialty Chemicals,Bengaluru,2024-08-08,https://entrackr.com/2024/08/scimplify-raises-9-5-mn-in-series-a-round-led-by-omnivore-and-bertelsmann/
Kindlife,https://www.kindlife.in/,8,Series A,E-Commerce - Beauty Brand,Gurugram,2024-08-07,https://entrackr.com/2024/08/shopclues-co-founder-radhika-ghais-startup-kindlife-in-raises-8-mn-in-series-a/
ShopDeck,https://shopdeck.com/,7.85,,E-Commerce Enabler,Bengaluru,2024-08-07,https://entrackr.com/2024/08/exclusive-wmall-founders-return-with-shopdeck-raise-8-mn/
BlueBinaries,https://www.bluebinaries.com/,7.2,Debt + Equity,Engineering and technology services,Chennai,2024-08-07,https://entrackr.com/2024/08/anicut-capital-leads-rs-60-cr-round-in-bluebinaries/
Punch,https://www.punch.trade/,7,Seed,Stock Broking,Mumbai,2024-08-06,https://entrackr.com/2024/08/stock-broking-app-punch-raises-7-mn-in-seed-round/
Metadome.ai,Metadome.ai,6.5,Series A,Extended Reality,Gurugram,2024-08-08,https://entrackr.com/2024/08/metadome-ai-raises-6-5-mn-led-by-siana-capital-and-chiratae/
BiofuelCircle,https://www.biofuelcircle.com/,5.3,,Biofuel marketplace,Pune,2024-08-08,https://entrackr.com/2024/08/exclusive-biofuelcircle-raises-rs-45-cr-led-by-spectrum-impact/
EtherealX,https://www.etherealx.space/,5,Seed,Spacetech,Bengaluru,2024-08-06,https://entrackr.com/2024/08/etherealx-raises-5-mn-in-seed-round-led-by-yournest/
GenWorks Health,https://www.genworkshealth.com/,5,,Healthcare,Bengaluru,2024-08-08,https://entrackr.com/2024/08/exclusive-wipro-ge-backed-genworks-valuation-touches-rs-550-cr/
SigTuple,https://sigtuple.com/,4,Extended Series C,Healthtech,Bengaluru,2024-08-07,https://entrackr.com/2024/08/sigtuple-raises-4-mn-in-extended-series-c-led-by-sidbi-venture/
Aukera,https://aukerajewellery.com/,3.2,Series A,E-Commerce - Lab grown jewelry brand,Bengaluru,2024-08-07,https://entrackr.com/2024/08/exclusive-fireside-invests-in-lab-grown-jewellery-brand-aukera/
Juleo,https://www.juleo.club/,2.5,Angel,Dating,Delhi,2024-08-06,https://entrackr.com/2024/08/dating-app-juleo-raises-2-5-mn-from-180-angels-including-7-unicorn-founders/
Neuron Energy,https://www.neuronenergy.in/,2.4,Series A,EV Battery Manufacturer,Mumbai,2024-08-06,https://entrackr.com/2024/08/neuron-energy-bags-rs-20-cr-in-series-a-round/
Finqy,https://www.finqy.ai/,2,,Fintech,Mumbai,2024-08-07,https://entrackr.com/2024/08/finqy-raises-2-mn-in-fresh-round/
Burma Burma,https://burmaburma.in/,2,Seed,Restaurant Chain,Mumbai,2024-08-06,https://entrackr.com/2024/08/burma-burma-raises-another-2-mn/
Karma Primary Healthcare,http://www.karmahealthcare.in/,1.3,Series A,Healthcare,Udaipur,2024-08-07,https://www.linkedin.com/company/karma-healthcare/?originalSubdomain=in
Oneiric11 Gaming,https://oneiric11.com/,1,Pre-Series A,Esports and Fantasy Gaming,Chandigarh,2024-08-08,https://entrackr.com/2024/08/oneiric11-gaming-raises-1-mn-in-pre-series-a-funding/
CURRYiT,https://www.curryit.in/,0.536,Seed,Curry Brand,Delhi,2024-08-05,https://entrackr.com/2024/08/curryit-raises-rs-4-5-cr-in-seed-round/
NuvoRetail,https://nuvoretail.com/,0.35,,E-Commerce Advertising,Delhi,2024-08-09,https://entrackr.com/2024/08/e-com-marketing-and-analytics-company-nuvoretail-raises-350k/
Beco,https://www.letsbeco.com/,10,Pre-Series B,Eco-friendly home and kitchen brand,Mumbai,2024-08-13,https://entrackr.com/2024/08/beco-raises-10-mn-in-pre-series-b-round-led-by-tanglin/
Kazam,https://www.kazam.in/,8,Series A,EV Charging,Bengaluru,2024-08-12,https://entrackr.com/2024/08/e-mobility-startup-kazam-raises-8-mn-led-by-vertex-ventures/
4baseCare,https://4basecare.com/,6,Series A,Healthcare - Biotech,Bengaluru,2024-08-12,https://entrackr.com/2024/08/4basecare-raises-6-mn-in-series-a-round-led-by-yali-capital/
Skydo,https://www.skydo.com/,5,Pre-Series A,Fintech - Cross Border Payments,Bengaluru,2024-08-13,https://entrackr.com/2024/08/skydo-raises-5-mn-led-by-elevation-capital/
Infinyte Club,https://www.infinyte.club/,3.6,,Fintech - Wealthtech,Bengaluru,2024-08-12,https://entrackr.com/2024/08/wealthtech-startup-infinyte-club-raises-3-6-mn-led-by-elevation/
Truva,https://www.truva.in/,3,Seed,Proptech,Mumbai,2024-08-12,https://entrackr.com/2024/08/proptech-startup-truva-raises-3-mn-led-by-stellaris/
HealthCRED,https://healthcred.co.in/,1.2,Seed,B2B Healthcare Financing,Bengaluru,2024-08-12,https://entrackr.com/2024/08/healthcred-raises-1-2-mn-in-seed-round/
EyeROV,https://www.eyerov.com/,1.2,Pre-Series A,Marine Robotics,Kochi,2024-08-13,https://entrackr.com/2024/08/marine-robotics-startup-eyerov-raises-1-2-mn-in-pre-series-a/
Six Sense Mobility,https://www.sixsensemobility.com/home,0.714,Seed,Smart Mobility,Delhi,2024-08-14,https://entrackr.com/2024/08/piper-serica-invests-in-six-sense-mobility/
Halden,https://haldenluxury.com/,0.595,Seed,Men’s Luxury Brand,Mumbai,2024-08-12,https://entrackr.com/2024/08/halden-secures-rs-5-cr-from-prajay-advisors/
MiClient,https://www.miclient.ai/,0.464,Seed,AI B2B Sales Enablement Platform,Gurugram,2024-08-12,https://entrackr.com/2024/08/miclient-raises-seed-round-from-ian-group-others/
Ziptrrip,https://www.ziptrrip.com/,0.238,Pre-Seed,Traveltech,Mumbai,2024-08-12,https://entrackr.com/2024/08/travel-tech-startup-ziptrrip-raises-pre-seed-roundtravel-tech-startup-ziptrrip-raises-pre-seed-round/
Adukale,https://adukale.com/,,,FMCG Brand,Bengaluru,2024-08-12,https://entrackr.com/2024/08/nuventures-backs-traditional-snacks-brands-adukale/
CricHeroes,https://cricheroes.com/,,Series B,Sportstech,Ahmedabad,2024-08-13,https://entrackr.com/2024/08/venture-catalysts-invests-in-games24x7-backed-cricheroes/
Ather Energy,https://www.atherenergy.com/,71,,EV,Bengaluru,2024-08-13,https://economictimes.indiatimes.com/tech/funding/ather-enters-unicorn-lane-with-71-million-from-govts-niif/articleshow/112474512.cms?from=mdr
Bluestone,https://www.bluestone.com/,107,Pre-IPO,D2C Jewellery Brand,Bengaluru,2024-08-22,https://economictimes.indiatimes.com/tech/startups/bluestone-closes-rs-900-crore-pre-ipo-round-at-970-million-valuation/articleshow/112688565.cms?from=mdr
Hangyo,https://hangyo.in/,25,,Ice Cream Brand,Mangaluru,2024-08-22,https://entrackr.com/2024/08/ice-cream-brand-hangyo-scoops-up-25-mn-from-faering-capital/
Even Healthcare,https://even.in/,20,,Healthcare,Bengaluru,2024-08-21,https://entrackr.com/2024/08/exclusive-even-healthcare-raises-20-mn-led-by-khosla-venture/
Investor AI,https://investorai.in/,10,Series A,Wealthtech,Bengaluru,2024-08-22,https://entrackr.com/2024/08/wealthtech-platform-investorai-raises-rs-80-cr-in-series-a-round/
Uppercase,https://uppercase.co.in/,9,Series B,D2C Luggage Brand,Mumbai,2024-08-21,https://entrackr.com/2024/08/d2c-luggage-brand-uppercase-raises-9-mn-led-by-accel/
Zoff,https://zofffoods.com/,4.8,Series A,D2C Spice Brand,Raipur,2024-08-21,https://entrackr.com/2024/08/spice-brand-zoff-raises-rs-40-cr-in-series-a-from-jm-financial/
Legends League Cricket,https://www.llct20.com/,4.64,,Sports,Delhi,2024-08-23,https://entrackr.com/2024/08/legends-league-cricket-raises-rs-39-cr-from-dubai-based-brickwork/
TransBnk,https://transbnk.co.in/,4,Series A,Fintech,Mumbai,2024-08-21,https://entrackr.com/2024/08/8i-ventures-leads-4-mn-series-a-round-in-transbnk/
Fabrication Bazar,https://www.bengaws.com/,3,Pre-Series A,Manufacturing,Delhi,2024-08-23,https://entrackr.com/2024/08/fabrication-bazar-raises-3-mn-in-pre-series-a/
Llumo AI,https://www.llumo.ai/,1,Seed,AI,Noida,2024-08-21,https://entrackr.com/2024/08/senseai-ventures-leads-1-mn-round-in-llumo-ai/
Dopplr,https://dopplr.digital/,0.75,,Virtual Tryon Solution for Clothing,Bengaluru,2024-08-22,https://entrackr.com/2024/08/dopplr-raises-750k-from-cornerstone-ventures/
Revrag AI,https://www.revrag.ai/,0.6,Pre-Seed,B2B Sales Platform,Bengaluru,2024-08-21,https://entrackr.com/2024/08/b2b-sales-startup-revrag-raises-600k-in-pre-seed-funding/
ACadru,https://acadru.com/,0.5,Pre-Series A,SaaS - Edtech,Gurugram,2024-08-23,https://entrackr.com/2024/08/saas-startup-acadru-raises-pre-series-a-round/
NxtCube,https://nxtqube.com/,,,Drone Infrastructure,Nasik,2024-08-21,https://yourstory.com/2024/08/startup-news-update-daily-roundup-august-21-2024
Axio,https://axio.co.in/,20,,Fintech - Lending,Bengaluru,2024-08-23,https://entrackr.com/2024/08/amazon-backed-axio-raises-20-mn-via-right-issue/
Zepto,https://www.zeptonow.com/,340,Series G,Quick Commerce,Mumbai,2024-08-30,https://economictimes.indiatimes.com/tech/funding/zepto-bags-340-million-more-from-general-catalyst-mars-growth-and-epiq-capital/articleshow/112901416.cms
Blue Tokai,https://bluetokaicoffee.com/,35,Series C,Coffee Brand,Gurugram,2024-08-31,https://entrackr.com/2024/08/blue-tokai-raises-35-mn-in-series-c-led-by-verlinvest/
Yubi,https://www.go-yubi.com/,30,,Fintech,Chennai,2024-08-26,https://entrackr.com/2024/08/yubi-founder-gaurav-kumar-invests-rs-250-cr-in-the-company/
Agrim,https://agrim.app/,17.3,Series B,Agritech,Gurugram,2024-08-30,https://entrackr.com/2024/08/agritech-startup-agrim-raises-17-3-mn-in-series-b-round/
Servify,https://servify.com/in/,10,Series D,Post Sales Service,Mumbai,2024-08-28,https://entrackr.com/2024/08/exclusive-servify-raises-10-mn-in-debt-and-equity/
Pilgrim,https://discoverpilgrim.com/,9,Series B,D2C Personal Care Brand,Mumbai,2024-08-29,https://entrackr.com/2024/08/exclusive-pilgrim-raises-9-mn-with-3x-valuation-surge/
House Eazy,https://houseeazy.com/,7,Series A,Proptech,Noida,2024-08-26,https://entrackr.com/2024/08/exclusive-proptech-startup-houseeazy-raises-4-mn-in-series-a/
Convin,https://convin.ai/,6.5,Series A,Conversational AI,Bengaluru,2024-08-27,https://entrackr.com/2024/08/convin-raises-6-5-mn-in-series-a-round-led-by-india-quotient/
Clean Electric,https://www.cleanelectric.in/,6,Series A,EV,Pune,2024-08-30,https://entrackr.com/2024/08/exclusive-info-edge-pi-ventures-lead-clean-electrics-series-a-round/
Finarkein Analytics,https://finarkein.com/,4.75,Pre-Series A,Data Analytics,Pune,2024-08-27,https://economictimes.indiatimes.com/tech/funding/finarkein-analytics-raises-4-75-million-in-funding-from-nexus-venture-partners-others/articleshow/112835016.cms
Kreedo,https://kreedology.com/,4,Series A,Edtech,Bengaluru,2024-08-27,https://entrackr.com/2024/08/kreedo-raises-4-mn-in-series-a-funding/
Miko,https://miko.ai/,2.5,,Robotics,Mumbai,2024-08-29,https://entrackr.com/2024/08/exclusive-miko-raises-fresh-capital-at-over-200-mn-valuation/
99 Pancakes,https://99pancakes.in/,2.4,Series A,QSR,Mumbai,2024-08-27,https://entrackr.com/2024/08/qsr-chain-99-pancakes-raises-rs-20-cr/
Plutos ONE,https://www.plutos.one/,2,Seed,Fintech,Delhi,2024-08-27,https://entrackr.com/2024/08/plutos-one-raises-2-mn-in-seed-round-led-by-startupxseed/
Sunfox Technologies,https://sunfox.in/,1.79,Pre-Series A,Healthtech,Dehradun,2024-08-28,https://entrackr.com/2024/08/sunfox-technologies-raises-rs-15-cr-led-by-venture-catalysts/
Laiqa,https://mylaiqa.com/,1.787,Seed,Feminine Hygiene,Gurugram,2024-08-28,https://entrackr.com/2024/08/laiqa-raises-rs-15-cr-seed-round-from-ivycap-ventures/
Just Words,https://www.justwords.in/,1.7,Seed,Marketing,Gurugram,2024-08-27,https://yourstory.com/2024/08/startup-news-updates-daily-roundup-august-27-2024
DeepMatrix,https://deepmatrix.io/,1.6,Pre-Series A,Deeptech,Bengaluru,2024-08-27,https://entrackr.com/2024/08/deeptech-startup-deepmatrix-raises-1-6-mn-in-pre-series-a-round/
Cambrian Bioworks,https://cambrianbioworks.com/,1.45,Seed,Biotech,Bengaluru,2024-08-28,https://entrackr.com/2024/08/cambrian-bioworks-raises-1-45-mn-in-seed-round/
ProFintech,https://www.profintech.in/,1.4,Seed,Fintech,Hyderabad,2024-08-28,https://entrackr.com/2024/08/profintech-raises-1-4-mn-in-a-seed-round/
Insurance Padosi,https://www.insurancepadosi.in/,0.5,Pre-Seed,Insurance,Jodhpur,2024-08-27,https://entrackr.com/2024/08/antler-leads-500k-round-in-insurancepadosi/
ODA Class,https://www.odaclass.com/,0.5,Series B,Edtech,Bengaluru,2024-08-29,https://entrackr.com/2024/08/edtech-startup-oda-class-raises-500k-in-series-b-round/
Medront,https://www.medront.com/,0.126,Pre-Seed,Data Storage,Mumbai,2024-08-29,https://entrackr.com/2024/08/medront-raises-pre-seed-round-led-by-ipv/
Rapido,https://www.rapido.bike/,200,Series E,Ridehailing,Bengaluru,2024-09-05,https://economictimes.indiatimes.com/tech/funding/rapido-rolls-into-unicorn-club-with-200-million-raise-at-1-1-billion-valuation/articleshow/113073029.cms?from=mdr
JUSTO Realfintech,https://justo.co.in/,7,Seed + Debt,Proptech,Mumbai,2024-09-04,https://inc42.com/buzz/justo-realfintech-bags-7-mn-to-expand-its-proptech-play/
Nutrabay,https://nutrabay.com/,5,Series A,D2C Protein Brand,Delhi,2024-09-02,https://entrackr.com/2024/09/d2c-retail-brand-nutrabay-raises-5-mn-in-series-a/
The Hosteller,https://www.thehosteller.com/,4,Series A,Backpacker Hostel Chain,Mumbai,2024-09-04,https://inc42.com/buzz/traveltech-startup-the-hosteller-nets-inr-32-cr-from-v-cube-ventures-others/
Global Care,https://www.globalcarehealth.com/,3,Series A,Medical Toursim,Gurugram,2024-09-02,https://entrackr.com/2024/09/medical-tourism-company-global-care-raises-3-mn/
BigEndian Semiconductors,https://bigendiansemi.com/,3,Seed,Semiconductor,Bengaluru,2024-09-03,https://entrackr.com/2024/09/bigendian-semiconductors-raises-3-mn-in-seed-round/
Invest4Edu,https://invest4edu.com/,3,Seed,Edtech,Mumbai,2024-09-04,https://entrackr.com/2024/09/invest4edu-raises-3-mn-in-seed-round-from-family-offices/
Theater,https://theater.xyz/,1.5,Pre-Series A,Fashion,Chandigarh,2024-09-03,https://entrackr.com/2024/09/fashion-brand-theater-raises-1-5-mn-in-pre-series-a-round/
Boson Whitewater,https://bosonwhitewater.com/,1.2,,Water Recycling,Bengaluru,2024-09-04,https://entrackr.com/2024/09/zerodhas-rainmatter-backs-bosan-and-trunativ/
Trunativ,https://trunativ.co/,1.2,,D2C Nutrition Brand,Mumbai,2024-09-04,https://entrackr.com/2024/09/zerodhas-rainmatter-backs-bosan-and-trunativ/
Spolto,https://spolto.com/,1,Seed,Sportstech,Pune,2024-09-04,https://entrackr.com/2024/09/sports-tech-startup-spolto-raises-1-mn-in-seed-round/
Valyx,https://www.valyx.com/,0.8,Pre-Seed,B2B Financial Management,Bengaluru,2024-09-04,https://entrackr.com/2024/09/valyx-bags-800k-in-pre-seed-round/
Mytek Innovations,https://mytek.in/,0.714,Debt,EPC and Manufacturing Marketplace,Thane,2024-09-03,https://entrackr.com/2024/09/infratech-startup-mytek-innovations-raises-rs-6-crore-debt/
Slikk,https://slikk.club/,0.3,Pre-Seed,Clothes Delivery,Bengaluru,2024-09-04,https://entrackr.com/2024/09/60-minute-clothes-delivery-app-slikk-raises-300k/
LiaPlus AI,https://liaplus.com/,0.238,Seed,Customer Support Solutions,Delhi,2024-09-05,https://entrackr.com/2024/09/ipv-leads-seed-round-in-liaplus-ai/
ReCircle,https://recircle.in/,,,Cleantech,Mumbai,2024-09-03,https://entrackr.com/2024/09/flipkart-ventures-backed-recircle-raises-bridge-round/
Nautical Wings Aerospace,https://nauticalwings.com/,,Pre-Series A,EV,Bengaluru,2024-09-05,https://entrackr.com/2024/09/venture-catalysts-and-1crowd-back-nautical-wings-aerospace/
InMobi,https://www.inmobi.com/,100,Debt,Adtech,Bengaluru,2024-09-11,https://entrackr.com/2024/09/inmobi-secures-100-mn-debt-for-ai-expansion/
Flexiloans,https://flexiloans.com/,35,Series C,Fintech - Lending,Mumbai,2024-09-11,https://entrackr.com/2024/09/flexiloans-raises-35-mn-from-accion-fundamentum-and-others/
Centricity,https://centricity.co.in/,20,Seed,Wealthtech,Gurugram,2024-09-12,https://entrackr.com/2024/09/wealthtech-startup-centricity-raises-20-mn-in-seed-round/
AppsForBharat,https://www.appsforbharat.com/en,18,Series B,Devotional,Bengaluru,2024-09-10,https://entrackr.com/2024/09/sri-mandir-parent-appsforbharat-raises-18-mn-in-series-b/
Nestasia,https://nestasia.in/,8.35,,Home Decor,Kolkata,2024-09-10,https://entrackr.com/2024/09/home-decor-and-lifestyle-brand-nestasia-raises-8-35-mn/
Clean Electric,https://www.cleanelectric.in/,6,,EV Battery,Pune,2024-09-10,https://entrackr.com/2024/09/ev-startup-clean-electric-raises-6-mn/
Dharaksha Ecosolutions,https://www.dharaksha.com/,2.95,Seed,Biotech,Delhi,2024-09-12,https://entrackr.com/2024/09/avaana-capital-leads-seed-round-in-dharaksha-ecosolutions/
Futwork,https://www.futwork.com/,2.5,Series A,Sales Outreach Platform,Mumbai,2024-09-12,https://entrackr.com/2024/09/exclusive-futwork-kicks-off-series-a-led-by-michael-susan-dell-foundation/
Newmi Care,https://www.newmi.in/en/,1.5,Seed,Health and Wellness,Gurugram,2024-09-13,https://entrackr.com/2024/09/women-health-platform-newmi-care-raises-1-5-mn-in-seed-round/
Mitra,http://www.dealbasketmitra.co.in/,1.31,Pre-Series A,D2C FMCG Brand,Gurugram,2024-09-11,https://entrackr.com/2024/09/mitra-bags-rs-11-cr-in-pre-series-a-round-led-by-bestvantage-investments/
Exposome,https://exposome.in/,1.2,Pre-Series A,Cleantech,Mumbai,2024-09-10,https://entrackr.com/2024/09/colossa-ventures-invests-in-cleantech-startup-exposome/
GameEon Studios,https://gameeon.in/,1,,Game Development,Mumbai,2024-09-12,https://entrackr.com/2024/09/game-development-studio-gameeon-raises-1-mn/
Wundrsight,https://www.wundrsight.com/en/,0.4,Seed,Healthtech,Bengaluru,2024-09-12,https://entrackr.com/2024/09/wundrsight-raises-400k-in-seed-round-led-by-ipv/
Transcell Biologics,https://www.transcell.in/,,,Biotech,Hyderabad,2024-09-09,https://entrackr.com/2024/09/transcell-biologics-secures-funding-from-ian-quantiphi/
MoneyView,https://moneyview.in/,4.65,,Fintech,Bengaluru,2024-09-12,https://entrackr.com/2024/09/exclusive-moneyview-becomes-unicorn-with-new-funding/
PhysicsWallah,https://www.pw.live/,210,Series B,Edtech,Noida,2024-09-20,https://entrackr.com/2024/09/physics-wallah-raises-210-mn-in-series-b-valuation-soars-to-2-8-bn/
Redcliffe Labs,https://redcliffelabs.com/?wpsrc=Google+Organic+Search,42,Series C,Diagnostics Service Provider,Noida,2024-09-17,https://entrackr.com/2024/09/redcliffe-labs-raises-42-mn-in-series-c-round/
Everest Fleet,https://everestfleet.com/,30,Series C,Mobility,Thane,2024-09-19,https://entrackr.com/2024/09/exclusive-uber-invests-30-mn-in-everest-fleet-at-425-mn-valuation/
Aye Finance,https://www.ayefin.com/,30,Series G,Lending,Gurugram,2024-09-20,https://entrackr.com/2024/09/aye-finance-raises-30-mn-in-series-g-round/
Way2News,https://www.way2news.com/,14,Series B,Hyperlocal News Platform,Hyderabad,2024-09-17,https://entrackr.com/2024/09/way2news-raises-14-mn-in-series-b-led-by-westbridge/
Kaleidofin,https://www.kaleidofin.com/,13.5,,Fintech,Chennai,2024-09-18,https://entrackr.com/2024/09/kaleidofin-raises-13-8-mn-led-by-rabo-partnerships/
Vahan,https://vahan.co/,10,Series B,Blue collar recruitment platform,Bengaluru,2024-09-19,https://entrackr.com/2024/09/blue-collar-recruitment-platform-vahan-raises-10-mn-in-series-b/
DailyObjects,https://www.dailyobjects.com/,10,Series B,D2C Lifestyle,Gurugram,2024-09-18,https://inc42.com/buzz/d2c-lifestyle-startup-dailyobjects-bags-10-mn-to-fuel-its-manufacturing-offline-play/
NowPurchase,https://nowpurchase.com/,6,,SaaS-enabled marketplace,Kolkata,2024-09-19,https://entrackr.com/2024/09/nowpurchase-raises-6-mn-led-by-info-edge-ventures-others/
AltiusHub,https://altiushub.com/,2.25,Seed,SaaS,Hyderabad,2024-09-18,https://entrackr.com/2024/09/altiushub-raises-2-25-mn-led-by-endiya-partners/
Bluecopa,https://www.bluecopa.com/,1.8,Pre-Series A,Finance Operations,Hyderabad,2024-09-18,https://entrackr.com/2024/09/bluecopa-raises-1-8-mn-in-pre-series-a-round/
Billion Hearts,https://www.billionhearts.co/,0.25,Pre-Seed,,,2024-09-18,https://entrackr.com/2024/09/koo-co-founder-mayank-bidawatka-finalizes-pre-seed-for-new-startup/
Bookmybai,https://www.bookmybai.com/,0.239,Pre-Series A,Marketplace for maids,Mumbai,2024-09-19,https://entrackr.com/2024/09/bookmybai-raises-rs-2-cr-in-pre-series-a-round-led-by-ipv/
Venttup,https://venttup.com/,,Seed,B2B Engineering Services Marketplace,Bengaluru,2024-09-16,https://entrackr.com/2024/09/venttup-raises-seed-funding-from-unicorn-india-venture/
Kaatil,https://www.kaatil.in/,,Seed,Hot Sauce Brand,Mumbai,2024-09-17,https://entrackr.com/2024/09/condiments-brand-kaatil-raises-seed-round/
Big Bang Boom Solutions,http://www.bigbangboom.com/,30,,Defense,Chennai,2024-09-20,https://inc42.com/buzz/big-bang-boom-pockets-30-mn-to-boost-its-anti-drone-tech-playbook/
Qure AI,https://www.qure.ai/,65,Series D,Healthtech,Mumbai,2024-09-24,https://inc42.com/buzz/qure-bags-65-mn-to-build-ai-based-products-for-disease-detection/
Nurix AI,https://www.nurix.ai/,27.5,Seed + Series A,AI Agents,Bengaluru,2024-09-24,https://entrackr.com/2024/09/mukesh-bansals-nurix-ai-bags-27-5-mn-from-accel-general-catalyst-meraki-labs/
HomeLane,https://www.homelane.com/,26.9,,Interior Design,Bengaluru,2024-09-25,https://entrackr.com/2024/09/homelane-to-acquire-designcafe-secure-rs-225-cr-funding/
AdOnMo,https://www.adonmo.com/,25,,Adtech,Hyderabad,2024-09-26,https://entrackr.com/2024/09/zomato-backed-adonmo-raises-25-mn-in-new-round/
Giva,https://www.giva.co/,12,Extended Series B,Jewelry,Bengaluru,2024-09-26,https://entrackr.com/2024/09/exclusive-giva-raises-12-mn-from-premji-invest-in-extended-series-b/
Kapiva,https://kapiva.in/,10,Series C,D2C Ayurvedic Nutrition Brand,Bengaluru,2024-09-23,https://entrackr.com/2024/09/exclusive-kapiva-raises-10-mn-from-existing-investors/
The Wellness Co,https://www.thewellnessco.in/,7.18,,Health and Wellness,Gurugram,2024-09-23,https://inc42.com/buzz/the-wellness-co-snags-inr-60-cr-from-easemytrip-to-push-its-health-wellness-tourism-play/
Two Point O Capital,https://twopointo.in/,6.3,Seed,Climate Financing,,2024-09-26,https://inc42.com/buzz/climate-financing-platform-two-point-o-capital-raises-6-3-mn-to-aid-clean-energy-projects-facing-capital-dearth/
Ahammune Biosciences,https://www.ahammune.com/,5,Series A,Biotech,Pune,2024-09-25,https://inc42.com/buzz/ahammune-biosciences-raises-5-mn-to-speed-up-drug-development-for-vitiligo/
CoRover,https://corover.ai/,4,Series A,Conversational AI,Bengaluru,2024-09-24,https://entrackr.com/2024/09/venture-catalysts-leads-4-mn-series-a-round-in-corover/
The Health Factory,https://www.thehealthfactory.in/,3.5,Seed,Healthy Bread Brand,Mumbai,2024-09-25,https://entrackr.com/2024/09/peak-xvs-surge-leads-3-5-mn-seed-round-in-the-health-factory/
Tuco Intelligent,https://beintelligent.in/,2,Seed,D2C Personal Care Brand for Kids,Bengaluru,2024-09-24,https://entrackr.com/2024/09/kids-personal-care-brand-tuco-intelligent-raises-2-mn-in-seed-round/
Jhana,https://jhana.ai/,1.6,Seed,Legaltech,Bengaluru,2024-09-24,https://entrackr.com/2024/09/ai-paralegal-startup-jhana-raises-1-6-mn-in-seed-round/
First Coffee,https://firstcoffee.co.in/,1.2,Seed,Specialty Coffee Brand,Delhi,2024-09-26,https://entrackr.com/2024/09/first-coffee-raises-1-2-mn-in-seed-round-led-by-beenext/
Oright,https://www.oright.io/,1,Seed,Agritech,Gurugram,2024-09-24,https://entrackr.com/2024/09/dairy-tech-startup-oright-raises-1-mn-in-seed-funding/
Care.fi,https://www.carefi.in/,0.957,Debt,Fintech,Gurugram,2024-09-26,https://entrackr.com/2024/09/fintech-startup-care-fi-secures-rs-8-cr-in-debt/
Flent,https://www.flent.in/,0.777,Pre-Seed,Proptech,Bengaluru,2024-09-25,https://entrackr.com/2024/09/proptech-startup-flent-raises-rs-6-5-cr-in-pre-seed-round/
Sharang Shakti,https://sharangshakti.com/,0.598,Pre-Seed,Defense,Noida,2024-09-23,https://entrackr.com/2024/09/defense-tech-startup-sharang-shakti-raises-pre-seed-round/
TraqCheck,https://www.traqcheck.com/,,Pre-Seed,Enterprise Software - AI-based background checks,Delhi,2024-09-24,https://economictimes.indiatimes.com/tech/funding/traqcheck-secures-funding-from-alok-oberoi-others/articleshow/113632553.cms
M2P Fintech,https://m2pfintech.com/,101.8,Series D,API Infrastructure Platform,Chennai,2024-09-24,https://entrackr.com/2024/09/m2p-fintech-raises-over-100-mn-in-primary-and-secondary-funding/
Waycool,https://waycool.in/,12,Debt,Agritech,Chennai,2024-10-01,https://entrackr.com/2024/10/exclusive-waycool-raises-12-mn-debt-from-grand-anicut/
BASIC Home Loan,https://www.basichomeloan.com/,10.6,Series B,Fintech,Gurugram,2024-09-30,https://entrackr.com/2024/09/basic-home-loan-raises-10-6-mn-in-series-b-round/
FermionIC Design,https://www.fermionic.design/,6,,Semiconductor,Bengaluru,2024-10-01,https://inc42.com/buzz/fabless-semiconductor-startup-fermionic-design-nets-6-mn-from-ashish-kacholia-associates/
Str8bat,https://www.str8bat.com/,3.5,Series A,Sportstech,Bengaluru,2024-10-03,https://entrackr.com/2024/10/sportstech-platform-str8bat-raises-3-5-mn-in-series-a/
Furnishka,https://www.furnishka.com/,3.21,Pre-Series A,Furniture Retailer,Bengaluru,2024-10-03,https://entrackr.com/2024/10/furnishka-raises-rs-27-cr-in-pre-series-a-round-led-by-indiaquotient/
LISSUN,https://www.lissun.app/,2.5,Pre-Series A,Mental Health,Gurugram,2024-09-30,https://entrackr.com/2024/09/mental-health-platform-lissun-raises-2-5-mn-in-pre-series-a/
ClayCo Cosmetics,https://clayco.in/?srsltid=AfmBOoqf87k3RYJvFTh-1SKNvi1KeKIRthtd-HvLyHf2rE_uFlKjDi8h,2,Series A,D2C Skincare Brand,Mumbai,2024-10-01,https://entrackr.com/2024/10/unilever-ventures-leads-2-mn-round-in-skincare-brand-clayco-cosmetics/
Zevo,https://zevoindia.in/,2,Pre-Series A,Electric Mobility,Delhi,2024-10-03,https://inc42.com/buzz/emobility-startup-zevo-nets-2-mn-from-bizdateup-others/
Conscious Chemist,https://consciouschemist.com/,1.4,,D2C Beauty Brand,Gurugram,2024-09-30,https://inc42.com/buzz/beauty-startup-conscious-chemist-bags-funding-from-atomic-capital-beefs-up-board/
IG Drones,https://igdrones.com/,1,Seed,Drone,Noida,2024-10-01,https://entrackr.com/2024/10/drone-tech-startup-ig-drones-raises-1-mn-in-seed-round/
OnCare,https://www.oncarecancer.com/,1,Seed,Cancer Care,Gurugram,2024-10-03,https://entrackr.com/2024/10/oncare-bags-1-mn-in-seed-round-led-by-huddle-ventures/
Ai Health Highway,https://aisteth.com/,1,Pre-Series A,Healthtech,Bengaluru,2024-10-03,https://entrackr.com/2024/10/ai-health-highway-bags-1-mn-led-by-turbostart/
Zintlr,https://zintlr.com/,0.89,Seed,B2B SaaS Platform,Bengaluru,2024-09-30,https://entrackr.com/2024/09/b2b-saas-platform-zintlr-raises-rs-7-5-cr-in-seed-round/
Aikenist,https://www.aikenist.com/,,Seed,Healthtech,Bengaluru,2024-10-01,https://entrackr.com/2024/10/venture-catalysts-leads-seed-round-in-aikenist/
Haber,https://www.haberwater.com/,38,Series C,Hardware - Industrial Robotics,Pune,2024-10-10,https://entrackr.com/2024/10/exclusive-b2b-robotics-startup-haber-raises-38-mn-in-series-c/
Millennium Babycares,https://www.millenniumbabycare.com/,14.5,,D2C Babycare,Dhar,2024-10-11,https://entrackr.com/2024/10/millenium-babycares-raises-14-5-mn-led-by-bharat-value-fund/
Urja Mobility,https://urjamobility.in/,12,Pre-Series A,EV - Battery Leasing,Delhi,2024-10-09,https://entrackr.com/2024/10/urjamobility-secures-12-mn-in-pre-series-a-funding/
Economy Process Solutions,https://www.economysolutions.in/,12,Series A,Vacuum  and Process Solutions,Mumbai,2024-10-10,https://entrackr.com/2024/10/economy-process-solutions-raises-12-mn-in-series-a/
XDLINX Space,https://xdlinx.space/,7,Seed,Spacetech,Hyderabad,2024-10-07,https://inc42.com/buzz/spacetech-startup-xdlink-space-labs-raises-7-mn-from-ashish-kacholia-others/
BioPrime Agrisolutions,https://www.bioprimeagri.com/,6,Series A,Biotech,Pune,2024-10-08,https://entrackr.com/2024/10/bioprime-raises-6-mn-in-series-a-round-led-by-edaphon/
Dezy,https://www.dezy.com/in,6,,Dental Clinic Chain,Bengaluru,2024-10-08,https://yourstory.com/2024/10/dental-care-brand-dezy-funding-chiratae-ventures-peak-xv-surge
Swara Fincare,https://www.swarafincare.com/,2.31,Series A,Fintech - NBFC Lending,Gurugram,2024-10-09,https://entrackr.com/2024/10/swara-fincare-raises-rs-19-4-cr-in-series-a-funding/
Figr,https://figr.design/,2.25,Seed,Product Design,Bengaluru,2024-10-09,https://entrackr.com/2024/10/figr-bags-2-25-mn-in-seed-round-led-by-kalaari/
Nayan Tech,https://nayan.co/,2,Pre-Series A,AI,Delhi,2024-10-07,https://entrackr.com/2024/10/ai-startup-nayan-tech-raises-2-mn-in-pre-series-a-round/
Frammer AI,https://www.frammer.com/,2,Seed,Media SaaS Platform,Delhi,2024-10-07,https://entrackr.com/2024/10/lumikai-leads-2-mn-round-in-media-saas-platform-frammer-ai/
Aereo,https://aereo.io/,1.8,Series B,Drone,Bengaluru,2024-10-07,https://entrackr.com/2024/10/aereo-raises-1-8-mn-more-in-series-b/
ZenStatement,https://zenstatement.com/,1.62,Seed,Finance Automation and Cashflow Management,Bengaluru,2024-10-09,https://entrackr.com/2024/10/zenstatement-raises-1-62-mn-in-seed-round/
Sorich Foils,https://sorichfoils.in/,1,Pre-IPO,Pharmaceutical Packaging,Gujarat,2024-10-08,https://entrackr.com/2024/10/pharmaceutical-packaging-startup-sorich-raises-1-mn/
Datazip,https://datazip.io/,1,Seed,Data Engineering,Bengaluru,2024-10-10,https://entrackr.com/2024/10/equirus-innovatex-fund-leads-1-mn-round-in-data-engineering-startup-datazip/
Holiday Tribe,https://www.holidaytribe.com/,0.643,Seed,Traveltech,Gurugram,2024-10-07,https://entrackr.com/2024/10/holiday-tribe-raises-rs-5-4-cr-from-powerhouse-ventures-and-gsf/
Onlygood.ai,https://onlygood.ai/,0.5,Seed,Carbon Management,Gurugram,2024-10-10,https://entrackr.com/2024/10/onlygood-ai-raises-seed-round/
iRasmus,https://irasus.com/,0.476,Seed,Energy Analytics,Gurugram,2024-10-09,https://entrackr.com/2024/10/energy-analytics-company-irasus-technologies-raises-seed-round/
Social Hardware,https://www.socialhardware.in/index.html,0.381,Seed,Hardware,Bengaluru,2024-10-10,https://entrackr.com/2024/10/assistive-technology-startup-social-hardware-raises-rs-3-2-cr/
Beaute Secrets,https://beautesecrets.com/,0.1905,,D2C Beauty Tools Brand,Gurugram,2024-10-07,https://entrackr.com/2024/10/d2c-brand-beaute-secrets-raises-rs-1-6-cr-from-velocity/
Jivi AI,https://www.jivi.ai/,,,AI Healthcare,Gurugram,2024-10-08,https://entrackr.com/2024/10/andrew-ngs-ai-fund-enters-india-with-investment-in-jivi/
Dorje Teas,https://dorjeteas.com/,0.214,Seed,D2C Tea Brand,Darjeeling,2024-10-12,https://entrackr.com/2024/10/dorje-teas-raises-seed-funding-from-coast-fund-vc-untitled-ventures-and-others/
Eruditus,https://www.eruditus.com/,150,Series F,Edtech,Mumbai,2024-10-18,https://entrackr.com/2024/10/eruditus-raises-150-mn-in-series-f-led-by-tpgs-the-rise-fund/
Purplle,https://www.purplle.com/,60,Series F,Beauty E-Commerce,Mumbai,2024-10-14,https://entrackr.com/2024/10/purplle-closes-series-f-round-at-180-mn/
Giva,https://www.giva.co/,30.33,Series B,Online Jewelry Brand,Bengaluru,2024-10-14,https://entrackr.com/2024/10/giva-raises-rs-255-cr-a91-and-india-quotient-get-exit-worth-rs-166-cr/
Primus Senior Living,https://www.primuslife.in/,20,Seed,Eldercare,Bengaluru,2024-10-16,https://economictimes.indiatimes.com/tech/funding/eldercare-startup-primus-senior-living-raises-20-million-from-general-catalyst-others/articleshow/114257469.cms
Troo Good,https://store.troogood.com/,9,,D2C Snack Brand,Hyderabad,2024-10-15,https://entrackr.com/2024/10/troo-good-raises-9-mn-led-by-puro-wellness/
WROGN,https://wrogn.com/,9,,Men Fashion Brand,Bengaluru,2024-10-17,https://entrackr.com/2024/10/wrogn-raises-9-mn-from-aditya-birla-digital-fashion/
Slice,https://www.sliceit.com/,8.6,,Fintech - Consumer Lending,Bengaluru,2024-10-17,https://entrackr.com/2024/10/exclusive-slice-raises-8-6-mn-from-ceo-rajan-bajaj/
Simplismart,https://www.simplismart.ai/,7,Series A,SaaS,Bengaluru,2024-10-18,https://entrackr.com/2024/10/saas-startup-simplismart-raises-7-mn-in-series-a-funding/
Yu,https://yufoodsco.com/,6.5,Series B,Consumer Food Brand,Gurugram,2024-10-18,https://entrackr.com/2024/10/consumer-food-brand-yu-raises-rs-55-cr-in-series-b-round/
Suraasa,https://www.suraasa.com/?audience=Ln%20Page%20Description,6,Series A,Edtech,Gurugram,2024-10-17,https://entrackr.com/2024/10/suraasa-raises-6-mn-in-new-round-from-reach-capital-ets-and-others-2/
The Good Bug,https://thegoodbug.com/,3.5,Series A,Health and Wellness Brand,Mumbai,2024-10-14,https://inc42.com/buzz/the-good-bug-raises-3-5-mn-from-sharrp-fireside-ventures/
AGNIT Semiconductors,https://www.agnitsemi.com/,3.5,Seed,Semiconductor,Bengaluru,2024-10-17,https://inc42.com/buzz/agnit-semiconductors-nets-3-5-mn-led-by-3one4-capital/
Yoho,https://yoholife.in/,3.2,Pre-Series B,D2C Footwear Brand,Delhi,2024-10-15,https://entrackr.com/2024/10/d2c-footwear-brand-yoho-raises-rs-27-cr-in-pre-series-b-round/
Perceptyne,https://www.perceptyne.com/,3,Seed,Robotics,Hyderabad,2024-10-14,https://entrackr.com/2024/10/deeptech-robotics-startup-perceptyne-raises-3-mn-in-seed-round/
Optimized Electrotech,https://optimizedelectrotech.com/,2.97,Grant,Defense,Ahmedabad,2024-10-16,https://inc42.com/buzz/optimized-electrotech-bags-inr-25-cr-grant-from-centre/
Red Fort Capital,https://redfortcapital.com/,2.69,Debt,Fintech - NBFC,Mumbai,2024-10-16,https://entrackr.com/2024/10/red-fort-capital-bags-rs-22-6-cr-in-debt-from-major-psu-banks/
Febi.ai,https://febi.ai/,2,Pre-Series A,Accounting,Gurugram,2024-10-17,https://entrackr.com/2024/10/accounting-and-tax-management-platform-febi-ai-raises-2-mn/
Data Science Wizards,https://www.datasciencewizards.ai/,1.4,Seed,Data Science,Thane,2024-10-15,https://entrackr.com/2024/10/data-science-wizards-raises-1-4-mn-in-seed-funding/
Elixia,https://elixia.tech/,1,Pre-Series A,Logistics Automation,Mumbai,2024-10-14,https://entrackr.com/2024/10/jiif-leads-1-mn-round-in-logistics-automation-startup-elixia/
Tablesprint,https://www.tablesprint.com/,1,Seed,No-code app builder,Bengaluru,2024-10-16,https://entrackr.com/2024/10/no-code-app-builder-tablesprint-raises-1-mn-in-seed-round/
Lifechart,https://www.lifechartayurveda.in/,0.5,Seed,Wellness Brand,Gurugram,2024-10-16,https://entrackr.com/2024/10/gut-wellness-brand-lifechart-raises-500k-in-seed-round/
Alchemyst AI,https://getalchemystai.com/,0.3,Pre-Seed,Gen AI - SaaS,Bengaluru,2024-10-16,https://entrackr.com/2024/10/alchemyst-ai-raises-300k-in-pre-seed-round-led-by-ipv-and-others/
Evenflow,https://www.evenflowbrands.com/,,,E-Commerce Roll-up,Bengaluru,2024-10-15,https://entrackr.com/2024/10/evenflow-raises-bridge-round-eyes-public-listing-by-2027/
Even Healthcare,https://even.in/,30,Series A,Healthcare,Bengaluru,2024-10-23,https://entrackr.com/news/even-healthcare-scoops-up-30-mn-in-series-a-led-by-khosla-venture-7346466
Neysa AI,https://neysa.ai/,30,Series A,Generative AI,Mumbai,2024-10-22,https://entrackr.com/news/generative-ai-startup-neysa-raises-30-mn-in-series-a-7345708
Stellapps,https://www.stellapps.com/,26,Series C,Dairy tech,Bengaluru,2024-10-21,https://entrackr.com/2024/10/dairy-tech-firm-stellapps-raises-26-mn-to-accelerate-moomark-business/
Zouk,https://zouk.co.in/,10,Series B,D2C Luggage Brand,Mumbai,2024-10-23,https://entrackr.com/news/d2c-brand-zouk-raises-10-mn-led-by-aavishkaar-capital-7349234
Advance Mobility,https://www.advancemobility.io/,3,Seed,Fleet Management,Mumbai,2024-10-21,https://inc42.com/buzz/advance-mobility-bags-3-mn-from-india-accelerator-finvolve/
Wishnew Wellness,https://wishnew.store/,0.25,Angel,Health and Wellness,Delhi,2024-10-23,https://entrackr.com/snippets/wishnew-wellness-secures-250k-in-angel-funding-7349195
Healthify,https://www.healthifyme.com/in/,20,Series D,Health and Fitness,Bengaluru,2024-10-25,https://entrackr.com/news/healthify-raises-20-mn-aims-for-us-expansion-7353609
Finova Capital,https://finova.in/,135,Series E,Fintech - NBFC,Jaipur,2024-10-29,https://inc42.com/buzz/nbfc-finova-capital-nets-135-mn-to-expand-loan-book/
Vridhi Home Finance,https://www.vridhihomefinance.com/,36.9,Series B,Fintech - NBFC,Bengaluru,2024-10-29,https://inc42.com/buzz/vridhi-home-finance-bags-inr-310-cr-from-norwest-others/
Udaan,https://udaan.com/,35.7,Debt,B2B E-Commerce,Bengaluru,2024-10-28,https://entrackr.com/news/udaan-raises-rs-300-cr-debt-from-lighthouse-canton-and-others-7367717
Zinc,https://www.zinc.money/,25.5,Seed,Edtech - Fintech,Bengaluru,2024-10-29,https://entrackr.com/news/former-payu-exec-startup-zinc-raises-255-mn-in-seed-funding-7370869
Arya.ag,https://arya.ag/,19.8,Debt,Agritech,Noida,2024-10-28,https://entrackr.com/news/agritech-startup-aryaag-gets-198-mn-debt-commitment-from-dfc-7368290
COOX,https://www.coox.in/,0.125,Seed,Home Services,Noida,2024-10-28,https://entrackr.com/snippets/home-services-startup-coox-raises-125k-in-seed-round-7367830
Country Delight,https://countrydelight.in/,23.7,Debt,Dairy Brand,Gurugram,2024-10-31,https://entrackr.com/news/country-delight-raises-rs-200-cr-in-debt-from-alteria-7375827
Easy Home Finance,https://www.easyhomefinance.in/,35,Series B,Fintech - Home Lending,Mumbai,2024-11-06,https://entrackr.com/news/easy-home-finance-raises-35-mn-from-ranjan-pais-claypond-capital-others-7459643
Boldfit,https://boldfit.in/,13,,Health and Fitness,Bengaluru,2024-11-07,https://economictimes.indiatimes.com/tech/funding/boldfit-gets-rs-110-cr-investment-from-bessemer-venture-partners/articleshow/115022571.cms
CynLr,https://www.cynlr.com/,10,Series A,Robotics,Bengaluru,2024-11-05,https://inc42.com/buzz/cynlr-funding-robotics-startup-automate-manufacturing/
Marut Drones,https://marutdrones.com/,6.2,Series A,Drones,Hyderabad,2024-11-05,https://economictimes.indiatimes.com/tech/funding/marut-drones-raises-6-2-million-from-lok-capital/articleshow/114981015.cms
Hala Mobility,https://halamobility.in/,6,Pre-Series A,EV,Hyderabad,2024-11-04,https://entrackr.com/snippets/hala-mobility-raises-rs-51-cr-in-pre-series-a-round-7383278
CastNX,https://castnx.com/,2.75,,Hardware - Power Electronics,Indore,2024-11-05,https://economictimes.indiatimes.com/tech/funding/deep-tech-startup-castnx-raises-23-22-cr-from-arpit-khandelwal/articleshow/114979257.cms
Pulse,https://www.pulsegen.io/,1.4,Seed,Gen AI,Hyderabad,2024-11-07,https://inc42.com/buzz/saas-focused-ai-startup-pulse-bags-funding-from-endiya-partners/
Viraa Care,https://www.viraacare.com/?srsltid=AfmBOoo0M1FckvSqXt4yU5Phx8_XeX2khbqCtW3ciouk5xhuMplqBKOe,0.108,Pre-Seed,Healthtech,Chandigarh,2024-11-04,https://entrackr.com/snippets/viraa-care-raises-108k-in-pre-seed-funding-round-7384055
QubeHealth,https://www.qubehealth.com/,,Pre-Series A,Healthcare,Mumbai,2024-11-05,https://economictimes.indiatimes.com/tech/funding/qubehealth-raises-pre-series-a-funding-from-uiv-canbank/articleshow/114979775.cms
The Hosteller,https://www.thehosteller.com/,5.69,Equity + Debt,Hostel Chain,Mumbai,2024-11-07,https://economictimes.indiatimes.com/tech/funding/backpacker-hostel-chain-the-hosteller-raises-rs-48-crore-in-round-led-by-v3-ventures/articleshow/115026134.cms
SarvaGram,https://www.sarvagram.com/,66.89,Series D,Rural credit,Pune,2024-11-14,https://yourstory.com/2024/11/rural-lending-startup-sarvagram-rs-565-crore-series-d-funding-peak-xv
The ePlane Company,https://www.eplane.ai/,14,Series B,Flying Taxi,Chennai,2024-11-13,https://techcrunch.com/2024/11/13/eplane-looks-to-ride-the-indian-governments-interest-in-air-taxis-with-new-14m-round/
Equal,https://www.equal.in/,10,Series A,ID Verification/SaaS,Hyderabad,2024-11-11,https://entrackr.com/snippets/id-verification-startup-equal-raises-10-mn-led-by-prosus-others-7570622
Ugaoo,https://www.ugaoo.com/,5.5,Series A,Gardening,Pune,2024-11-12,https://entrackr.com/snippets/urban-gardening-firm-ugaoo-raises-rs-47-cr-in-series-a-7573861
Funstop Games,https://www.funstop.io/,5,Series A,Casual Mobile Games,Delhi,2024-11-13,https://entrackr.com/snippets/funstop-games-raises-5-mn-in-series-a-round-7577021
BiteSpeed,https://www.bitespeed.co/,3.5,Pre-Series A,SaaS,Bengaluru,2024-11-13,https://entrackr.com/snippets/peak-xvs-surge-leads-35-mn-pre-series-a-round-in-bitespeed-7577047
Airbound,https://www.airbound.co/,1.7,Seed,Drone,Bengaluru,2024-11-14,https://entrackr.com/snippets/dronetech-startup-airbound-raises-17-mn-in-seed-capital-7580748
India IVF,https://indiaivf.co.in/,1.24,Pre-Series A,IVF,New Delhi,2024-11-12,https://entrackr.com/snippets/india-ivf-raises-124-mn-in-pre-series-a-7574397
DesignX,https://designx.in/,1,Pre-Series A,Shopfloor Hyper-Automation,Noida,2024-11-12,https://entrackr.com/snippets/piper-serica-angel-fund-leads-1-mn-round-in-designx-7573980
Pikndel,https://www.pikndel.in/,1,Seed,Logistics,New Delhi,2024-11-13,https://entrackr.com/snippets/vc-grid-leads-1-mn-seed-round-for-pikndel-7577758
StampMyVisa,https://stampmyvisa.com/,0.781,Pre-Series A,B2B Visa Services,Mumbai,2024-11-12,https://entrackr.com/snippets/unicorn-india-ventures-backs-b2b-visa-platform-stampmyvisa-7574389
LegalKart,https://www.legalkart.com/,0.769,,Legaltech,Gurugram,2024-11-14,https://entrackr.com/snippets/legaltech-startup-legalkart-raises-rs-65-cr-in-fresh-round-7580531
CTPL,https://ctpl.io/,0.591,,Admissions as a service,Gurugram,2024-11-12,https://entrackr.com/snippets/physis-capital-marks-second-investment-of-rs-5-cr-in-ctpl-7573889
Mushin Innovative Labs,https://www.mushinlabs.com/,0.25,Seed,SaaS,New Delhi,2024-11-14,https://entrackr.com/snippets/ipv-invests-saas-startup-mushin-innovative-labs-7579803
Wheelocity,https://www.wheelocity.com/,15,,B2C Fresh Commerce,Chennai,2024-11-12,https://yourstory.com/2024/11/wheelocity-raises-15-million-lightspeed-anicut-alteria-fresh-produce
Zepto,https://www.zeptonow.com/,350,Series G,Quick Commerce,Mumbai,2024-11-22,https://entrackr.com/news/zepto-raises-350-mn-surpasses-135-bn-in-funding-for-2024-7599303
HealthKart,https://entrackr.com/news/insurtech-firm-zopper-raises-25-mn-led-by-elevation-dharana-and-blume-7597743,153,,Health and Fitness,Gurugram,2024-11-18,https://entrackr.com/news/healthkart-raises-153-mn-completes-first-ever-esop-buyback-7589536
Zopper,https://www.zopper.com/,25,Series D,Insurtech,Noida,2024-11-21,https://entrackr.com/news/insurtech-firm-zopper-raises-25-mn-led-by-elevation-dharana-and-blume-7597743
OneCell Diagnostics,https://www.onecelldx.com/,16,Series A,Biotech,Pune,2024-11-21,https://entrackr.com/snippets/onecell-diagnostics-raises-16-mn-in-series-a-round-7596956
Blitz,https://www.blitznow.in/,6,Series A,E-Commerce,Bengaluru,2024-11-20,https://entrackr.com/snippets/blitz-raises-rs-51-cr-in-series-a-round-led-by-ivycap-ventures-7594671
Billion Hearts,https://www.billionhearts.co/,4,Seed,Consumer Tech,Bengaluru,2024-11-20,https://entrackr.com/snippets/billion-hearts-raises-4-mn-in-new-round-7594400
Credflow,https://credflow.in/,3.7,Pre-Series B,Fintech,Delhi,2024-11-21,https://entrackr.com/snippets/sme-focused-fintech-startup-credflow-secures-37-mn-7597214
Proost,https://www.proost69.com/,3.55,Series A,Beer Brand,Gurugram,2024-11-19,https://entrackr.com/snippets/proost-secures-rs-30-cr-in-ongoing-series-a-round-7592097
Doodhvale Farms,https://www.doodhvalefarms.com/,3,Series A,Dairy,Delhi,2024-11-20,https://entrackr.com/snippets/dairy-startup-doodhvale-farms-raises-3-mn-in-series-a-round-7595225
Abyom,https://abyom.com/,2.5,Seed,Spacetech,Hyderabad,2024-11-20,https://inc42.com/buzz/abyom-bags-2-5-mn-to-build-reusable-rockets-space-infra/#
Indic Wisdom,https://indicwisdom.com/,2,Pre-Series A,Food Brand,Mumbai,2024-11-19,https://entrackr.com/snippets/food-brand-indic-wisdom-raises-2-mn-in-pre-series-a-round-7592331
PeLocal,https://pelocal.com/,2,Seed,Fintech,Chennai,2024-11-19,https://entrackr.com/snippets/unicorn-india-ventures-leads-2-mn-round-in-pelocal-7592147
Swish,https://www.justswish.in/,2,Seed,Quick Commerce - Food Delivery,Bengaluru,2024-11-19,https://entrackr.com/snippets/accel-backs-10-minute-food-delivey-startup-swish-7591573
Biryani By Kilo,https://biryanibykilo.com/,2,,Cloud Kitchen,Gurugram,2024-11-18,https://inc42.com/buzz/biryani-by-kilo-raises-2-mn-from-pulsar-capital/
Taqtics,https://taqtics.co/,1.2,Seed,SaaS,Bengaluru,2024-11-20,https://entrackr.com/snippets/saas-startup-taqtics-raises-12-mn-in-seed-round-7594678
Theranautilus,https://theranautilus.com/,1.2,Seed,Nanotech,Bengaluru,2024-11-19,https://entrackr.com/snippets/theranautilus-raises-12-mn-in-seed-round-led-by-pi-ventures-7591681
Startup Thamizha,https://www.startupthamizha.tv/,0.39,,Media,Chennai,2024-11-19,https://entrackr.com/snippets/baanhem-ventures-raises-rs-33-cr-from-mudhal-partners-7592350
Cadre,https://www.cadreodr.com/,0.2,Pre-Series A,Online Dispute Resolution,Bengaluru,2024-11-19,https://entrackr.com/snippets/online-dispute-resolution-platform-cadre-odr-raises-200k-7592364
OneCard,https://www.getonecard.app/,28.5,,Fintech - Credit Card,Pune,2024-11-25,https://entrackr.com/exclusive/exclusive-onecard-to-secure-285-mn-in-new-funding-round-7606257
Candytoy Corporates,https://smtoysctc.com/,13.22,Series A,Toy Manufacturer,Indore,2024-11-27,https://entrackr.com/snippets/candytoy-corporate-raises-rs-110-cr-in-series-a-round-7612046
Alt Mobility,https://www.alt-mobility.com/,10,Series A,EV Leasing,Delhi,2024-11-27,https://inc42.com/buzz/ev-leasing-startup-alt-mobility-bags-10-mn-in-series-a-round/
ShopDeck,https://shopdeck.com/,8,Seed,E-Commerce,Bengaluru,2024-11-27,https://entrackr.com/snippets/shopdeck-raises-8-mn-led-by-bessemer-venture-7612018
Elchemy,https://elchemy.com/,5.6,Series A,Chemical Manufacturing,Mumbai,2024-11-25,https://entrackr.com/snippets/prime-venture-leads-56-mn-round-in-elchemy-7606777
NeoGrowth,https://www.neogrowth.in/,4.97,Debt,Fintech - MSME Lending,Mumbai,2024-11-26,https://entrackr.com/exclusive/exclusive-neogrowth-raises-debt-from-uti-international-7610573
All Things Baby,https://allthingsbaby.com/,3.6,Series A,D2C Baby Products Brand,Mumbai,2024-11-26,https://inc42.com/buzz/d2c-brand-all-things-baby-bags-inr-30-cr-funding-to-expand-its-omnichannel-play/
Beyond Appliances,https://beyondappliances.in/,2,Seed,Electronics - Kitchen Appliances Manufacturing,Bengaluru,2024-11-25,https://entrackr.com/snippets/beyond-appliances-raises-2-mn-in-seed-round-7606481
Ukhi,https://www.ukhi.org/,1.2,Pre-Seed,Biomaterials,Delhi,2024-11-25,https://entrackr.com/snippets/biomaterials-startup-ukhi-raises-12-mn-in-pre-seed-round-7607031
ParkMate,https://parkmate.in/,1.2,,Car Parking Solutions Provider,Noida,2024-11-27,https://entrackr.com/snippets/parkmate-raises-12-mn-led-by-cactus-partners-7612633
True Diamond,https://truediamond.in/,1,Seed,Lab Grown Diamond Jewelry,Mumbai,2024-11-26,https://entrackr.com/snippets/true-diamond-raises-1-mn-in-seed-funding-round-7609783
Ikin Global,https://ikinglobal.com/,1,Pre-Series A,Smart Lock,Kochi,2024-11-26,https://entrackr.com/snippets/iot-smart-lock-ikin-global-raises-1-mn-in-pre-series-a-round-7609528
Ladies Who Lead,https://ladieswholead.in/,1,Pre-Series A,Membership community for women,Gurugram,2024-11-28,https://entrackr.com/snippets/ladies-who-lead-raises-1-mn-led-by-nithin-kamaths-rainmatter-7613099
Homversity,https://www.homversity.com/,1,Pre-Series A,Student Housing,Ahmedabad,2024-11-28,https://entrackr.com/snippets/homversity-raises-1-mn-from-shur-up-ipv-and-others-7614760
Althion,https://www.althion.in/,0.426,Pre-Series A,Healthcare,Hyderabad,2024-11-28,https://entrackr.com/snippets/water-tech-startup-althion-raises-pre-series-a-round-7615220
BitSave,https://www.bitsave.club/,,Pre-Series A,Crypto,Bengaluru,2024-11-26,https://entrackr.com/snippets/crypto-investment-startup-bitsave-raises-pre-series-a-round-7609466
MasterChow,https://masterchow.in/,6.5,Series A,D2C Ready to Cook Food Brand,Delhi,2024-11-30,https://inc42.com/buzz/masterchow-raises-6-5-mn-from-tanglin-ventures-peak-xvs-surge/
Wooden Street,https://www.woodenstreet.com/,43,Series C,Furniture Brand,Jaipur,2024-12-07,https://entrackr.com/snippets/wooden-street-raises-43-mn-in-series-c-round-from-premji-invest-7783562
Ultraviolette Automotive,https://www.ultraviolette.com/,15.34,,EV,Bengaluru,2024-12-04,https://inc42.com/buzz/exclusive-ultraviolette-raises-inr-130-cr-from-zoho-others/
Orange Health Labs,https://www.orangehealth.in/,12,,Healthcare,Bengaluru,2024-12-06,https://entrackr.com/snippets/amazon-smbhav-venture-leads-12-mn-round-in-orange-health-7779370
DentalKart,https://www.dentalkart.com/,10,,Dental Products Marketplace,Delhi,2024-12-04,https://entrackr.com/snippets/dentalkart-raises-85-cr-co-led-by-malabar-investment-whiteoak-7760354
AdvantageClub.ai,https://www.advantageclub.ai/,4,Seed,Employee Engagement,Gurugram,2024-12-02,https://entrackr.com/snippets/axilor-ventures-leads-4-mn-round-in-advantageclubai-7664689
ZFunds,https://zfunds.in/,2.95,,Wealthtech,Gurugram,2024-12-04,https://entrackr.com/snippets/wealthtech-startup-zfunds-raises-rs-25-cr-led-by-elevation-capital-7759040
The Indus Valley,https://www.theindusvalley.in/,2.726,,D2C Kitchenware Brand,Chennai,2024-12-04,https://entrackr.com/exclusive/exclusive-kitchenware-firm-the-indus-valley-raises-fresh-funds-led-by-dsg-7760364
The Money Club,https://moneyclubber.com/,2.5,Series A,Fintech,Noida,2024-12-05,https://entrackr.com/snippets/the-money-club-raises-25-mn-in-series-a-7776809
WickedGud,https://wickedgud.com/,2.36,,D2C Food Brand,Mumbai,2024-12-04,https://entrackr.com/snippets/shilpa-shetty-backed-wickedgud-raises-rs-20-cr-led-by-orios-venture-partners-7759626
Agrileaf,https://agrileaf.in/,2,,Biodegradable Tableware Manufacturer,Mangalore,2024-12-03,https://entrackr.com/snippets/agrileaf-secures-2-mn-co-led-by-capital-a-and-samarsh-capital-7756930
Terractive,https://terractive.in/,1,Pre-Series A,D2C Lifestyle Activewear Brand,Mumbai,2024-12-05,https://entrackr.com/snippets/lifestyle-brand-terractive-raises-pre-series-a-round-7776704
Neuranics Lab,http://neuranicslab.com/,0.7,Seed,Healthcare,Delhi,2024-12-05,https://entrackr.com/snippets/healthcare-diagnostics-startup-neuranics-raises-700k-in-seed-round-7776699
Atmosphere - The Store Makers,https://atmosphere.work/,0.59,Seed,Space Transformation,Mumbai,2024-12-05,https://entrackr.com/snippets/atmosphere-the-store-makers-raises-rs-5-cr-in-seed-round-7776572
Medial,https://medial.app/,0.5,Pre-Series A,Social Networking,Bengaluru,2024-12-05,https://entrackr.com/news/medial-raises-500k-in-pre-series-a-led-by-og-capital-7776415
RaptorX,https://raptorx.ai/,0.472,Pre-Seed,Fintech - Fraud Prevention,Hyderabad,2024-12-02,https://entrackr.com/snippets/fraud-prevention-software-platform-raptorx-raises-pre-seed-round-7664465
GoodLives,https://app.goodlives.in/,0.1298,Pre-Seed,Mental Health and Wellness,Gurugram,2024-12-03,https://entrackr.com/snippets/mental-health-and-wellness-startup-goodlives-raises-pre-seed-round-7756631
Bumboo,https://www.getbumboo.com/,,Angel,Waste Management,Delhi,2024-12-03,https://entrackr.com/snippets/waste-management-startup-bumboo-raises-angel-funding-7756269
Hygenco,https://www.hygenco.in/,6,Debt,Cleantech,Gurugram,2024-12-05,https://entrackr.com/exclusive/exclusive-cleantech-firm-hygenco-raises-rs-50-cr-debt-7776806
Rebel Foods,https://www.rebelfoods.com/,210,,Cloud Kitchen,Mumbai,2024-12-12,https://economictimes.indiatimes.com/tech/funding/temasek-leads-210-million-funding-in-rebel-foods/articleshow/116239414.cms?from=mdr
Mintifi,https://www.mintifi.com/,180,Series E,Supply Chain Financing,Mumbai,2024-12-10,https://entrackr.com/news/mintifi-raises-180-mn-funding-at-850-mn-valuation-8425668
Zetwerk,https://www.zetwerk.com/,67,Series F,Manufacturing,Bengaluru,2024-12-12,https://entrackr.com/exclusive/exclusive-zetwerk-to-raise-67-mn-at-3-bn-valuation-8431785
Haber,https://www.haberwater.com/,44,Series C,Robotics,Pune,2024-12-10,https://entrackr.com/news/b2b-robotics-maker-haber-raises-44-mn-in-series-c-round-8427155
SolarSquare,https://www.solarsquare.in/,40,Series B,Solar Energy,Mumbai,2024-12-12,https://entrackr.com/news/solarsquare-raises-40-mn-in-series-b-led-by-lightspeed-8431566
Pixxel,https://www.pixxel.space/,24,Series B,Spacetech,Bengaluru,2024-12-09,https://entrackr.com/news/google-backed-spacetech-startup-pixxel-raises-24-mn-more-in-series-b-8342822
Snapmint,https://snapmint.com/,18,Debt + Equity,"Fintech - Buy Now, Pay Later",Mumbai,2024-12-12,https://www.moneycontrol.com/news/business/snapmint-secures-18-mn-in-a-mix-of-debt-and-equity-to-expand-its-no-cost-emi-platform-12888089.html
FirstClub,,18,Seed,Quick Commerce,Bengaluru,2024-12-12,https://economictimes.indiatimes.com/tech/funding/firstclub-of-former-cleartrip-ceo-ayyappan-raises-8-million-in-round-led-by-accel-rtp-global/articleshow/116221395.cms
Varthana,https://varthana.com/,15,Debt,Fintech - NBFC,Bengaluru,2024-12-09,https://entrackr.com/snippets/nbfc-varthana-secures-15-mn-from-blueorchard-microfinance-fund-8326106
Avanti Finance,https://www.avantifinance.in/,14.2,Series B,Fintech NBFC,Bengaluru,2024-12-11,https://inc42.com/buzz/nbfc-avanti-finance-nets-14-2-mn-to-expand-loan-book/
DCDC Health Services,http://www.dcdc.co.in/,10,Debt,Healthcare,Delhi,2024-12-09,https://entrackr.com/snippets/dcdc-health-services-raises-nearly-10-mn-from-bii-8326289
Stage,https://www.stage.in/,10,Series B,OTT Platform,Noida,2024-12-13,https://entrackr.com/exclusive/exclusive-ott-app-stage-secures-10-mn-led-by-goodwater-capital-8436372
FinX,https://finxpert.org/,6,,Edtech - Skilling,Mumbai,2024-12-12,https://economictimes.indiatimes.com/tech/funding/skilling-platform-finx-mops-up-6-million-in-round-led-by-elevar-equity/articleshow/116220716.cms
Inkers Technology,https://www.inkers.ai/,3,Series A,Proptech,Bengaluru,2024-12-13,https://entrackr.com/snippets/proptech-startup-inkers-technology-raises-3-mn-in-series-a-round-8437404
Culture Circle,https://www.culture-circle.com/,2,Seed,E-Commerce - Sneakers,Gurugram,2024-12-11,https://inc42.com/buzz/exclusive-sneakers-focussed-marketplace-culture-circle-bags-2-mn/
Sustainiam,https://sustainiam.com/,1.45,Pre-Series A,Climate Tech,Bengaluru,2024-12-10,https://inc42.com/buzz/climate-tech-startup-sustainiam-bags-funding-from-orios/
Netrasemi,https://www.netrasemi.com/,1.2,Pre-Series A,Semiconductor,Thiruvananthapuram,2024-12-10,https://inc42.com/buzz/semicon-startup-netrasemi-bags-inr-10-cr-to-build-edge-ai-for-iot-products/
Kreedo,http://www.kreedology.com/,1.18,Debt,Edtech,Bengaluru,2024-12-10,https://entrackr.com/snippets/kreedo-secures-rs-10-cr-debt-funding-from-recur-club-8415920
Legitquest,https://www.legitquest.com/,0.6,,Legal-Tech,Delhi,2024-12-11,https://economictimes.indiatimes.com/tech/funding/legitquest-raises-660000-in-ongoing-round-from-existing-investors-infoedge-waterbridge-ventures/articleshow/116222381.cms
Savesage Club,https://savesage.club/,0.2947,Angel,Fintech - Loyalty Management,Gurugram,2024-12-09,https://entrackr.com/snippets/savesage-club-raises-angel-round-8331798
VOICE,https://www.ev91riderz.com/,0.5887,Seed,EV,Bengaluru,2024-12-13,https://entrackr.com/snippets/ev-startup-voice-raises-seed-funding-round-8437948
Bizom,https://bizom.com/,12,Series B,Retail Intelligence Platform,Bengaluru,2024-12-18,https://entrackr.com/snippets/pavestone-leads-12-mn-series-b-round-in-bizom-8449556
Zingbus,https://www.zingbus.com/,9,Series A,Intercity bus service,Gurugram,2024-12-17,https://yourstory.com/2024/12/bp-ventures-invests-9m-intercity-ev-electric-bus-startup-zingbus
Seekho,https://seekho.in/,8,Series A,Educational OTT,Bengaluru,2024-12-17,https://entrackr.com/news/seekho-app-raises-8-mn-in-series-a-led-by-lightspeed-8448531
HostBooks,https://www.hostbooks.com/,5,Series B,SaaS,Gurugram,2024-12-16,https://inc42.com/buzz/accounting-startup-hostbooks-bags-5-mn-to-expand-its-ai-product-suite/
QuiD Cash,https://quidcash.in/,4.5,Pre-Series A,Fintech,Bengaluru,2024-12-19,https://entrackr.com/snippets/fintech-startup-quid-cash-raises-45-mn-in-pre-series-a-round-8496056
Quanfluence,https://quanfluence.com/,2,Seed,Computer Hardware,Bengaluru,2024-12-18,https://entrackr.com/snippets/pi-ventures-leads-2-mn-seed-round-in-quanfluence-8449685
Curie Money,https://www.curie.money/,1.2,Seed,Fintech,Bengaluru,2024-12-19,https://entrackr.com/snippets/fintech-startup-curie-money-raises-12-mn-in-seed-round-8495734
Resilience AI,https://www.resilience360.ai/,1,Seed,Climate Tech,Gurugram,2024-12-18,https://entrackr.com/snippets/climate-tech-startup-resilience-ai-bags-1-mn-in-seed-round-8447216
Fitsol,https://fitsol.green/,1,Seed,Climate Tech,Gurugram,2024-12-19,https://entrackr.com/snippets/climate-tech-startup-fitsol-raises-1-mn-in-seed-round-8504199
Fibroheal Woundcare,https://fibroheal.com/,0.742,Pre-Series A,Healthcare,Bengaluru,2024-12-16,https://entrackr.com/snippets/healthtech-startup-fibroheal-woundcare-raises-rs-63-cr-in-pre-series-a-8443450
MBG Card,https://mbgcard.in/,0.3197,,SaaS,Pune,2024-12-19,https://entrackr.com/snippets/saas-startup-mbg-card-raises-rs-272-cr-led-by-ipv-8496935
Crown Vet,https://www.crown.vet/,,,Healthcare,Mumbai,2024-12-17,https://entrackr.com/snippets/mars-veterinary-health-invests-in-crown-vet-8446837
Zunroof,https://www.zunroof.com/,2.35,,Solar Energy,Gurugram,2024-12-19,https://inc42.com/buzz/zunroof-bags-inr-20-cr-to-offer-rooftop-solar-solutions/
LEAP India,https://leapindia.net/,63,,Logistics,Mumbai,2024-12-24,https://entrackr.com/exclusive/exclusive-logistics-firm-leap-india-to-raise-63-mn-led-by-kkr-8557873
Captain Fresh,https://www.captainfresh.in/,12,,B2B Seafood,Bengaluru,2024-12-26,https://entrackr.com/exclusive/exclusive-motilal-oswal-invests-rs-100-cr-in-captain-fresh-8567709
DriveX Mobility,https://www.drivex.in/,11.5,,Used bike marketplace,Bengaluru,2024-12-24,https://inc42.com/buzz/tvs-motor-raises-stake-in-narain-karthikeyans-drivex-mobility/
Univest,https://www.univest.in/,10,Series A,Fintech,Gurugram,2024-12-23,https://entrackr.com/snippets/retail-advisory-platform-univest-raises-10-mn-in-series-a-8550272
Mindgrove Technologies,https://www.mindgrovetech.in/,8,Series A,Semiconductor,Chennai,2024-12-23,https://entrackr.com/snippets/mindgrove-raises-8-mn-in-series-a-funding-round-8549547
Proxgy,https://www.proxgy.com/,3,Series A,IoT,Gurugram,2024-12-25,https://entrackr.com/snippets/ajinkya-rahane-invests-in-proxgys-series-a-round-8562749
SustVest,https://sustvest.com/,1.7,Pre-Series A,Fintech,Gurugram,2024-12-23,https://entrackr.com/snippets/sustvest-raises-17-mn-in-pre-series-a-8549550
Leanworx,https://leanworxcloud.com/,1,Seed,Manufacturing,Bengaluru,2024-12-26,https://entrackr.com/snippets/leanworx-raises-seed-round-led-by-yournest-venture-8567649
Naxatra Labs,https://www.naxatralabs.com/,,Seed,EV,Ahmedabad,2024-12-24,https://inc42.com/buzz/naxatra-labs-bags-seed-funding-to-build-ev-motors/
CargoFL,https://cargofl.com/,0.787,Seed,B2B Logistics,Pune,2025-01-02,https://entrackr.com/snippets/cargofl-raises-seed-funding-round-8584928
Guestara,https://www.guestara.com/,0.5,Pre-Seed,Guest Management,Pune,2024-12-31,https://entrackr.com/snippets/guestara-raises-500k-in-pre-seed-funding-round-8580010
NumberOne Academy,https://www.numberone.academy/,0.3498,Pre-Seed,Edtech,Kochi,2024-12-30,https://entrackr.com/snippets/numberone-academy-raises-pre-seed-funding-round-8577382
Klassroom,https://www.klassroom.in/,,Pre-Series A,Edtech,Mumbai,2025-01-02,https://inc42.com/buzz/exclusive-suniel-shetty-backed-klassroom-edutech-raises-funding-to-expand-its-ai-play/
Oyo,https://www.oyorooms.com/,65,,Hospitality,Gurugram,2025-01-04,https://entrackr.com/news/oyo-raises-65-mn-from-ritesh-agarwals-redsprig-innovation-8591029
Infinity Fincorp Solutions,https://www.infinityfincorp.com/,35,,Fintech - NBFC,Mumbai,2025-01-09,https://entrackr.com/snippets/infinity-fincorp-solutions-closes-35-mn-round-8603735
GrayQuest,https://www.grayquest.com/,9.3,Series B,Fintech,Mumbai,2025-01-09,https://entrackr.com/news/grayquest-raises-93-mn-from-iifl-fintech-fund-claypond-and-pravega-8605812
Vehant Technologies,https://www.vehant.com/,9,Debt,Security and Surveillance,Noida,2025-01-08,https://entrackr.com/snippets/vehant-technologies-raises-9-mn-from-true-north-8601401
Beyond Snack,https://www.beyondsnack.in/,8.3,Series A,D2C Snacks - Banana Chips,Alappuzha,2025-01-09,https://entrackr.com/snippets/beyond-snack-raises-83-mn-in-series-a-round-8604226
Mintoak,https://mintoak.com/,8.269,Secondary,Fintech,Mumbai,2025-01-09,https://entrackr.com/news/paypal-ventures-backed-mintoak-secures-rs-71-cr-in-secondary-funding-8603722
EMO Energy,https://emoenergy.in/,6.2,Series A,Energy,Bengaluru,2025-01-07,https://entrackr.com/snippets/emo-energy-raises-62-mn-in-series-a-round-8598190
Oben Electric,https://obenelectric.com/,6,Series A,EV,Bengaluru,2025-01-07,https://entrackr.com/snippets/oben-electric-raises-6-mn-in-series-a-8598547
RAS Luxury Skincare,https://www.rasluxuryoils.com/,5,Series A,Skincare,Mumbai,2025-01-08,https://entrackr.com/snippets/ras-luxury-skincare-raises-5-mn-led-by-unilever-ventures-8600516
BrainSight AI,https://www.brainsightai.com/,5,Pre-Series A,Deeptech,Bengaluru,2025-01-08,https://entrackr.com/snippets/neuroscience-startup-brainsight-ai-raises-5-mn-8602138
hBits,https://hbits.co/,4.659,Series A,Real Estate - Proptech,Mumbai,2025-01-08,https://entrackr.com/snippets/proptech-startup-hbits-raises-rs-40-cr-in-series-a-8601862
Zoplar,https://www.zoplar.com/,3.4,Series A,Healthtech,Gurugram,2025-01-07,https://entrackr.com/snippets/blume-ventures-leads-34-mn-round-in-zoplar-8598758
Moonrider,https://www.moonrider.ai/,2.2,Seed,EV - Tractor,Bengaluru,2025-01-07,https://entrackr.com/snippets/electric-tractor-startup-moonrider-raises-22-mn-in-seed-round-8597800
Consint.AI,https://consint.ai/,0.582,Seed,GenAI,Noida,2025-01-06,https://entrackr.com/snippets/genai-startup-consintai-raises-rs-5-cr-in-seed-round-8594981
KIBI Sports,https://www.kibisports.com/,0.1,Pre-Seed,Sports,Bengaluru,2025-01-07,https://entrackr.com/snippets/kibi-sports-raises-100k-in-pre-seed-funding-8598246
BlackCarrot,https://www.blackcarrot.in/,,Seed,Dinnerware,Mumbai,2025-01-06,https://inc42.com/buzz/d2c-dinnerware-startup-blackcarrot-bags-funding-led-by-we-founder-circle/
Quash,https://quashbugs.com/,0.635,Pre-Seed,AI,Bengaluru,2025-01-10,https://entrackr.com/snippets/agentic-ai-startup-quash-raises-pre-seed-round-led-by-arali-ventures-8608038
WeWork India,https://wework.co.in/,57.9,,Coworking,Bengaluru,2025-01-13,https://entrackr.com/snippets/wework-india-raises-rs-500-cr-via-rights-issue-8614271
Foxtale,https://foxtale.in/,30,,D2C Skincare,Mumbai,2025-01-15,https://entrackr.com/news/d2c-skincare-brand-foxtale-raises-30-mn-8623443
Ecozen,https://www.ecozensolutions.com/,23,Debt,Climate-focused deeptech,Pune,2025-01-15,https://entrackr.com/news/climate-tech-startup-ecozen-raises-23-mn-in-debt-8623678
Euler Motors,https://www.eulermotors.com/,20,Debt,EV,Delhi,2025-01-15,https://inc42.com/buzz/euler-motors-raises-20-mn-in-debt-from-responsability-investments/
BGauss,https://www.bgauss.com/,18.6,,EV,Mumbai,2025-01-14,https://entrackr.com/news/ev-two-wheeler-manufacturer-bgauss-raises-rs-161-cr-8620040
BharatPe,https://bharatpe.com/,17.3,Debt,Fintech,Gurugram,2025-01-14,https://inc42.com/buzz/bharatpe-raises-inr-150-cr-debt-eyes-ebitda-profitability-in-fy25/
Sarla Aviation,https://www.sarla-aviation.com/,10,Series A,Aerospace - Flying Taxi,Bengaluru,2025-01-15,https://entrackr.com/snippets/aerospace-startup-sarla-aviation-raises-10-mn-led-by-accel-8622762
Zypp Electric,https://www.zypp.app/,6.5,Series C,EV,Gurugram,2025-01-15,https://entrackr.com/exclusive/exclusive-zypp-electric-raises-65-mn-in-ongoing-series-c-8622270
Emiza Supply Chain Services,https://www.emizainc.com/,6,,Logistics,Mumbai,2025-01-16,https://entrackr.com/exclusive/exclusive-emiza-supply-chain-kicks-off-new-funding-round-8625857
AstroSure.ai,https://astrosure.ai/,6,Seed,Astrology,Chennai,2025-01-16,https://entrackr.com/snippets/astrosureai-raises-6-mn-in-seed-round-8626771
WeVOIS,https://www.wevois.com/,4.2,Series A,Waste Management,Jaipur,2025-01-16,https://entrackr.com/snippets/wevois-raises-rs-36-cr-in-series-a-round-from-negen-capital-8626156
Bobba Bhai,https://www.bobabhai.com/,3.47,Series A,QSR,Bengaluru,2025-01-13,https://entrackr.com/snippets/bubble-tea-brand-boba-bhai-raises-rs-30-cr-in-series-a-round-8614194
Fambo,https://www.fambo.in/,2.5,Pre-Series A,Foodtech,Noida,2025-01-16,https://entrackr.com/snippets/foodtech-startup-fambo-raises-rs-21-cr-in-pre-series-a-funding-8626412
TyrePlex,https://www.tyreplex.com/,2.31,,B2B Tyre Marketplace,Delhi,2025-01-15,https://inc42.com/buzz/tyreplex-pockets-inr-20-cr-to-digitise-indias-tyre-space/
Zerocircle,https://www.zerocircle.in/,2.3,,Biotech,Pune,2025-01-16,https://entrackr.com/snippets/biotech-startup-zerocircle-raises-rs-20-cr-led-by-rainmatter-8626169
KisaanSay,https://kisaansay.com/,2,Pre-Seed,D2C Food Brand,Gurugram,2025-01-16,https://entrackr.com/snippets/kisaansay-raises-2-mn-in-pre-seed-round-led-by-jungle-ventures-8625838
ErlySign,https://www.erlysign.com/,1.85,Pre-Series A,Healthtech,Nagpur,2025-01-15,https://inc42.com/buzz/erlysign-bags-inr-16-cr-to-develop-cancer-diagnostic-solutions/
OrbitAID Aerospace,https://www.orbitaid.com/,1.5,Pre-Seed,Spacetech,Bengaluru,2025-01-15,https://entrackr.com/snippets/spacetech-startup-orbitaid-raises-15-mn-led-by-unicorn-india-ventures-8622828
ParkMate,https://parkmate.in/,1.2,,Parking Management,Noida,2025-01-15,https://entrackr.com/snippets/cactus-partners-leads-12-mn-round-in-parkmate-8623699
GreenStitch,https://greenstitch.io/,1.2,Seed,SaaS - Fashion,Bengaluru,2025-01-15,https://entrackr.com/snippets/greenstitch-bags-12-mn-in-seed-round-8623238
Reput.ai,https://www.reput.ai/#/home,1,Pre-Seed,Supply Chain Solution,Bengaluru,2025-01-13,https://entrackr.com/snippets/reputai-closes-1-mn-in-pre-seed-round-led-by-growthcap-ventures-8619352
Tractor Factory,https://tractorfactory.in/#/,0.5,Pre-Seed,Pre-Owned Tractor Marketplace,Jabalpur,2025-01-14,https://entrackr.com/snippets/tractor-factory-raises-500k-in-pre-seed-round-led-by-all-in-capital-8619966
House of Chikankari,https://www.houseofchikankari.in/,0.4619,Seed,D2C Clothing Brand,Delhi,2025-01-16,https://entrackr.com/snippets/house-of-chikankari-bags-rs-4-cr-in-seed-round-8625846
Sukoon Unlimited,https://sukoonunlimited.com/,0.43,Pre-Seed,Agetech,Bengaluru,2025-01-15,https://entrackr.com/snippets/agetech-startup-sukoon-unlimited-raises-pre-seed-round-8622991
MotorFloor,https://motorfloor.com/,,Pre-Seed,Autotech,Bhubaneshwar,2025-01-16,https://entrackr.com/snippets/autotech-startup-motorfloor-raises-pre-seed-round-8626200
Constelli,https://www.constelli.com/,3,Pre-Series A,Aerospace,Hyderabad,2025-01-17,https://entrackr.com/snippets/pravega-ventures-leads-3-mn-pre-series-a-round-in-constelli-8629310
Infra.Market,https://infra.market/,125,Series F,B2B E-commerce for construction materials,Thane,2025-01-23,https://entrackr.com/news/inframarket-raises-125-mn-led-by-tiger-global-8647119
Namdev Finvest,https://www.namfin.in/,38,Debt,Fintech - NBFC,Jaipur,2025-01-22,https://inc42.com/buzz/namdev-finvest-bags-38-mn-debt-funding-to-diversify-operations/
Ati Motors,https://atimotors.com/,20,Series B,Industrial Robotics,Bengaluru,2025-01-23,https://entrackr.com/news/industrial-robotics-startup-ati-motors-raises-20-mn-in-series-b-round-8646163
Deconstruct,https://thedeconstruct.in/,7.52,,D2C Skincare Brand,Bengaluru,2025-01-22,https://entrackr.com/news/deconstruct-raises-rs-65-cr-from-lor%C3%A9als-vc-fund-bold-and-others-8643091
VuNet Systems,https://vunetsystems.com/,6.94,Series B,Deeptech,Bengaluru,2025-01-23,https://entrackr.com/snippets/vunet-systems-raises-rs-60-cr-in-series-b-round-8646289
Snabbit,https://www.snabbit.com/,5.5,Series A,On demand home services,Mumbai,2025-01-21,https://entrackr.com/snippets/quick-service-app-snabbit-raises-55-mn-led-by-elevation-and-nexus-8639619
Landeed,https://www.landeed.com/,5,,Proptech,Hyderabad,2025-01-23,https://entrackr.com/snippets/y-combinator-backed-landeed-raises-5-mn-8645853
KisanKonnect,https://www.kisankonnect.in/,4.5,Series A,D2C - Groceries,Ahmednagar,2025-01-20,https://entrackr.com/snippets/mistry-ventures-leads-45-mn-round-in-kisankonnect-8637095
Zeelab Pharmacy,https://zeelabpharmacy.com/,2.4,,Healthcare,Delhi,2025-01-22,https://entrackr.com/snippets/otp-ventures-leads-24-mn-round-in-zeelab-pharmacy-8643423
ProcureYard,https://procureyard.com/,1.72,Seed,B2B - Raw Materials Procurement,Gurugram,2025-01-20,https://entrackr.com/snippets/procureyard-raises-172-mn-in-seed-round-8636600
Workie,https://workie.in/,1.5,,Coworking,Indore,2025-01-22,https://entrackr.com/snippets/office-space-management-company-workie-raises-13-cr-8644098
Cancrie,https://www.cancrie.co/,1.2,Seed,Advanced nanocarbon materials for energy storage,Jaipur,2025-01-22,https://entrackr.com/snippets/cancrie-raises-12-mn-in-seed-funding-round-8644225
Raaz App,https://raaz.app/,1,Seed,Healthtech,Bengaluru,2025-01-22,https://entrackr.com/snippets/healthcare-platform-raaz-app-raises-1-mn-led-by-fireside-ventures-8643414
Chelvies Coffee,https://chelviescoffee.com/,1,Pre-Series A,Coffee Brand,Noida,2025-01-21,https://entrackr.com/snippets/chelvies-coffee-raises-1-mn-in-pre-series-a-round-8640133
Postudio,https://www.postud.io/,1,Pre-Seed,Cloud-based post-production software,Mumbai,2025-01-21,https://entrackr.com/snippets/postudio-raises-1-mn-in-pre-seed-funding-8639868
Krvvy,https://krvvy.com/,0.7,Pre-Seed,D2C Lingerie Brand,Noida,2025-01-20,https://entrackr.com/snippets/krvvy-raises-rs-61-cr-from-titan-capital-and-all-in-capital-8636581
JoySpoon,https://joyspoon.in/,0.648,Seed,D2C Mouth Freshener,Ahmedabad,2025-01-21,https://entrackr.com/snippets/joyspoon-raises-more-money-in-seed-round-8639852
Prantae Solutions,https://www.prantae.solutions/,0.578,Seed,Healthtech,Bhubaneshwar,2025-01-20,https://entrackr.com/snippets/prantae-solutions-saises-seed-round-from-ian-group-8637291
Exsure,https://exsure.in/,0.347,Seed,Biotech,Bhubaneshwar,2025-01-22,https://entrackr.com/snippets/biotech-startup-exsure-raises-seed-round-led-by-unicorn-india-ventures-8643695
Dream Aerospace,https://www.dreamaerospace.in/,0.347,Pre-Seed,Aerospace and Defense,Chennai,2025-01-23,https://entrackr.com/snippets/dream-aerospace-raises-rs-3-cr-in-pre-seed-round-8646648
SVASTEK,https://www.svastek.com/,0.231,Seed,Medtech,Delhi,2025-01-23,https://entrackr.com/snippets/ian-group-leads-seed-round-in-medtech-startup-svastek-8647043
Medusa Beverages,https://medusabeer.com/,6.46,Series A,Beer Brand,Delhi,2025-01-24,https://entrackr.com/snippets/medusa-beverages-raises-rs-56-cr-in-series-a-funding-8649454
Leap,https://leapscholar.com/,65,,Fintech - Education,Bengaluru,2025-01-29,https://entrackr.com/news/edtech-company-leap-raises-65-mn-led-by-apis-partners-8663858
Captain Fresh,https://www.captainfresh.in/,30,Pre-IPO,Seafood supply chain,Bengaluru,2025-01-31,https://entrackr.com/news/captain-fresh-raises-rs-250-cr-in-ongoing-pre-ipo-round-8678115
Geri Care Health Services,https://www.gericare.in/,13,,Healthcare,Chennai,2025-01-27,https://entrackr.com/snippets/invascent-leads-13-mn-round-in-geri-care-health-services-8658435
Innov8,https://www.innov8.work/,13,,Co-Working,Delhi,2025-01-28,https://entrackr.com/news/oyo-owned-innov8-raises-rs-110-cr-at-rs-1000-cr-valuation-8660332
Emiza,http://www.emizainc.com/,12,Series C,Supply Chain and Warehousing,Mumbai,2025-01-27,https://entrackr.com/snippets/emiza-raises-rs-100-cr-in-series-c-round-8657375
Astrome Technologies,https://astrome.co/,10,,Deeptech,Bengaluru,2025-01-27,https://entrackr.com/news/astrome-technologies-raises-10-mn-led-by-appollo-fund-8658316
VoltUp,https://www.voltup.in/,8,Seed,EV - Battery Swapping,Mumbai,2025-01-27,https://entrackr.com/snippets/voltup-raises-8-mn-in-seed-funding-round-8657725
Ambak,https://ambak.com/,7,Seed + Pre-Series A,Fintech - home loan,Gurugram,2025-01-28,https://entrackr.com/snippets/home-loan-startup-ambak-raises-7-mn-led-by-peak-xv-8661535
GrowXCD Finance,https://www.growxcd.com/,5.77,,Fintech - NBFC,Chennai,2025-01-29,https://economictimes.indiatimes.com/tech/funding/lok-capital-and-uc-impower-invest-rs-50-crore-in-growxcd-finance/articleshow/117686694.cms
Whizzo,https://whizzo.org/,4.2,Seed,Material Science Manufacturing,Bengaluru,2025-01-28,https://entrackr.com/snippets/whizzo-raises-42-mn-in-seed-round-led-by-lightspeed-8659906
Bizloan,https://bizloanindia.com/,4,Series A,Fintech - NBFC,Gurugram,2025-01-28,https://entrackr.com/snippets/nbfc-bizloan-raises-rs-35-cr-in-series-a-funding-8660744
Salad Days,https://www.saladdays.co/,3.46,,Cloud Kitchen,Gurugram,2025-01-30,https://economictimes.indiatimes.com/tech/funding/salad-days-raises-rs-30-crore-in-round-led-by-v3-ventures-caaf/articleshow/117697394.cms
CHK,https://www.gochk.com/,2.5,,D2c Footwear Brand,Bengaluru,2025-01-30,https://economictimes.indiatimes.com/tech/funding/footwear-startup-chk-raises-2-5-million-from-accel-bluestone-others/articleshow/117696832.cms
MetaShot,https://metashot.in/,1.269,Seed + Debt,Gaming,Bengaluru,2025-01-28,https://entrackr.com/snippets/saucevc-leads-11-cr-round-in-gaming-startup-metashot-8660717
Shoppin,https://shoppin.app/,1,,Fashion search engine,Gurugram,2025-01-29,https://entrackr.com/snippets/infoedge-ventures-leads-1-mn-round-in-shoppin-8669237
Origin Fresh,https://originfresh.in/,1,Pre-Seed,E-Commerce - Fresh Produce,Bengaluru,2025-01-28,https://entrackr.com/snippets/aeravti-ventures-leads-1-mn-round-in-origin-fresh-8661367
INDULGE,https://indulge.global/,1,,Luxury Concierge Services,Goa,2025-01-27,https://inc42.com/buzz/shark-tank-fame-indulge-global-bags-funding-to-offer-concierge-services/
ThinkMetal,https://thinkmetal.in/,0.8,Pre-Series A,Deeptech,Chennai,2025-01-28,https://entrackr.com/snippets/thinkmetal-raises-800k-in-pre-series-a-round-8661333
Utsav,https://utsavapp.in/home,0.725,Seed,Spiritual,Kolkata,2025-01-31,https://entrackr.com/snippets/spiritual-tech-startup-utsav-raises-rs-635-cr-8677250
MedMitra AI,https://www.medmitra-ai.com/,0.346,Pre-Seed,AI,Jaipur,2025-01-28,https://economictimes.indiatimes.com/tech/funding/medmitra-ai-raises-rs-3-crore-led-by-all-in-capital-weh-ventures/articleshow/117626643.cms
Dressfolk,https://dressfolk.com/,,,Clothing,Gurugram,2025-01-27,https://entrackr.com/snippets/eternal-capital-and-mamaearths-ghazal-alagh-back-dressfolk-8657116
Dras Ice,https://www.drasice.com/,,,Cloud Kitchen,Delhi,2025-01-28,https://economictimes.indiatimes.com/tech/funding/curefoods-makes-strategic-investment-in-dras-ice/articleshow/117624539.cms
Sammmm,https://sammmm.com/,1.2,Seed,Teen Self Care,Mumbai,2025-01-30,https://entrackr.com/snippets/teen-self-care-brand-sammmm-raises-rs-10-cr-in-seed-funding-8674589
Cashfree Payments,https://www.cashfree.com/,53,Series C,Fintech - Payments,Bengaluru,2025-02-05,https://entrackr.com/news/cashfree-payments-raises-53-mn-led-by-krafton-8690967
Auxilo,https://www.auxilo.com/,5.75,Debt,NBFC - Education,Mumbai,2025-02-07,https://entrackr.com/exclusive/exclusive-motilal-oswal-invests-in-edtech-focused-nbfc-auxilo-8698681
HairOriginals,https://www.hairoriginals.com/,5,Series A,D2C Hair Extensions,Gurugram,2025-02-05,https://entrackr.com/snippets/hairoriginals-raises-5-mn-in-series-a-round-led-by-anicut-and-12-flags-8691637
Nua,https://nuawoman.com/,4,Pre-Series C,Women’s wellness and hygiene,Mumbai,2025-02-06,https://entrackr.com/snippets/deepika-padukone-backed-wellness-brand-nua-raises-rs-35-cr-8695456
Presentations.AI,https://www.presentations.ai/,3,Seed,AI,Bengaluru,2025-02-04,https://inc42.com/buzz/presentations-ai-bags-3-mn-to-roll-out-worlds-first-ai-powered-presentation-agent/
Eduvanz,https://eduvanz.com/,2.9,Bridge,Lending - Education,Mumbai,2025-02-08,https://entrackr.com/exclusive/exclusive-eduvanz-secures-bridge-round-at-35-lower-valuation-8702252
Astra Security,https://www.getastra.com/,2.7,,Cybersecurity,Delhi,2025-02-05,https://inc42.com/buzz/astra-security-bags-2-7-mn-to-offer-cybersecurity-solutions-to-enterprises/
Dreamfly Innovations,https://www.dfi-india.com/,1.4,Seed,Drone battery,Bengaluru,2025-02-05,https://entrackr.com/snippets/dreamfly-innovations-raises-rs-12-cr-in-seed-round-8694299
Fitspire,https://fitspire.online/,1,Bridge Round for Series A,Health and Nutrition,Delhi,2025-02-05,https://entrackr.com/snippets/nutrition-brand-fitspire-raises-1-mn-in-pre-series-a-round-8692614
Mealawe,https://mealawe.com/,1,,Homemade food delivery,Pune,2025-02-05,https://entrackr.com/snippets/foodtech-startup-mealawe-raises-1-mn-in-new-round-8692490
Quicklend,https://www.quicklend.in/,0.771,Pre-Seed,Fintech - lending against mutual funds,Bengaluru,2025-02-05,https://entrackr.com/snippets/quicklend-raises-rs-675-cr-in-pre-seed-round-8691890
Babynama,https://babynama.com/,0.7,Seed,Healthtech,Delhi,2025-02-06,https://entrackr.com/snippets/healthtech-startup-babynama-raises-700k-led-by-good-capital-8694916
Presage Insights,https://www.presageinsights.ai/,0.64,Seed,IoT and AI,Delhi,2025-02-05,https://entrackr.com/snippets/presage-insights-raises-seed-funding-round-8692558
Origamis AI,https://origamis.ai/,0.5,Seed,GenAI,Bengaluru,2025-02-05,https://entrackr.com/snippets/genai-startup-origamis-ai-raises-500k-in-seed-round-8692523
PlaySuper,https://playsuper.club/,0.5,Seed,Gaming commerce,Delhi,2025-02-06,https://entrackr.com/snippets/playsuper-raises-500k-in-seed-round-led-by-ian-group-and-100xvc-8695102
SuperGaming,https://www.supergaming.com/,,,Gaming,Pune,2025-02-04,https://inc42.com/buzz/bandai-namco-doubles-down-on-supergaming/
Coluxe,https://www.coluxe.com/,,,Lab grown diamond,Delhi,2025-02-04,https://entrackr.com/snippets/priyanka-gills-lab-grown-diamond-brand-coluxe-raises-angel-funding-8688430
LegUp,https://www.legup.in/,0.23,Pre-Seed,Care giving,Bengaluru,2025-02-07,https://entrackr.com/snippets/caregiving-tech-startup-legup-raises-rs-2-cr-pre-seed-funding-8698887
ToneTag,https://www.tonetag.com/,78,Series B,Fintech - Payments,Bengaluru,2025-02-11,https://entrackr.com/news/amazon-backed-tonetag-secures-78-mn-after-7-year-hiatus-8709604
SpotDraft,https://www.spotdraft.com/,54,Series B,SaaS - Contract Lifecycle Management,Bengaluru,2025-02-13,https://entrackr.com/news/spotdraft-raises-54-mn-in-series-b-round-8715669
Rapido,https://rapido.bike/,29.7,Series E,Bike Taxi,Bengaluru,2025-02-12,https://entrackr.com/news/rapido-raises-rs-250-cr-from-prosus-as-part-of-series-e-round-8713477
Lucidity,https://www.lucidity.cloud/,21,Series A,Cloud Storage Management,Bengaluru,2025-02-12,https://entrackr.com/news/lucidity-raises-21-mn-in-series-a-led-by-westbridge-8714913
The Whole Truth,https://thewholetruthfoods.com/,15.31,Series C,D2C - Healthy Protein Bar,Mumbai,2025-02-11,https://yourstory.com/2025/02/whole-truth-bags-rs-1333cr-series-c-round-valuation
BorderPlus,https://www.borderplus.co/,7,Pre-Seed,cross-border workforce mobility,Mumbai,2025-02-10,https://entrackr.com/snippets/borderplus-raises-7-mn-led-by-owl-ventures-8706328
CapGrid Solutions,https://www.capgrid.in/,5,Series A,B2B Manufacturing,Gurugram,2025-02-12,https://entrackr.com/snippets/capgrid-solutions-raises-5-mn-led-by-anicut-capital-8712841
Bold Care,https://www.boldcare.in/,5,Series A,Sexual Health and Wellness,Mumbai,2025-02-11,https://entrackr.com/snippets/mens-sexual-health-brand-bold-care-raises-5-mn-8709845
Nivaan Care,https://www.nivaancare.com/,4.25,Seed,Healthcare,Delhi,2025-02-12,https://entrackr.com/snippets/nivaan-care-raises-425-mn-led-by-endiya-partners-8713038
Toonsutra,https://toonsutra.com/,3.2,Seed,Webtoon app,Bengaluru,2025-02-12,https://inc42.com/buzz/webtoon-comic-app-toonsutra-bags-3-2-mn-from-google-others/#
Mysa,https://www.mysa.io/,2.8,Seed,Fintech,Bengaluru,2025-02-12,https://entrackr.com/snippets/fintech-startup-mysa-28-mn-led-by-blume-ventures-8712976
ArthAlpha,https://arthalpha.in/,2,Seed,Fintech - investment,Bengaluru,2025-02-12,https://entrackr.com/snippets/dsp-leads-2-mn-seed-round-in-arthalpha-8713124
The Energy Company,https://www.energycompany.in/,2,Pre-Series A,EV Battery,Bengaluru,2025-02-10,https://yourstory.com/2025/02/energy-company-bags-2m-pre-seriesa-funding
Anscer Robotics,https://www.anscer.com/,2,Seed,Robotics,Bengaluru,2025-02-13,https://inc42.com/buzz/anscer-robotics-secures-2-mn-from-info-edge-ventures/
Cherrapunji Craft Gin,https://cherrapunji.co/,1.2,Pre-Series A,Alcohol Brand,Cherrapunji,2025-02-14,https://entrackr.com/snippets/cherrapunji-craft-gin-raises-12-mn-in-pre-series-a-round-8719814
Vidyasea,https://www.vidysea.com/,1,Seed,Edtech,Noida,2025-02-12,https://entrackr.com/snippets/edtech-startup-vidysea-bags-1-mn-in-seed-round-8713649
Rupeeflo,https://www.rupeeflo.com/,1,Pre-Seed,Fintech,Bengaluru,2025-02-10,https://entrackr.com/snippets/rupeeflo-raises-1-mn-from-piper-serica-8706125
GoRally,https://gorally.in/,0.75,Pre-Seed,Sports,Bengaluru,2025-02-12,https://entrackr.com/snippets/pickleball-chain-gorally-raises-750k-in-pre-seed-funding-8713152
StepOut,https://www.stepout.ai/,0.5,Seed,Sportstech - Performance Analysis,Bengaluru,2025-02-12,https://entrackr.com/snippets/sportstech-startup-stepout-raises-500k-in-seed-round-8712862
Croft Beverages,https://croftbeverages.com/,0.125,Pre-Seed,Tea,Coimbatore,2025-02-11,https://entrackr.com/snippets/croft-beverages-raises-pre-seed-funding-round-8710613
Almonds AI,https://almonds.ai/,1.9,,Rewards and Loyalty Program Website,Gurugram,2025-02-14,https://entrackr.com/snippets/almonds-ai-raises-rs-16-cr-in-seed-funding-round-8720730
Udaan,https://udaan.com/,75,Series G,B2B E-Commerce,Bengaluru,2025-02-17,https://inc42.com/buzz/udaan-bags-75-mn-from-mg-prudential-at-flat-valuation/
Spyne,https://www.spyne.ai/,16,Series A,GenAI,Gurugram,2025-02-18,https://entrackr.com/news/spyne-raises-16-mn-in-series-a-round-led-by-vertex-ventures-8731156
Waterfield Advisors,https://waterfieldadvisors.com/,14.6,,Wealth Advisory,Mumbai,2025-02-19,https://entrackr.com/exclusive/exclusive-waterfield-advisors-raises-rs-123-cr-at-rs-723-cr-valuation-8735322
Dogsee Chew,https://www.dogseechew.in/,8,Series B,Pet Care Brand,Bengaluru,2025-02-20,https://inc42.com/buzz/pet-food-brand-dogsee-chew-raises-8-mn-to-scale-global-operations/
The House of Rare,https://thehouseofrare.com/,6,,Fashion,Bengaluru,2025-02-17,https://entrackr.com/exclusive/exclusive-a91-partners-backs-rare-rabbit-in-new-round-8728019
Ikonz Studios,https://www.ikonz.club/,5,Pre-Series A,Gen AI,Hyderabad,2025-02-17,https://entrackr.com/snippets/ikonz-studios-raises-5-mn-in-pre-series-a-round-8729618
Probus,https://probus.io/,5,Series A,IoT,Delhi,2025-02-19,https://entrackr.com/snippets/probus-raises-5-mn-led-by-unicorn-india-ventures-8734834
Swish Club,https://swishclub.in/,4.5,Pre-Series A,Device as a Service,Bengaluru,2025-02-18,https://entrackr.com/snippets/daas-platform-swish-club-raises-45-mn-in-pre-series-a-8730922
Curefoods,https://www.curefoods.in/,4.4,,Cloud Kitchen,Bengaluru,2025-02-17,https://entrackr.com/exclusive/exclusive-curefoods-gets-landmark-group-backing-expands-esop-pool-8728791
NOTO,https://eatnoto.com/,1.75,,Ice Cream Brand,Mumbai,2025-02-20,https://entrackr.com/snippets/john-abraham-backed-noto-ice-cream-raises-rs-15-cr-8739208
Dynolt Technologies,https://www.dynolt.com/,1.7,Seed,Deeptech,Bengaluru,2025-02-18,https://entrackr.com/snippets/transition-vc-leads-17-mn-round-in-dynolt-technologies-8730916
You Care Lifestyle,https://youcarelifestyle.com/,1,,E-Commerce - Independent Verification Platform,Mumbai,2025-02-17,https://entrackr.com/snippets/you-care-lifestyle-raises-1-mn-in-pre-seed-round-8728380
Healthfab,https://www.healthfab.in/,1,Pre-Series A,Women Health and Wellness,Bengaluru,2025-02-19,https://entrackr.com/snippets/healthfab-raises-1-mn-in-pre-series-a-round-8735177
Credit Fair,https://www.creditfair.in/,5,Debt,NBFC - Lending,Mumbai,2025-02-19,https://inc42.com/buzz/credit-fair-raises-5-mn-in-debt-from-symbiotics-investments/
Geniemode,https://geniemode.com/home,50,Series C,B2B - E-Commerce,Gurugram,2025-02-24,https://entrackr.com/news/geniemode-raises-50-mn-in-series-c-round-led-by-multiples-and-fundamentum-8751618
MOC Cancer Care,https://www.mocindia.co.in/,18,,Healthcare,Mumbai,2025-02-26,https://entrackr.com/news/moc-cancer-care-raises-18-mn-led-by-elevation-capital-8757518
Oxyzo,https://www.oxyzo.in/,11.47,Debt,Fintech - Lending,Gurugram,2025-02-24,https://entrackr.com/exclusive/exclusive-oxyzo-secures-rs-100-cr-debt-8751441
Quick Clean,http://www.quickclean.co.in/,5.74,Series A,Laundry Service,Delhi,2025-02-26,https://entrackr.com/snippets/quick-clean-raises-rs-50-cr-in-series-a-round-8758289
Vidyut,https://www.vidyuttech.com/,2.5,,EV,Bengaluru,2025-02-26,https://entrackr.com/snippets/vidyut-raises-25-mn-to-expand-battery-as-a-service-financing-biz-8757423
HiWiPay,https://hiwipay.com/,2,Seed,Cross Border Payments,Mumbai,2025-02-26,https://entrackr.com/snippets/hiwipay-raises-2-mn-in-seed-funding-led-by-unicorn-india-ventures-8757888
Sisir Radar,https://www.sisirradar.com/,1.5,Seed,Spacetech,Kolkata,2025-02-28,https://entrackr.com/snippets/spacetech-startup-sisir-radar-raises-15-mn-in-seed-round-8764118
Jobizo,https://jobizo.com/,1.4,Seed,Healthcare HRtech,Gurugram,2025-02-25,https://entrackr.com/snippets/jobizo-raises-14-mn-led-by-alkemi-growth-capital-8756369
Astrogate Labs,https://astrogatelabs.com/,1.3,,Spacetech,Bengaluru,2025-02-27,https://entrackr.com/snippets/astrogate-labs-raises-13-mn-led-by-piper-serica-8760743
Triple Tap Games,https://tripletapgames.com/,1.2,Pre-Seed,Gaming,Mumbai,2025-02-26,https://entrackr.com/snippets/triple-tap-games-raises-12-mn-in-pre-seed-round-led-by-eximius-and-kalaari-8757670
Technodysis,https://technodysis.com/,1.14,Debt,IT,Bengaluru,2025-02-25,https://entrackr.com/snippets/technodysis-secures-rs-10-cr-in-debt-from-recur-club-8754530
Dodo Payments,https://dodopayments.com/,1.1,Pre-Seed,Fintech,Bengaluru,2025-02-25,https://entrackr.com/snippets/dodo-payments-raises-11-mn-in-pre-seed-round-8754518
Ritualistic,https://www.ritualistic.in/,1,,Home Decor Brand,,2025-02-27,https://entrackr.com/snippets/home-decor-brand-ritualistic-raises-1-mn-8761454
Earthful,https://earthful.me/,0.573,Seed,Plant-based Nutrition Brand,Hyderabad,2025-02-27,https://entrackr.com/snippets/nutrition-brand-earthful-raises-seed-round-8761096
Pickkup,https://www.pickkup.io/,0.5,Seed,Logistics,Chandigarh,2025-02-27,https://entrackr.com/snippets/logistics-startup-pickkup-raises-500k-in-seed-round-led-by-we-founder-circle-8761206
Make in the Box,https://www.makeinthebox.com/,0.26,Seed,Deeptech,Bengaluru,2025-02-25,https://entrackr.com/snippets/make-in-box-secures-260k-in-pre-series-funding-round-8755436
Amantyacare,https://amantyacare.com/,,Pre-Seed,Skincare,Delhi,2025-02-28,https://entrackr.com/snippets/rishabh-pant-backs-skincare-brand-amantyacare-8764813
Darwinbox,https://darwinbox.com/,140,,HR Tech,Hyderabad,2025-03-05,https://entrackr.com/news/darwinbox-raises-140-mn-co-led-by-partners-group-and-kkr-8795904
Leap Finance,https://leapfinance.com/,100,Debt,Lending - Education,Bengaluru,2025-03-05,https://entrackr.com/news/leap-finance-raises-100-mn-debt-from-hsbc-8796378
InsuranceDekho,https://www.insurancedekho.com/,70,,Insurance Tech,Gurugram,2025-03-04,https://entrackr.com/news/beams-fintech-fund-leads-70-mn-round-in-insurancedekho-8776738
Nuuk,https://nuuk.in/,5,Series A,Consumer Electronics,Gurugram,2025-03-05,https://entrackr.com/snippets/nuuk-raises-5-mn-in-series-a-round-led-by-vertex-ventures-8795487
Zetwerk,https://www.zetwerk.com/,5,,B2B Manufacturing,Bengaluru,2025-03-05,https://inc42.com/buzz/exclusive-zetwerk-raises-inr-43-cr-ahead-of-ipo/
Resolv,https://www.getrezolv.com/,3.5,Seed,Debt Resolution Platform,Mumbai,2025-03-04,https://entrackr.com/snippets/kissht-co-founders-startup-rezolv-raises-35-mn-in-seed-round-8777381
FluxGen,https://fluxgen.com/,3.22,Pre-Series A,Climate Tech,Bengaluru,2025-03-04,https://entrackr.com/snippets/climate-tech-startup-fluxgen-raises-rs-28-cr-in-pre-series-a-8777160
Deciml,https://deciml.in/,3,Seed,Fintech - Investment,Pune,2025-03-04,https://entrackr.com/snippets/round-up-investing-platform-deciml-raises-3-mn-is-seed-round-8776381
CredResolve,https://credresolve.com/,1.1,Seed,Fintech,Bengaluru,2025-03-03,https://entrackr.com/snippets/credresolve-raises-11-mn-in-seed-round-8773410
Arva Health,https://www.arva.health/,1,Pre-Seed,Healthcare - Fertility Care,Bengaluru,2025-03-03,https://entrackr.com/snippets/arva-health-raises-1-mn-in-pre-seed-led-by-all-in-capital-8773513
DotMe,https://www.dotme.in/,0.15,,Link in Bio,Bengaluru,2025-03-04,https://entrackr.com/snippets/dotme-bags-150k-from-jimmys-cocktails-mirza-l-baig-8776269
Divine Hindu,https://www.divinehindu.in/,0.12,,Religious Products,Gurugram,2025-03-04,https://entrackr.com/snippets/pandas-box-divine-hindu-and-blep-petcare-get-funding-at-elevate-demo-day-8777526
Blep Petcare,https://blepworld.com/,0.12,,Petcare,Delhi,2025-03-04,https://entrackr.com/snippets/pandas-box-divine-hindu-and-blep-petcare-get-funding-at-elevate-demo-day-8777526
Pandas Box,https://pandasbox.in/,0.115,,Toys,Delhi,2025-03-04,https://entrackr.com/snippets/pandas-box-divine-hindu-and-blep-petcare-get-funding-at-elevate-demo-day-8777526
GainHub.ai,https://gainhub.ai/,0.1,,SaaS,Delhi,2025-03-06,https://entrackr.com/snippets/gainhubai-bags-100k-in-pre-series-bridge-round-8827135
SILA,https://silagroup.co.in/,,,Real Estate,Mumbai,2025-03-04,https://entrackr.com/snippets/ms-dhoni-family-office-invests-in-real-estate-platform-sila-8777883
Phot.AI,https://www.phot.ai/,2.7,Seed,AI driven creative automation,Gurugram,2025-03-06,https://entrackr.com/snippets/photai-raises-27-mn-to-automate-e-commerce-creative-design-8817121
Zolve,https://zolve.com/,251,Series B,Crossborder Neobanking,Bengaluru,2025-03-11,https://entrackr.com/news/neobanking-startup-zolve-raises-251-mn-in-series-b-round-8843977
Scimplify,https://www.scimplify.com/,40,Series B,Specialty Chemicals,Bengaluru,2025-03-12,https://entrackr.com/news/specialty-chemicals-startup-scimplify-raises-40-mn-in-series-b-round-8847517
Purple Style Labs,https://www.purplestylelabs.com/,40,Series E,Fashion Retail,Mumbai,2025-03-13,https://entrackr.com/news/purple-style-labs-raises-40-mn-in-series-e-funding-8849479
Rangsons Aerospace,https://rangsonsaerospace.com/,36.5,,Aerospace,Mysore,2025-03-13,https://entrackr.com/snippets/rangsons-aerospace-raises-rs-300-cr-led-by-valuequest-8849243
Infinite Uptime,https://www.infinite-uptime.com/,35,Series C,IoT,Pune,2025-03-11,https://entrackr.com/news/infinite-uptime-raises-35-mn-in-series-c-round-8841757
GIVA,https://www.giva.co/,11.7,,D2C Jewellery Brand,Bengaluru,2025-03-10,https://inc42.com/buzz/exclusive-giva-funding-d2c-jewellery-brand-raises-inr-102-cr-to-open-new-stores/
AmpereHour,https://amperehourenergy.com/,5,,Energy Storage,Pune,2025-03-12,https://entrackr.com/snippets/energy-storage-startup-amperehour-raises-5-mn-8845730
goSTOPS,https://www.gostops.com/,4.2,Series A,Hospitality - Hostel Brand,Delhi,2025-03-11,https://entrackr.com/snippets/gostops-bags-rs-35-cr-in-series-a-round-led-by-blume-ventures-8841407
Felicity Games,https://felicitygames.com/,3,Seed,Gaming,Bengaluru,2025-03-11,https://entrackr.com/snippets/3one4-capital-leads-3-mn-round-in-felicity-games-8842082
Ambitio,https://ambitio.club/,2,Seed,Edtech - Admissions,Bengaluru,2025-03-11,https://entrackr.com/snippets/admission-startup-ambitio-raises-2-mn-in-seed-round-8842295
Allo Health,https://www.allohealth.care/,1.83,Pre-Series A,Healthcare,Bengaluru,2025-03-12,https://entrackr.com/snippets/allo-health-raises-rs-16-cr-in-pre-series-a-round-8846048
Yenmo,https://yenmo.in/,1.05,,Fintech - Investment Platform,Bengaluru,2025-03-10,https://entrackr.com/snippets/yenmo-raises-rs-92-cr-led-by-y-combinator-8839320
WeSkill,https://weskill.co.in/,,Pre-Seed,Edtech - Upskilling,Gurugram,2025-03-12,https://entrackr.com/snippets/upskilling-platform-weskill-raises-pre-seed-round-8845993
Nivara Home Finance,https://www.nivarahousing.com/,28,Series B,Fintech - Lending,Bengaluru,2025-03-17,https://inc42.com/buzz/nivara-home-finance-bags-inr-245-cr-to-bolster-its-distribution-network/
Pilgrim,https://discoverpilgrim.com/,23,,D2C Personalcare Brand,Mumbai,2025-03-18,https://entrackr.com/news/d2c-brand-pilgrim-raises-rs-200-cr-in-primary-and-secondary-funding-8864052
Navadhan Capital,https://www.navadhan.com/,12.8,Series A,Fintech - Lending,Mumbai,2025-03-19,https://inc42.com/buzz/navadhan-nets-inr-111-cr-to-offer-loans-to-rural-msmes/
Stage,https://www.stage.in/,12.5,Series B,Regional OTT,Noida,2025-03-21,https://entrackr.com/snippets/regional-ott-app-stage-raises-125-mn-in-series-b-8876590
Protectt.ai,https://www.protectt.ai/,8.7,Series A,Cyber Security,Mumbai,2025-03-18,https://entrackr.com/snippets/protecttai-raises-rs-76-cr-in-series-a-round-led-by-bessemer-8864142
Your-Space,https://www.your-space.in/,8.2,Debt,Student Housing,Delhi,2025-03-18,https://entrackr.com/exclusive/exclusive-student-housing-startup-your-space-raises-82-mn-debt-8864866
Go Zero,https://letsgozero.in/,3.4,Series A,Ice Cream Brand,Mumbai,2025-03-18,https://entrackr.com/snippets/go-zero-secures-rs-30-cr-in-series-a-round-8864759
Slikk Club,https://slikk.club/,3.2,Seed,60 Minute Fashion Delivery,Bengaluru,2025-03-18,https://entrackr.com/snippets/fashion-delivery-platform-slikk-club-raises-32-mn-in-seed-round-8863595
Chai Kings,https://chaikings.com/,3,Series A,Chai Retail,Chennai,2025-03-17,https://entrackr.com/snippets/chai-kings-bags-3-mn-in-series-a-round-8861051
Lighthouse PropTech,https://www.lighthouseproptech.com/,2.5,,Proptech,Mumbai,2025-03-20,https://entrackr.com/snippets/turbostart-leads-25-mn-round-in-lighthouse-proptech-8873084
Yummy Bee,https://yummybee.in/,2.1,,Cafe Chain,Hyderabad,2025-03-18,https://entrackr.com/snippets/yummy-bee-secures-rs-18-cr-to-fuel-expansion-into-mumbai-and-bengaluru-8865002
Otipy,https://otipy.com/,2,Debt,Grocery Delivery,Gurugram,2025-03-17,https://entrackr.com/snippets/otipy-raises-2-mn-in-venture-debt-from-nuvama-8861630
Nourish You,https://nourishyou.in/,1.84,Series A,Plant-based Superfood Brand,Hyderabad,2025-03-19,https://entrackr.com/snippets/nourish-you-raises-rs-16-cr-led-by-sidbi-venture-8868097
Qila Games,https://qilagames.com/,1,Pre-Seed,Gaming,Bengaluru,2025-03-21,https://entrackr.com/snippets/gaming-startup-qila-games-bags-1-mn-in-pre-seed-round-8875620
Hypergro.ai,https://hypergro.ai/,0.8,Pre-Series A,Video Generation,Bengaluru,2025-03-18,https://entrackr.com/snippets/hypergroai-raises-rs-7-cr-in-pre-series-a-round-8864637
Harvested Robotics,https://www.harvestedlabs.com/,0.58,Seed,Agritech,Hyderabad,2025-03-19,https://entrackr.com/snippets/harvested-robotics-raises-seed-round-from-arali-ventures-anand-mahindra-others-8868398
iHub Robotics,https://www.ihubrobotics.com/,0.52,Pre-Seed,Robotics,Edappally,2025-03-18,https://entrackr.com/snippets/ihub-robotics-raises-rs-43-cr-in-pre-seed-round-8865541
Iyaso,https://www.iyaso.ai/,0.5,Pre-Seed,Speech Therapy,Pune,2025-03-20,https://entrackr.com/snippets/speech-therapy-startup-iyaso-secures-pre-seed-funding-8872792
SHOEGR,https://www.shoegr.com/,0.1,Pre-Seed,Shoe care,Mohali,2025-03-17,https://entrackr.com/snippets/shoe-care-brand-shoegr-raises-100k-from-pedalstart-8861039
GoOAT,https://thegooat.com/,,Pre-Seed,D2C Nutrition Brand,Gurugram,2025-03-18,https://entrackr.com/snippets/gooat-raises-pre-seed-round-led-by-d2c-insider-super-angels-8864524
My Pahadi Dukan,https://mypahadidukan.com/,,Pre-Seed,E-Commerce - Himalayan Products,Roorkee,2025-03-20,https://entrackr.com/snippets/my-pahadi-dukan-raises-pre-seed-funding-led-by-ipv-8872394
Euler Motors,https://www.eulermotors.com/,60,,EV,Delhi,2025-03-20,https://entrackr.com/news/hero-motocorp-invests-over-60-mn-in-ev-startup-euler-motors-8874305
DCDC Kidney Care,https://dcdc.co.in/,17.4,,Healthcare,Delhi,2025-03-24,https://entrackr.com/snippets/abc-impact-leads-rs-150-cr-round-in-dcdc-kidney-care-8884598
Grow Indigo,https://www.growindigo.co.in/,10,,Agritech,Mumbai,2025-03-25,https://entrackr.com/snippets/grow-indigo-raises-10-mn-from-british-international-investment-8889005
GreenFortune,https://thegreenfortune.com/,4.5,Pre-Series A,Windows and Doors Brand,Hyderabad,2025-03-26,https://entrackr.com/snippets/greenfortune-secures-45-mn-in-pre-series-a-round-8891346
Firefly Diamonds,https://fireflydiamonds.com/,3,Seed,Labgrown Diamonds,Mumbai,2025-03-25,https://entrackr.com/snippets/firefly-diamonds-raises-3-mn-in-seed-round-led-by-westbridge-capital-8887831
VAHDAM India,https://www.vahdam.in/,3,,Tea Brand,Delhi,2025-03-26,https://entrackr.com/snippets/vahdam-india-raises-3-mn-led-by-sidbi-venture-8892047
Nabhdrishti Aerospace,https://nabhdrishti.in/,3,,Aerospace,Bengaluru,2025-03-26,https://entrackr.com/snippets/nabhdrishti-aerospace-raises-3-mn-led-by-accel-8892749
Pizza Wings,https://pizzawings.co.in/,2.8,,QSR - Pizza Brand,Rohtak,2025-03-25,https://entrackr.com/snippets/qsr-brand-pizza-wings-raises-28-mn-to-expand-across-india-8888022
Expertia AI,https://www.expertia.ai/,2.33,Pre-Series A,Recruiter Platform,Bengaluru,2025-03-27,https://entrackr.com/snippets/expertia-ai-secures-pre-series-a-funding-led-by-rockstud-capital-8896432
Mila Beauté,https://milabeaute.com/,2.16,Pre-Series A,Personal Care,Delhi,2025-03-26,https://entrackr.com/snippets/mila-beaut%C3%A9-raises-216-mn-in-pre-series-a-round-led-by-rukam-capital-8893216
OneStack,https://www.onestack.in/,2,Series A,Fintech,Mumbai,2025-03-27,https://entrackr.com/snippets/fintech-onestack-raises-2-mn-in-series-a-round-8896264
Irame.ai,https://www.irame.ai/,1,Seed,Enterprise Productivity,Gurugram,2025-03-25,https://entrackr.com/snippets/irameai-bags-1-mn-in-seed-round-from-senseai-ventures-8888537
Care.fi,https://www.carefi.in/,0.874,Debt,Healthcare Focused Fintech,Gurugram,2025-03-25,https://entrackr.com/snippets/carefi-secures-rs-75-cr-in-debt-from-vivriti-capital-8888658
Gramiyaa,https://gramiyaa.com/,0.839,Pre-Series A,Cold Pressed Oil Brand,Bengaluru,2025-03-25,https://entrackr.com/snippets/cold-pressed-oil-brand-gramiyaa-raises-pre-series-a-funding-8888234
Antithesis,https://weareantithesis.com/,0.58,Pre-Seed,Personal Care,Delhi,2025-03-26,https://entrackr.com/snippets/antithesis-raises-rs-5-cr-in-pre-seed-round-co-led-by-rukam-and-v3-ventures-8891747
OSSO,https://www.osso.care/,0.25,Pre-Seed,Healthcare,Gurugram,2025-03-27,https://entrackr.com/snippets/osso-raises-250k-in-pre-seed-round-8895369
Taxi’na,https://taxinamobility.com/,0.174,,Mobility,Salem,2025-03-24,https://entrackr.com/snippets/mobility-solutions-startup-taxina-bags-funding-from-navyug-global-ventures-8886292
M1xchange,https://www.m1xchange.com/,18,,Fintech,Gurugram,2025-03-27,https://entrackr.com/news/jindal-stainless-invests-18-mn-in-amazon-backed-m1xchange-8896011
Spinny,https://www.spinny.com/,131,,Used Car Marketplace,Gurugram,2025-03-31,https://entrackr.com/news/spinny-raises-131-mn-led-by-accel-leaders-fund-8910456
Smallcase,https://www.smallcase.com/,50,Series D,Wealthtech,Bengaluru,2025-03-28,https://entrackr.com/news/smallcase-raises-50-mn-in-series-d-led-by-elev8-8898948
Infinity Fincorp Solutions,https://www.infinityfincorp.com/,40,Series A,Fintech,Mumbai,2025-04-02,https://entrackr.com/snippets/beams-fintech-fund-participates-in-infinity-fincorps-40-mn-round-8916951
Scapia,https://www.scapia.cards/,40,Series B,Fintech,Bengaluru,2025-04-03,https://entrackr.com/news/scapia-raises-40-mn-in-series-b-led-by-peak-xv-8920072
Tonbo Imaging,https://tonboimaging.com/main/,21,Series D,Defense,Bengaluru,2025-04-03,https://entrackr.com/snippets/tonbo-imaging-raises-21-mn-in-pre-ipo-round-8921571
Pratilipi,https://www.pratilipi.com/,20,Series E,Storytelling Platform,Bengaluru,2025-04-03,https://entrackr.com/news/pratilipi-raises-20-mn-in-series-e-led-by-jungle-ventures-8919558
Aerem,https://www.aerem.co/,11.7,,Solar Energy,Mumbai,2025-04-04,https://entrackr.com/news/solar-startup-aerem-raises-rs-100-cr-led-by-japans-utec-8924311
Sweet Karam Coffee,https://sweetkaramcoffee.in/,8,Series A,D2C Snacking Brand,Chennai,2025-04-03,https://inc42.com/buzz/exclusive-sweet-karam-coffee-bags-8-mn-from-peak-xv-fireside-ventures/
The Bear House,https://thebearhouse.com/,5.84,Series A,Men’s Fashion Brand,Bengaluru,2025-04-02,https://entrackr.com/snippets/the-bear-house-raises-rs-50-cr-in-series-a-round-led-by-jm-financial-8917504
CollegeDekho,https://www.collegedekho.com/,3.5,,Edtech,Gurugram,2025-04-01,https://entrackr.com/snippets/collegedekho-raises-rs-30-cr-from-lighthouse-canton-8912861
Freakins,https://freakins.com/,3,Series A,D2C Fashion Brand,Mumbai,2025-04-02,https://entrackr.com/exclusive/exclusive-matrix-and-blume-invest-in-d2c-fashion-brand-freakins-8917142
Wellness Nutrition,https://wellbeingnutrition.com/,3,Debt,D2C Health and Wellness,Mumbai,2025-04-04,https://entrackr.com/snippets/d2c-brand-wellness-nutrition-raises-debt-8926024
Jai Kisan,https://www.jai-kisan.com/,3,Extended Series B,Fintech,Mumbai,2025-04-04,https://www.jai-kisan.com/
Wendor,https://wendor.in/,2.5,Seed,Smart Vending Platform,Delhi,2025-04-01,https://entrackr.com/snippets/smart-vending-platform-wendor-raises-25-mn-in-seed-round-8912966
DeCharge Network,https://decharge.network/,2.5,Seed,EV Charging,Hyderabad,2025-04-01,https://inc42.com/buzz/decharge-nets-2-5-mn-to-expand-its-ev-charging-network/
Koparo,https://koparoclean.com/,1.7,Pre-Series A,D2C Cleaning Brand,Delhi,2025-03-29,https://entrackr.com/snippets/shark-tank-india-backed-koparo-raises-17-mn-8903341
Lehlah,https://lehlah.club/,1.46,Seed,Content-Commerce,Mumbai,2025-04-01,https://entrackr.com/snippets/content-commerce-platform-lehlah-raises-rs-125-cr-in-seed-round-8912132
Tvaster Genkalp,https://www.tvastergen.com/,1.25,Pre-Series A,Healthtech,Chennai,2025-04-01,https://entrackr.com/snippets/tvaster-genkalp-raises-125-mn-in-pre-series-a-round-8912397
Fur Jaden,https://www.furjaden.com/,1.1,Pre-Series A,Luggage Brand,Mumbai,2025-04-02,https://entrackr.com/snippets/fur-jaden-raises-rs-95-cr-in-pre-series-a-from-gruhas-collective-consumer-fund-8917156
Better Nutrition,https://betternutritionforall.in/,1.1,Seed,Food Brand,Lucknow,2025-04-02,https://entrackr.com/snippets/pv-sindhu-backed-better-nutrition-nets-rs-10-cr-in-seed-round-8916674
Stance Health,https://www.stance.health/,1.1,Pre-Seed,Healthtech,Bengaluru,2025-04-02,https://entrackr.com/snippets/stance-health-raises-1-mn-in-pre-seed-round-8915822
Argos Watches,https://www.argoswatch.in/,0.758,Angel,Luxury Watch Brand,Surat,2025-04-02,https://entrackr.com/snippets/argos-watches-raises-rs-65-cr-in-angel-round-8916249
DriverShaab,https://drivershaab.in/,0.329,Pre-Series A,Mobility,Kolkata,2025-04-03,https://entrackr.com/snippets/b2b-mobility-startup-drivershaab-raises-pre-series-a-round-8920587
DriverShaab,https://drivershaab.in/,0.326,Pre-Series A,B2B Mobility,Kolkata,2025-04-03,https://entrackr.com/snippets/b2b-mobility-startup-drivershaab-raises-pre-series-a-round-8920587
Evenflow,https://www.evenflowbrands.com/,,Series A,E-Commerce,Bengaluru,2025-04-01,https://entrackr.com/snippets/evenflow-raises-fresh-funds-from-venture-catalysts-and-others-8912650
Yatrikart,http://www.yatrikart.com/,,Series A,Transit Retail Chain,Indore,2025-04-02,https://entrackr.com/snippets/transit-retail-chain-yatrikart-bags-strategic-investment-from-mmg-group-8916277
Perkant Tech,https://perkanttech.com/,0.771,Seed,Healthtech,Indore,2025-04-03,https://entrackr.com/snippets/perkant-tech-raises-rs-66-cr-in-seed-round-8920452
Juspay,https://juspay.io/in,60,Series D,Fintech - Payments,Bengaluru,2025-04-07,https://entrackr.com/news/juspay-secures-60-mn-from-kedaara-softbank-and-accel-8934673
Easebuzz,https://easebuzz.in/,30,,Fintech - Digital Payments,Pune,2025-04-07,https://entrackr.com/news/easebuzz-raises-30-mn-plans-ipo-in-2-3-years-8933729
Noise,https://www.gonoise.com/,20,,Smartwatch Brand,Gurugram,2025-04-09,https://entrackr.com/exclusive/exclusive-bose-doubles-down-on-noise-with-20-mn-investment-8943009
Mosaic Wellness,https://www.mosaicwellness.in/,20,,Health and Wellness,Thane,2025-04-10,https://entrackr.com/exclusive/exclusive-mosaic-wellness-raises-20-mn-at-400-mn-valuation-8946136
Innovist,https://innovist.com/,16,Series B,Personal Care,Gurugram,2025-04-07,https://entrackr.com/news/innovist-raises-rs-136-cr-led-by-icici-venture-accel-exits-8934341
Eloelo,https://eloelo.in/,13.5,Series B,Live Social Entertainment,Bengaluru,2025-04-10,https://entrackr.com/snippets/eloelo-raises-135-mn-in-series-b-round-led-by-play-ventures-8946507
Xindus,https://www.xindus.net/,10,Series A,Cross Border Logistics,Gurugram,2025-04-10,https://entrackr.com/snippets/cross-border-logistics-startup-xindus-bags-10-mn-in-pre-series-a-round-8946129
AgroStar,https://www.corporate.agrostar.in/,6.7,,Agritech,Pune,2025-04-09,https://inc42.com/buzz/agrostar-bags-inr-58-cr-from-accel-india-others/
Outzidr,https://inatilifestyle.com/,3.49,Seed,Fashion Brand,Bengaluru,2025-04-08,https://entrackr.com/snippets/fashion-brand-outzidr-raises-rs-30-cr-in-seed-round-from-stellaris-8938030
Vimano,https://www.vimano.biz/,3,Seed,Nanotech,Bengaluru,2025-04-07,https://entrackr.com/snippets/vimano-raises-rs-25-cr-in-seed-round-led-by-ankur-capital-8933840
Let’s Try,https://www.letstryfoods.com/,2.5,,D2C Snack Brand,Delhi,2025-04-09,https://entrackr.com/snippets/snack-brand-lets-try-raises-25-mn-led-by-swc-global-8942343
Eat Better Co,https://eatbetterco.com/,1.96,Pre-Series A,Snack Brand,Jaipur,2025-04-09,https://entrackr.com/snippets/eat-better-co-bags-rs-17-cr-in-pre-series-a-round-8942690
Cautio,https://www.cautio.in/en,1.27,Seed,Video Telemetics,Bengaluru,2025-04-08,https://entrackr.com/snippets/dashcam-startup-cautio-raises-rs-11-cr-in-seed-round-8938078
AskMyGuru,https://www.askmyguru.live/,1.2,Seed,Spritual Tech,Bengaluru,2025-04-10,https://entrackr.com/snippets/lumikai-leads-12-mn-seed-round-in-askmyguru-8946838
Calligo Technologies,https://www.calligotech.com/,1.1,Pre-Series A,Semiconductor,Pune,2025-04-07,https://entrackr.com/snippets/semiconductor-startup-calligo-technologies-bags-11-mn-in-pre-series-a-8934376
Amicco,,1,Seed,B2B Automotive Marketplace,Gurugram,2025-04-09,https://entrackr.com/snippets/amicco-raises-1-mn-in-seed-round-led-by-eximius-8941824
Bhagva,https://www.bhagva.in/,1,Pre-Series A,Digital spiritual platform,Delhi,2025-04-09,https://entrackr.com/snippets/digital-spiritual-platform-bhagva-raises-1-mn-in-pre-series-a-round-8943087
Scoutflo,https://scoutflo.com/,0.161,Pre-Seed,DevOps,Thane,2025-04-08,https://entrackr.com/snippets/scoutflo-raises-rs-14-cr-in-pre-seed-round-8937512
Bower School,https://bowerschool.com/,1.33,Seed,Edtech,Hyderabad,2025-04-10,https://entrackr.com/snippets/bower-raises-rs-115-cr-in-seed-round-8947167
Rayzon Solar,https://www.rayzonsolar.com/,16.2,,Solar,Surat,2025-04-18,https://entrackr.com/exclusive/exclusive-sachin-tendulkar-and-others-invest-18-mn-in-rayzon-solar-at-844-mn-valuation-8976444
Garuda Aerospace,https://www.garudaaerospace.com/,11.7,Series B,Drone,Chennai,2025-04-16,https://inc42.com/buzz/garuda-aerospace-bags-inr-100-cr-from-venture-catalysts-others/
OfBusiness,https://www.ofbusiness.com/,11.7,,B2B Marketplace - Construction Materials,Gurugram,2025-04-16,https://inc42.com/buzz/ipo-bound-ofbusiness-snags-inr-100-cr-from-cornerstone/
Varthana,https://varthana.com/,8.77,Debt,Fintech,Bengaluru,2025-04-17,https://inc42.com/buzz/exclusive-varthana-bags-inr-75-cr-debt-funding-from-ofbusiness-oxyzo/
Optimized Electrotech,https://optimizedelectrotech.com/,6,Series A,Deeptech,Ahmedabad,2025-04-17,https://entrackr.com/snippets/optimized-electrotech-raises-6-mn-in-series-a-round-8960093
Magma,https://magmagroup.in/,5,Series A,Manufacturing,Ahmedabad,2025-04-16,https://entrackr.com/snippets/magma-raises-5-mn-in-series-a-round-led-by-capria-ventures-8969008
Peppermint Robotics,https://www.peppermintrobotics.com/,4,Series A,Robotics,Pune,2025-04-16,https://entrackr.com/snippets/peppermint-raises-4-mn-to-expand-in-eu-japan-and-apac-8967307
Jewelbox,https://jewelbox.co.in/,3.2,Pre-Series A,Jewellery Brand,Kolkata,2025-04-16,https://entrackr.com/snippets/jewelbox-raises-32-mn-in-pre-series-a-round-8966846
IPEC,http://i-pec.in/,3,,EV Charging,Bengaluru,2025-04-16,https://entrackr.com/snippets/ev-charging-startup-ipec-bags-3-mn-from-gruhas-8968756
CENTA,https://centa.org/,2.33,Series A,Edtech,Bengaluru,2025-04-15,https://entrackr.com/snippets/centa-raises-rs-20-cr-in-series-a1-round-led-by-colossa-ventures-8963164
Nothing Before Coffee,https://www.nothingbeforecoffee.com/,2.3,Pre-Series A,QSR - Coffee Chain,Jaipur,2025-04-16,https://entrackr.com/snippets/nothing-before-coffee-bags-23-mn-in-pre-series-a-round-8967106
Good Monk,https://www.goodmonk.in/,2,Pre-Series A,Nutrition Brand,Bengaluru,2025-04-17,https://entrackr.com/snippets/good-monk-raises-2-mn-in-pre-series-a-round-led-by-rpsg-capital-8971461
Rio Innobev,https://enjoyrio.in/,1.17,Pre-Series A,Beverage Brand,Pune,2025-04-15,https://entrackr.com/snippets/beverage-startup-rio-innobev-raises-rs-10-cr-led-by-atomic-capital-8965035
That Sassy Thing,https://thatsassything.com/,0.7,Seed,Wellness and Fitness,Delhi,2025-04-17,https://entrackr.com/snippets/that-sassy-thing-raises-rs-6-cr-in-seed-round-led-by-ipv-8971464
Cura Care,https://curacare.in/,0.584,Pre-Seed,Healthcare,Bengaluru,2025-04-14,https://entrackr.com/snippets/cura-care-raises-rs-5-cr-in-pre-seed-round-led-by-zeropearl-vc-8960594
Planck,https://www.planckred.com/,0.5,Pre-Seed,Data Infrastructure,Delhi,2025-04-17,https://entrackr.com/snippets/deep-tech-startup-planck-bags-pre-seed-funding-ok-8971726
BeastLife,https://beastlife.in/,0.22,,Nutrition Brand,Gurugram,2025-04-14,https://entrackr.com/snippets/indian-cricketer-rinku-singh-invests-rs-19-cr-in-beastlife-at-120-cr-valuation-8960958
SportsSkill,https://sportsskill.app/,,Pre-Seed,Sports Tech,Pune,2025-04-14,https://entrackr.com/snippets/sports-tech-startup-sportsskill-bags-pre-seed-round-led-by-waimea-bay-investments-8960409
Uppercase,https://uppercase.co.in/,,,D2C Luggage Brand,Mumbai,2025-04-17,https://entrackr.com/snippets/jasprit-bumrah-invests-in-luggage-brand-uppercase-8959902
Uniqus Consultech,https://uniqus.com/,20,Series C,Consulting,Mumbai,2025-04-22,https://entrackr.com/news/uniqus-consultech-raises-20-mn-in-series-c-round-led-by-nexus-8988661
Fabric IoT,https://www.fabriciot.com/,13.5,Series A,IoT - EV,Bengaluru,2025-04-23,https://entrackr.com/snippets/fabric-and-subsidiary-intellicar-raise-135-mn-in-series-a-funding-from-nuveen-8994539
Vayudh,https://www.vayudh.com/,10,,Drone,Delhi,2025-04-22,https://entrackr.com/snippets/drone-startup-vayudh-raises-10-mn-led-by-dharana-capital-8990181
FarMart,https://www.farmart.co/,10,Equity + Debt,Agritech,Gurugram,2025-04-23,https://entrackr.com/news/exclusive-farmart-bags-10-mn-through-equity-and-debt-funding-8992611
BankBazaar,https://www.bankbazaar.com/,6.44,,Fintech,Chennai,2025-04-23,https://entrackr.com/snippets/bankbazaar-raises-rs-55-cr-partners-with-muthoot-fincorp-to-enter-gold-loan-segment-8991858
Emversity,https://emversity.com/,5,Pre-Series A,Edtech,Bengaluru,2025-04-23,https://entrackr.com/snippets/emversity-raises-5-mn-in-pre-series-a-round-led-by-lightspeed-and-z47-8991784
SaveIN,https://www.savein.money/,4.3,,Fintech,Delhi,2025-04-23,https://entrackr.com/snippets/healthcare-focused-fintech-startup-savein-raises-rs-37-cr-8992782
GreenGrahi,https://www.greengrahi.com/,3.73,,Biotech,Delhi,2025-04-24,https://entrackr.com/snippets/agri-biotech-startup-greengrahi-raises-rs-32-cr-led-by-avaana-capital-8996019
Finodaya Capital,https://finodayacapital.com/,2.5,Seed,Fintech - NBFC,Indore,2025-04-21,https://entrackr.com/snippets/finodaya-capital-raises-25-mn-in-seed-round-8984043
MyDesignation,https://www.mydesignation.com/,1.25,Seed,D2C - Fashion Brand,Thiruvananthapuram,2025-04-22,https://entrackr.com/snippets/mydesignation-raises-125-mn-in-seed-round-8988676
Ivory,https://www.liveivory.com/,1,,Brain Health,Mumbai,2025-04-21,https://entrackr.com/snippets/ivory-raises-1-mn-led-by-iim-a-ventures-and-capital-a-8984497
Rimigo,https://www.rimigo.com/,0.55,Pre-Seed,Travel Tech,Bengaluru,2025-04-24,https://entrackr.com/snippets/travel-tech-company-rimigo-raises-550k-in-pre-seed-round-8996856
phab,https://www.getphab.com/,2,Seed,Snacking Brand,Mumbai,2025-04-25,https://entrackr.com/snippets/snack-brand-phab-raises-2-mn-in-seed-round-led-by-otp-ventures-9000269
HexaHealth,http://hexahealth.com/,12,Series A,Healthcare,Gurugram,2025-04-28,https://entrackr.com/exclusive/exclusive-hexahealth-secures-fresh-funds-led-by-orios-vp-9009389
Metafin,https://www.metafin.in/,10,Series A,Fintech - Cleantech focused NBFC,Gurugram,2025-04-29,https://entrackr.com/snippets/metafin-raises-10-mn-in-series-a-round-led-by-vertex-ventures-9013053
QNu Labs,https://www.qnulabs.com/,7,Series A,Quantum Cybersecurity,Bengaluru,2025-04-30,https://entrackr.com/snippets/qnu-labs-raises-rs-60-cr-in-series-a-round-led-by-nqm-9016730
Anveshan,https://www.anveshan.farm/,6,Series A,D2C Food Brand,Bengaluru,2025-04-30,https://inc42.com/buzz/d2c-food-brand-anveshan-bags-inr-48-cr-led-by-wipro-consumer-care-ventures/
Kaleidofin,https://www.kaleidofin.com/,5.3,,Fintech - Neobanking,Chennai,2025-05-02,https://entrackr.com/snippets/neobanking-platform-kaleidofin-raises-53-mn-led-by-idh-farmfit-fund-9025505
CollegeDekho,https://www.collegedekho.com/,4.7,Debt,Edtech,Gurugram,2025-04-29,https://entrackr.com/snippets/collegedekho-secures-rs-40-cr-debt-funding-from-recur-club-9013552
Stimuler,https://stimuler.tech/,3.75,Pre-Series A,Edtech - English Learning,Bengaluru,2025-04-30,https://entrackr.com/snippets/stimuler-raises-375-mn-in-pre-series-a-round-led-by-lightspeed-9016664
SatLeo Labs,https://www.satleolabs.com/,3.3,Pre-Seed,Spacetech,Ahmedabad,2025-04-30,https://entrackr.com/snippets/satleo-labs-raises-33-mn-in-pre-seed-round-merak-ventures-9016898
Mugafi,https://mugafi.com/,3,Seed,AI Content Creation,Gurugram,2025-04-28,https://inc42.com/buzz/mugafi-nets-3-mn-to-deploy-ai-to-help-filmmakers-write-scripts/
Primebook,https://www.primebook.in/,2,Pre-Series A,Consumer Electronics - Laptop Brand,Delhi,2025-04-29,https://entrackr.com/snippets/android-laptop-brand-primebook-raises-2-mn-in-pre-series-a-9013913
Salt Oral Care,https://saltoralcare.com/,1,Pre-Series A,Oral Wellness Brand,Mumbai,2025-04-30,https://entrackr.com/snippets/salt-oral-care-raises-1-mn-in-pre-series-a-round-led-by-lotus-holdings-9019477
Care.fi,https://www.carefi.in/,0.7,Debt,Healthcare-focused fintech,Gurugram,2025-04-28,https://entrackr.com/snippets/carefi-raises-rs-6-cr-debt-round-from-revx-9010019
Malaki,https://malaki.in/,0.669,Seed,Beverage Brand,Mumbai,2025-04-28,https://entrackr.com/snippets/malaki-raises-rs-57-cr-in-seed-round-led-by-venture-catalysts-9009681
Uni Seoul,https://www.uniseoul.in/,0.585,Seed,Lifestyle Brand,Pune,2025-04-28,https://entrackr.com/snippets/uni-seoul-raises-rs-5-cr-in-seed-round-led-by-sauce-vc-9009267
Scandalous Foods,https://scandalousfoods.in/,0.236,Seed,B2B Sweets Brand,Mumbai,2025-04-29,https://entrackr.com/snippets/scandalous-foods-raises-funds-in-ongoing-seed-round-led-by-new-age-india-fund-9014552
Vividobots,https://vividobots.com/,0.173,Seed,Robotics,Chennai,2025-04-30,https://entrackr.com/snippets/vividobots-raises-rs-147-cr-in-seed-round-led-by-ipv-9016984
Sedna HoReCa,https://sedna.in/,5.8,,B2B Restaurant Supplies,Bengaluru,2025-05-02,https://entrackr.com/snippets/sedna-horeca-raises-rs-50-cr-led-by-anicut-capital-9025275
Routematic,https://routematic.com/,40,Series C,Logistics - Fleet Management,Bengaluru,2025-05-07,https://entrackr.com/news/routematic-raises-40-mn-led-by-fullerton-carbon-action-fund-and-shift4good-9043234
Flipspaces,https://www.flipspaces.com/home,35,,Interior Design,Mumbai,2025-05-07,https://entrackr.com/snippets/interior-design-startup-flipspaces-raises-35-mn-9043959
Celcius Logistics,https://www.celcius.in/,30,Series B,Logistics,Mumbai,2025-05-06,https://entrackr.com/news/celcius-logistics-raises-rs-250-cr-in-series-b-round-9038927
BharatPe,https://bharatpe.com/,14.7,Debt,Fintech,Gurugram,2025-05-06,https://inc42.com/buzz/exclusive-bharatpe-raises-inr-125-cr-debt-from-neo-group-trifecta/
The Good Bug,https://thegoodbug.com/,12,Series B,Health and Wellness,Mumbai,2025-05-06,https://entrackr.com/snippets/gut-health-startup-the-good-bug-raises-rs-100-cr-in-series-b-round-9041027
Footprints Preschool & Daycare,https://www.footprintseducation.in/,7.5,Series A,Education,Gurugram,2025-05-08,https://entrackr.com/snippets/tanglin-leads-75-mn-round-in-footprints-preschool-daycare-9048497
InspeCity,https://www.inspecity.com/,5.6,Seed,Spacetech,Thane,2025-05-07,https://entrackr.com/snippets/spacetech-startup-inspecity-raises-56-mn-in-seed-round-9042994
BlissClub,https://blissclub.com/,5.3,Debt + Equity,Apparel Brand,Bengaluru,2025-05-06,https://entrackr.com/exclusive/exclusive-d2c-startup-blissclub-secures-fresh-funds-at-flat-valuation-9040617
91Trucks,https://www.91trucks.com/,5,Series A,Marketplace - Commercial Vehicles,Gurugram,2025-05-05,https://entrackr.com/exclusive/exclusive-91trucks-begins-series-a-round-with-55x-valuation-surge-9035850
Alt DRX,https://altdrx.com/,2.7,,Fintech,Bengaluru,2025-05-05,https://entrackr.com/snippets/alt-drx-raises-rs-23-cr-from-qatar-development-bank-others-9036092
Nawgati,https://www.nawgati.com/,2.5,Pre-Series A,Fuel Tech,Noida,2025-05-06,https://entrackr.com/snippets/fuel-tech-startup-nawgati-raises-25-mn-in-pre-series-a-round-9039698
Troovy,https://troovyfoods.com/,2.3,Pre-Series A,Food Brand,Gurugram,2025-05-06,https://entrackr.com/snippets/troovy-raises-rs-20-cr-in-pre-series-a-round-led-by-fireside-ventures-9039471
Vaya,https://vaya.so/,1.5,,Astrology,Delhi,2025-05-08,https://entrackr.com/snippets/astrology-startup-vaya-raises-15-mn-9046948
High Time Foods,https://www.hightimefoods.com/,1.2,,Foodtech,Bengaluru,2025-05-08,https://entrackr.com/snippets/foodtech-startup-high-time-foods-raises-12-mn-9046988
Insurance Samadhan,https://www.insurancesamadhan.com/,1,,Insurance,Noida,2025-05-06,https://entrackr.com/snippets/insurance-samadhan-secures-rs-85-cr-to-boost-tech-infrastructure-9040178
Zebu,https://www.zebu.ai/,1,Pre-Series A,Defense,Hyderabad,2025-05-08,https://entrackr.com/snippets/defense-tech-startup-zebu-raises-1-mn-in-pre-series-a-round-9047400
Shiplog,https://shiplog.in/,0.768,Seed,Logistics,Gurugram,2025-05-07,https://entrackr.com/snippets/shiplog-raises-rs-65-cr-in-seed-round-9043416
Feline Spirits,http://www.felinespirits.in/,0.607,Pre-Series A,Alcoholic Beverage,Delhi,2025-05-08,https://entrackr.com/snippets/feline-spirits-raises-rs-52-cr-in-pre-series-a-round-led-by-ipv-9047624
Store My Goods,https://storemygoods.in/,0.46,,Storage Solutions,Noida,2025-05-05,https://entrackr.com/snippets/store-my-goods-raises-rs-4-cr-led-by-jiif-9036056
GoTrust,https://www.gotrust.tech/,0.4,Pre-Seed,Privacy Compliance,Noida,2025-05-08,https://entrackr.com/snippets/gotrust-secures-400k-in-pre-seed-funding-led-by-aevitas-capital-9047946
Lifechart,https://www.lifechartayurveda.in/,0.36,Seed,Healthcare,Gurugram,2025-05-05,https://entrackr.com/snippets/lifecharts-guttify-secures-360k-from-unichem-labs-family-office-9036323
KorinMi,https://www.korinmi.com/,0.36,Pre-Seed,Korean Skincare,Gurugram,2025-05-06,https://entrackr.com/snippets/korean-skin-clinic-korinmi-raises-rs-3-cr-in-pre-seed-round-9039962
Porter,https://porter.in/,200,Series F,Logistics,Bengaluru,2025-05-08,https://entrackr.com/news/porter-raises-200-mn-led-by-kedaara-and-wellington-management-9048693
Farmley,https://www.farmley.com/,40,Series C,Healthy Snacking Brand,Noida,2025-05-12,https://entrackr.com/news/farmley-raises-40-mn-in-series-c-round-led-by-l-catterton-9059167
Celebal Technologies,https://celebaltech.com/,15,Series B,IT Services,Jaipur,2025-05-12,https://inc42.com/buzz/celebal-nets-15-mn-to-build-ai-solutions-for-energy-manufacturing-sectors/
1-India Family Mart,https://1indiafamilymart.com/,12,Series D,Retail chain,Delhi,2025-05-15,https://entrackr.com/snippets/value-retail-chain-1-india-family-mart-raises-12-mn-in-series-d-round-9071077
Hocco,https://www.hocco.in/,10,Series B,Ice Cream Brand,Ahmedabad,2025-05-15,https://entrackr.com/news/ice-cream-brand-hocco-raises-10-mn-in-first-close-of-series-b-round-9070468
M1xchange,https://www.m1xchange.com/,10,,Fintech,Gurugram,2025-05-12,https://entrackr.com/news/amazon-backed-m1xchange-raises-10-mn-from-filter-capital-9060318
Stashfin,https://www.stashfin.com/,9.3,Debt,Fintech,Gurugram,2025-05-13,https://inc42.com/buzz/exclusive-stashfin-raises-inr-79-cr-debt-from-northern-arc-others/
Biryani Blues,https://www.biryaniblues.com/,5,,QSR Chain,Gurugram,2025-05-13,https://entrackr.com/snippets/qsr-chain-biryani-blues-raises-5-mn-led-by-yugadi-capital-9063619
BlueStone,https://www.bluestone.com/,4.7,Debt,Jewellery Brand,Bengaluru,2025-05-14,https://inc42.com/buzz/bluestone-bags-inr-40-cr-in-debt-from-blacksoil-others/
TIEA Connectors,https://tieaconnectors.com/,2.57,,Electrical Equipment Manufacturing,Dharwad,2025-05-13,https://entrackr.com/snippets/tiea-connectors-raises-rs-22-cr-co-led-by-jamwant-ventures-and-valour-capital-9064495
ReelSaga,https://www.reelsaga.in/,2.1,Seed,Mobile Entertainment,,2025-05-14,https://entrackr.com/snippets/reelsaga-raises-21-mn-in-seed-round-led-by-picus-capital-9067336
MedVital,https://themedvital.com/,0.9778,Pre-Seed,Medtech,Gurugram,2025-05-15,https://entrackr.com/snippets/medtech-startup-medvital-raises-rs-84-cr-in-pre-seed-round-9072305
Third Bracket,https://www.thirdbracket.in/,0.584,Seed,Hiring Platform,Bengaluru,2025-05-14,https://entrackr.com/snippets/hiring-platform-third-bracket-raises-rs-5-cr-in-seed-round-9067442
LUZO,https://www.luzo.app/,0.55,Seed,Marketplace for Salons,Mumbai,2025-05-14,https://entrackr.com/snippets/luzo-raises-550k-in-seed-round-led-by-enrission-india-capital-9067496
Citrus Freight,https://www.citrusfreight.com/,0.292,,Logistics,Bengaluru,2025-05-12,https://entrackr.com/snippets/reefer-container-shipping-platform-citrus-freight-raises-bridge-round-9060080
Naptapgo,https://www.naptapgo.com/,0.233,Pre-Seed,Hospitality,Noida,2025-05-15,https://entrackr.com/snippets/pod-hotel-startup-naptapgo-raises-pre-seed-round-led-by-ipv-9070508
Be Clinical,https://be-clinical.com/,0.233,Seed,Skincare,Delhi,2025-05-13,https://entrackr.com/snippets/titan-capital-leads-seed-round-in-skincare-brand-be-clinical-9063574
Nobel Hygiene,http://www.nobelhygiene.com/,20,,Healthcare,Mumbai,2025-05-16,https://entrackr.com/news/nobel-hygiene-secures-20-mn-from-neo-asset-management-9075303
Euler Motors,https://www.eulermotors.com/en/,75,Series D,EV,Delhi,2025-05-19,https://entrackr.com/news/euler-motors-raises-rs-638-cr-in-series-d-funding-round-9083850
Oxyzo,https://www.oxyzo.in/,62,Debt,Fintech,Gurugram,2025-05-19,https://inc42.com/buzz/exclusive-oxyzo-raises-inr-533-cr-debt-from-neo-group-others/
Vivriti Asset Management,https://vivritiamc.com/,20,,Fintech,Chennai,2025-05-19,https://entrackr.com/snippets/vivriti-asset-management-raises-20-mn-from-development-bank-of-austria-9083487
CureBay,https://curebay.com/,19,Series B,Healthcare,Bhubaneshwar,2025-05-20,https://entrackr.com/news/curebay-raises-21-mn-in-series-b-round-led-by-bertelsmann-india-9085603
Mythik,https://mythik.com/,15,Seed,Tech-first entertainment,Mumbai,2025-05-21,https://entrackr.com/snippets/jason-kotharis-new-startup-mythik-raises-15-mn-in-seed-round-9089926
Data Sutram,http://www.datasutram.com/,9,Series A,B2B SaaS,Mumbai,2025-05-22,https://entrackr.com/news/data-sutram-raises-9-mn-in-series-a-round-9149674
Miraggio,https://miraggiolife.com/,6.5,,Fashion - Handbag and Accessories,Delhi,2025-05-20,https://entrackr.com/snippets/miraggio-raises-65-mn-led-by-rpsg-capital-9086396
Tan90,http://www.tan90thermal.com/,2.35,Series A,Deeptech - Portable Cold Storage,Chennai,2025-05-20,https://entrackr.com/snippets/nabventures-leads-rs-20-cr-round-in-deep-tech-startup-tan90-9086785
Promethean Energy,https://www.prometheanenergy.com/,2,Pre-Series A,Cleantech,Mumbai,2025-05-22,https://entrackr.com/snippets/promethean-energy-raises-2-mn-in-pre-series-a-round-9149741
KSKT,https://www.kskt.in/,1.3,,Agritech,Gurugram,2025-05-23,https://entrackr.com/snippets/kskt-raises-13-mn-in-equity-and-debt-round-9300612
Misfits,https://www.misfits.net.in/,0.581,Seed,Hobby-based community platform,Gurugram,2025-05-20,https://entrackr.com/snippets/misfits-raises-seed-round-co-led-by-info-edge-ventures-and-better-capital-9087722
ALT CARBON,https://www.alt-carbon.com/,12,Seed,Cleantech,Bengaluru,2025-05-22,https://entrackr.com/snippets/deeptech-startup-alt-carbon-raises-12-mn-in-seed-round-9187389
Citykart,https://citykart.co.in/,63,Series B,Fashion Retail,Gurugram,2025-05-27,https://entrackr.com/news/citykart-raises-rs-538-cr-led-by-tpg-newquest-and-a91-partner-9309720
Saarathi Finance,,55.558,,Fintech - NBFC,Mumbai,2025-05-28,https://entrackr.com/snippets/saarathi-finance-secures-rs-475-cr-equity-capital-9313667
Snabbit,https://snabbit.com/,19,,On-demand Home Services,Mumbai,2025-05-29,https://entrackr.com/news/quick-service-platform-snabbit-raises-19-mn-led-by-lightspeed-9316145
Fleetx,https://www.fleetx.io/,13.2,Series C,Fleet Management,Gurugram,2025-05-27,https://entrackr.com/news/fleetx-raises-rs-113-cr-in-series-c-led-by-indiamart-and-beenext-9309763
Slikk,https://slikk.club/,10,Series A,Quick Fashion Delivery,Bengaluru,2025-05-27,https://entrackr.com/news/quick-fashion-delivery-startup-slikk-raises-10-mn-led-by-nexus-9309173
Chalo,https://chalo.com/,6.1,Debt + Equity,Mobility,Mumbai,2025-05-30,https://inc42.com/buzz/exclusive-chalo-funding-mobility-startup-raises-inr-53-cr-from-cofounders-others/
Frinks AI,https://frinks.ai/,5.4,Pre-Series A,Deeptech,Bengaluru,2025-05-27,https://entrackr.com/snippets/frinks-ai-raises-54-mn-in-pre-series-a-round-9310766
Samunnati,https://samunnati.com/,5,Series E,Agri-focused Fintech,Chennai,2025-05-27,https://entrackr.com/snippets/samunnati--series-pre-e-at-rs-381-cr-9311435
EUME,https://eumeworld.com/,3,Series A,Travel Accessories,Mumbai,2025-05-27,https://entrackr.com/snippets/travel-accessories-brand-eume-raises-rs-25-cr-in-series-a-9310121
GROWiT,https://thegrowit.com/,3,Series A,Agritech,Surat,2025-05-28,https://entrackr.com/snippets/growit-raises-3-mn-in-series-a-round-led-by-gvfl-9313488
Contineu,https://contineu.ai/,1.2,Seed,Deeptech,Bengaluru,2025-05-27,https://entrackr.com/snippets/deep-tech-startup-contineu-raises-12-mn-led-by-senseai-ventures-9310309
Orbitt Space,https://orbitt.space/,1,Pre-Seed,Spacetech,Ahmedabad,2025-05-28,https://entrackr.com/snippets/orbitt-space-raises-1-mn-in-pre-seed-round-led-by-pi-ventures-9313216
Cleevo,https://getcleevo.com/,1,Seed,Home Hygiene,Chennai,2025-05-29,https://entrackr.com/snippets/cleevo-raises-1-mn-in-seed-round-led-by-eternal-capital-9316482
KhiladiPro,https://www.khiladipro.com/,1,Pre-Seed,Sportstech,Bengaluru,2025-05-29,https://entrackr.com/snippets/sports-tech-startup-khiladipro-secures-1mn-in-pre-seed-round-9317219
ILIOS 72 Alternative Capital,https://ilios72altcap.co.in/,0.1169,Seed,Fintech - Wealth Management,Gurugram,2025-05-28,https://entrackr.com/snippets/wealth-management-firm-ilios-72-alternative-capital-raises-seed-round-9314010
Drools,https://drools.com/,,,Pet Food,Bengaluru,2025-05-26,https://inc42.com/buzz/drools-enters-unicorn-club-after-nestles-investment/
Battery Smart,https://www.batterysmart.in/,29,Series B,EV - Battery Swapping,Gurugram,2025-05-30,https://inc42.com/buzz/battery-smart-bags-29-mn-from-rising-tide-energy-others/
Udaan,https://www.udaan.com/,114,Series G,B2B - E-Commerce,Bengaluru,2025-06-02,https://entrackr.com/news/udaan-closes-series-g-round-at-114-mn-9327813
Snitch,https://www.snitch.com/,40,Series B,D2C Clothing,Bengaluru,2025-06-02,https://entrackr.com/snippets/snitch-raises-40-mn-in-series-b-round-to-enter-quick-commerce-9327509
Stable Money,https://stablemoney.in/,20,,Fintech,Bengaluru,2025-06-03,https://entrackr.com/news/stable-money-raises-20-mn-led-by-fundamentum-9330477
Loantap,https://loantap.in/,6.2,,Fintech,Pune,2025-06-05,https://entrackr.com/snippets/loantap-raises-62-mn-led-by-july-ventures-9336604
GyanDhan,https://www.gyandhan.com/,5.8,Series A,Fintech,Delhi,2025-06-04,https://entrackr.com/snippets/gyandhan-raises-rs-50-cr-in-series-a-round-from-classplus-and-pravega-9333649
Plush,https://www.plushforher.com/,4.65,,Feminine Care,Chennai,2025-06-03,https://entrackr.com/exclusive/exclusive-feminine-care-brand-plush-to-kick-off-series-b-round-at-3x-valuation-surge-9330660
Stride Green,https://stridegreen.in/,3.5,Seed,Fintech,Gurugram,2025-06-05,https://entrackr.com/snippets/stride-green-raises-35-mn-in-seed-round-9336653
True Diamond,https://truediamond.in/,3,Pre-Series A,Lab-grown diamond,Mumbai,2025-06-04,https://entrackr.com/snippets/true-diamond-raises-3-mn-led-by-india-quotient-9334235
Handpickd,https://handpickd.farm/,2.52,Seed,Agritech,Gurugram,2025-06-04,https://entrackr.com/exclusive/exclusive-anant-goels-handpickd-raises-fresh-funds-9334697
Spense,https://spense.money/,1.85,Pre-Seed,Fintech,Bengaluru,2025-06-02,https://entrackr.com/snippets/growthcap-leads-185-mn-pre-seed-round-in-spense-9327516
Gully Labs,https://gullylabs.com/,1.01,Seed,Sneaker Brand,Delhi,2025-06-03,https://entrackr.com/snippets/gully-labs-raises-rs-87-cr-in-seed-round-led-by-zeropearl-vc-9331170
Khari Foods,http://www.kharifoods.com/,0.35,Seed,Snacking Brand,Delhi,2025-06-05,https://entrackr.com/snippets/khari-foods-raises-rs-3-cr-in-seed-round-9336946
The Tarzan Way,https://thetarzanway.com/,0.233,Seed,Travel Tech,Noida,2025-06-05,https://entrackr.com/snippets/travel-tech-startup-the-tarzan-way-raises-rs-2-cr-led-by-ipv-9336938
ServeClub,https://serveclub.co/,,Seed,Pickleball Gear,,2025-06-03,https://entrackr.com/snippets/serveclub-raises-seed-round-from-rare-rabbit-the-moms-co-founders-9331008
Kosmc AI,https://www.kosmc.ai/,0.2,Pre-Seed,Social Commerce,Delhi,2025-06-06,https://entrackr.com/snippets/social-commerce-infrastructure-startup-kosmc-ai-raises-pre-seed-round-9340447
CRED,https://cred.club/,72,,Fintech,Bengaluru,2025-06-09,https://entrackr.com/news/cred-raises-72-mn-from-lathe-kunal-shahs-qed-and-others-9349417
Vecmocon,http://www.vecmocon.com/,18,Series A,EV,Delhi,2025-06-09,https://entrackr.com/snippets/vecmocon-raises-18-mn-in-series-a-round-led-by-eif-9348232
FlexiLoans,https://flexiloans.com/,12,Series C,FIntech,Mumbai,2025-06-12,https://entrackr.com/news/flexiloans-raises-rs-375-cr-in-extended-series-c-round-9352911
Wow Momo,https://www.wowmomo.com/,10,Debt,QSR Brand,Kolkata,2025-06-10,https://entrackr.com/snippets/wow-momo-raises-rs-85-cr-in-debt-from-stride-ventures-9351425
PowerUp Money,https://www.powerup.money/,7.1,,Fintech - Investment,Bengaluru,2025-06-11,https://entrackr.com/snippets/powerup-money-raises-71-mn-from-accel-blume-and-others-9353039
Refyne,https://www.refyne.co.in/,4,Debt,Fintech,Bengaluru,2025-06-11,https://inc42.com/buzz/exclusive-on-demand-salary-startup-refyne-bags-inr-35-cr-debt/
Flick TV,https://www.flicktv.in/,2.3,Seed,OTT,Bengaluru,2025-06-10,https://entrackr.com/snippets/flick-tv-raises-23-mn-in-seed-round-led-by-stellaris-ventures-9350145
Leumas,https://leumasware.com/,2.2,Seed,Manufacturing,Bengaluru,2025-06-11,https://entrackr.com/snippets/deeptech-manufacturing-startup-leumas-raises-22-mn-in-seed-round-9353444
Kisah,https://kisah.in/,1.52,Pre-Series A,Clothing,Kolkata,2025-06-12,https://entrackr.com/snippets/mens-ethnicwear-brand-kisah-secures-rs-13-cr-to-expand-offline-and-d2c-biz-9355545
Machaxi,https://www.machaxi.com/,1.5,,Sports Tech,Bengaluru,2025-06-11,https://entrackr.com/snippets/machaxi-raises-15-mn-from-rainmatter-prakash-padukone-others-9353316
PlutoPe,https://www.plutope.io/,0.5,Pre-Seed,Fintech,Gurugram,2025-06-12,https://entrackr.com/snippets/defi-startup-plutope-raises-500k-in-pre-seed-round-9357153
Iom Bioworks,https://www.iombio.com/,0.467,Seed,Biotech,Bengaluru,2025-06-12,https://entrackr.com/snippets/iom-bioworks-raises-rs-4-cr-in-seed-round-led-by-ipv-9356438
Roomstory.ai,https://roomstory.ai/,0.35,Pre-Seed,Interior Discovery,Gurugram,2025-06-09,https://entrackr.com/snippets/interior-discovery-platform-roomstoryai-raises-pre-seed-round-led-by-rukam-sitara-fund-9347781
Pehle Jaisa,https://www.pehlejaisa.com/,0.3,Pre-Series A,Agritech,Gurugram,2025-06-13,https://entrackr.com/snippets/pehle-jaisa-raises-300k-in-pre-series-a-round-9359940
GIVA,https://www.giva.co/,61.5,Series C,Jewelry Brand,Bengaluru,2025-06-25,https://entrackr.com/news/giva-raises-rs-530-cr-in-series-c-round-led-by-creaegis-9407202
EKA Mobility,https://ekamobility.com/,23,,EV,Pune,2025-06-23,https://inc42.com/buzz/eka-mobility-bags-inr-200-cr-from-enam-holdings/
Battery Smart,https://www.batterysmart.in/,21,Series B,EV - Battery Tech,Gurugram,2025-06-25,https://entrackr.com/news/battery-smarts-extended-series-b-round-pushes-valuation-to-450-mn-9405291
GoKwik,https://www.gokwik.co/,13,,E-Commerce Enabler,Delhi,2025-06-24,https://entrackr.com/snippets/e-commerce-enabler-gokwik-raises-13-mn-led-by-rtp-global-9396485
Sahi,https://sahi.com/,10.5,,Fintech - Stock Trading,Bengaluru,2025-06-25,https://entrackr.com/news/former-swiggy-ctos-stock-trading-app-sahi-raises-105-mn-led-by-accel-and-elevation-9404619
Fabheads,http://www.fabheads.in/,10,Series A,Hardware,Chennai,2025-06-24,https://entrackr.com/snippets/fabheads-raises-10-mn-in-series-a-round-led-by-accel-9396012
Kazam,https://kazam.energy/,6.2,Series B,EV,Bengaluru,2025-06-23,https://entrackr.com/snippets/ev-startup-kazam-raises-62-mn-from-ifc-vertex-and-avaana-capital-9389336
Flipspaces,https://www.flipspaces.com/,5.9,,Interior Design,Mumbai,2025-06-26,https://entrackr.com/snippets/flipspaces-raises-rs-50-cr-from-asiana-fund-9420511
Rabitat,https://www.rabitat.com/,5,Series A,D2C,Delhi,2025-06-23,https://entrackr.com/snippets/d2c-brand-rabitat-raises-rs-40-cr-in-series-a-round-9389652
ZILO,https://zilo.one/,4.5,Seed,Quick Commerce - Fashion,Mumbai,2025-06-27,https://entrackr.com/snippets/quick-fashion-delivery-startup-zilo-raises-45-mn-in-seed-round-9441409
Evera Cabs,https://www.everacabs.com/,4,,Electric Taxi Service,Delhi,2025-06-24,https://entrackr.com/snippets/evera-cabs-secures-4-mn-from-mufin-green-finance-9396942
IndiaBonds,https://www.indiabonds.com/,3.77,,Fintech - Investment,Mumbai,2025-06-25,https://entrackr.com/snippets/bond-investment-platform-indiabonds-raises-rs-325-cr-in-maiden-funding-9404893
Fantail,https://fantail.in/,1.6,Seed,B2B Textile Manufacturing,Surat,2025-06-24,https://entrackr.com/snippets/b2b-textile-manufacturing-startup-fantail-raises-rs-1375-cr-in-seed-round-9396255
Utopia Therapeutics,https://utopiathx.com/,1.5,Seed,Biotech,Hyderabad,2025-06-24,https://entrackr.com/snippets/bio-tech-startup-utopia-therapeutics-raises-15-mn-led-by-whale-tank-9396662
Armory,https://www.armory.in/,1.5,,Defense Tech,Gurugram,2025-06-25,https://entrackr.com/snippets/defence-tech-startup-armory-raises-rs-13-cr-led-by-growx-ventures-9404571
Skippi,https://skippi.in/,1.4,Pre-Series A,Popsicle brand,Hyderabad,2025-06-24,https://entrackr.com/snippets/ice-popsicle-brand-skippi-raises-rs-12-cr-in-extended-pre-series-a-round-9396900
AuraML,https://www.auraml.com/,1,Pre-Seed,Deeptech,Bengaluru,2025-06-25,https://entrackr.com/snippets/auraml-raises-1-mn-in-pre-seed-round-led-by-turbostart-9404901
Sthyr Energy,https://www.sthyrenergy.com/,1,Seed,Renewable Energy,Chennai,2025-06-25,https://entrackr.com/snippets/deeptech-startup-sthyr-energy-raises-1-mn-in-seed-round-9405438
Pazy,https://pazy.io/,0.72,Pre-Seed,Fintech - Payments,Bengaluru,2025-06-25,https://entrackr.com/snippets/business-payments-platform-pazy-raises-pre-seed-funding-round-9410494
Innovodigm,https://innovodigm.com/,0.641,Seed,Medtech,Kolkata,2025-06-24,https://entrackr.com/snippets/med-tech-startup-innovodigm-raises-seed-funding-round-led-by-ian-group-9402512
Indian Snack House,https://www.indiansnackhouse.com/,0.256,Pre-Seed,D2C Snack Brand,Chennai,2025-06-25,https://entrackr.com/snippets/d2c-brand-indian-snack-house-raises-pre-seed-funding-round-led-by-titan-capital-9405715
Truliv,https://truliv.in/,,,Co-Living,Chennai,2025-06-23,https://entrackr.com/snippets/co-living-startup-truliv-raises-strategic-investment-from-bccl-9392137
StayVista,https://www.stayvista.com/,4.6,Series B,Hospitality,Mumbai,2025-06-26,https://entrackr.com/snippets/stayvista-raises-rs-40-cr-in-series-b-round-led-by-jsw-ventures-9439300
Jumbotail,https://jumbotail.com/,120,Series D,B2B Marketplace,Bengaluru,2025-06-30,https://entrackr.com/news/jumbotail-turns-unicorn-after-120-mn-series-d-round-9449623
Infra.Market,https://infra.market/,50,Debt,B2B Marketplace - Construction Materials,Thane,2025-06-30,https://entrackr.com/news/inframarket-secures-150-mn-from-mars-growth-capital-9449081
Eggoz,https://www.eggoz.com/,20,Series C,Dairy Products,Gurugram,2025-06-30,https://entrackr.com/snippets/eggoz-raises-20-mn-in-series-c-round-led-by-gaja-capital-9449466
AppsForBharat,https://www.appsforbharat.com/en,20,Series C,Devotional Platform,Bengaluru,2025-07-01,https://entrackr.com/news/appsforbharat-raises-20-mn-in-series-c-round-9451578
Aukera,https://aukerajewellery.com/,15,Series B,Lab grown diamond jewellery,Bengaluru,2025-06-30,https://entrackr.com/news/lab-grown-diamond-brand-aukera-raises-15-mn-led-by-peak-xv-9449078
FincFriends,https://fincfriends.com/,11.5,Debt,Fintech - NBFC,Gurugram,2025-07-01,https://entrackr.com/snippets/fincfriends-closes-115-mn-debt-funding-round-9452878
Bambrew,https://www.bambrew.in/,10.3,,Sustainable Packaging,Bengaluru,2025-07-01,https://entrackr.com/snippets/bambrew-raises-rs-90-cr-led-by-ashok-goel-and-enrission-india-capital-9452773
Eeki,https://www.eeki.com/,7,,Agritech,Kota,2025-07-01,https://entrackr.com/snippets/agritech-startup-eeki-raises-7-mn-from-sixth-sense-ventures-9452600
Zango AI,https://www.zango.ai/,4.8,Seed,AI - Regulatory Compliance,Bengaluru,2025-07-01,https://entrackr.com/snippets/zango-ai-raises-48-mn-in-seed-round-led-by-nexus-venture-partners-9452864
Maieutic Semiconductors,https://www.maieuticsemi.com/,4.15,Seed,Deeptech,Bengaluru,2025-07-03,https://economictimes.indiatimes.com/tech/funding/deeptech-startup-maieutic-semiconductor-raises-4-15-million-from-endiya-partners-exfinity-venture-partners/articleshow/122210969.cms
Luma Fertility,https://lumafertility.com/,4,Seed,Healthtech - Fertility,Mumbai,2025-07-03,https://entrackr.com/snippets/luma-fertility-raises-4-mn-led-by-peak-xvs-surge-9458476
GobbleCube,https://gobblecube.ai/,3.5,,Analytics,Gurugram,2025-07-03,https://economictimes.indiatimes.com/tech/funding/ai-backed-brand-analytics-platform-gobblecube-raises-3-5-million-in-round-led-by-infoedge-ventures/articleshow/122209192.cms
Loopworm,https://loopworm.in/,3.25,Pre-Series A,Biotech,Bengaluru,2025-07-01,https://entrackr.com/snippets/biomanufacturing-startup-loopworm-raises-325-mn-in-pre-series-a-round-9453681
CIMware,https://cimware.tech/,2.3,Pre-Series A,Computer Hardware,Bengaluru,2025-07-02,https://entrackr.com/snippets/cimware-raises-23-mn-from-transition-vc-9455272
IORA,http://www.ioraecological.com/,1,Debt,Environmental Services,Delhi,2025-07-02,https://entrackr.com/snippets/iora-raises-rs-85-cr-funding-from-caspian-debt-9456330
Astrophel Aerospace,https://astrophelaerospace.in/,0.8,Pre-Seed,Spacetech,Pune,2025-07-01,https://entrackr.com/snippets/astrophel-aerospace-raises-rs-684-cr-in-pre-seed-round-9452911
Lamark Biotech,http://www.lamarkbiotech.com/,0.759,Pre-Series A,Biotech,Bengaluru,2025-07-01,https://entrackr.com/snippets/lamark-biotech-raises-rs-65-cr-in-pre-series-a-round-led-by-ian-group-9453084
FitFeast,https://fitfeast.in/,0.642,Seed,Nutrition Brand,Gurugram,2025-07-03,https://entrackr.com/snippets/fitfeast-raises-rs-55-cr-from-ipv-ropes-in-shane-watson-and-axar-patel-as-investors-9458574
Garaaz,https://www.garaaz.com/,0.53,Seed,Automotive spare parts aggregator,Jaipur,2025-07-01,https://entrackr.com/snippets/automotive-spare-parts-aggregator-garaaz-raises-rs-455-cr-in-seed-round-9452385
Blostem,https://blostem.com/,,Seed,Fintech,Delhi,2025-06-30,https://entrackr.com/snippets/blostem-raises-seed-round-led-by-ac-ventures-9449740
FES Cafe,https://forearthssake.co.in/,0.35,Seed,Cafe  Chain,Gurugram,2025-07-03,https://entrackr.com/snippets/fes-cafe-raises-seed-round-led-by-aakash-anand-and-wolfpack-labs-9459270
Smartworks,https://www.smartworksoffice.com/,20,,Managed Office Space Provider,Gurugram,2025-07-09,https://entrackr.com/news/smartworks-raises-20-mn-from-anchor-investors-9479787
Varthana,http://varthana.com/,18.5,Debt,Fintech - NBFC,Bengaluru,2025-07-09,https://entrackr.com/snippets/nbfc-varthana-secures-rs-159-cr-in-debt-funding-9477464
Khetika,https://khetika.com/,18,,Healthy Food Brand,Mumbai,2025-07-07,https://entrackr.com/snippets/khetika-raises-18-mn-led-by-narotam-sekhsaria-family-office-and-anicut-capital-9469606
InPrime Finserv,https://inprime.in/,5.84,Series A,Fintech - NBFC,Bengaluru,2025-07-07,https://entrackr.com/snippets/inprime-finserv-raises-rs-50-cr-in-series-a1-round-led-by-pravega-ventures-9470068
Chai Bisket,https://www.chaibisket.com/,5,Seed,OTT Platform,Hyderabad,2025-07-09,https://entrackr.com/snippets/chai-bisket-raises-5-mn-led-by-infoedge-ventures-and-general-catalyst-to-launch-chai-shots-9477331
Belong,https://getbelong.com/,5,Seed,Fintech,Bengaluru,2025-07-09,https://entrackr.com/snippets/nri-focused-fintech-startup-belong-raises-5-mn-led-by-elevation-capital-9476695
Vaaree,https://vaaree.com/?utm_source=Linkedin&utm_medium=organic&utm_campaign=homepage&utm_content=libio&dxid=07ce880a-c6a8-1752728166,2.09,Extended Pre-Series A,Home Decor,Bengaluru,2025-07-12,https://inc42.com/buzz/exclusive-d2c-home-decor-brand-vaaree-closes-pre-series-a-round-at-4-6-mn/
Clean Fanatics,https://cleanfanatics.com/,2,Seed,Home Services,Bengaluru,2025-07-10,https://entrackr.com/snippets/clean-fanatics-raises-2-mn-in-seed-round-led-by-inflection-point-ventures-9480496
Cookd,https://cookdtv.com/,2,Pre-Series A,Consumer Food Brand,Chennai,2025-07-11,https://entrackr.com/snippets/cookd-raises-rs-16-cr-in-pre-series-a-round-led-by-spring-marketing-capital-9485216
Green Aero,https://www.greenaero.in/,1.6,Seed,Deeptech,Delhi,2025-07-09,https://entrackr.com/snippets/green-aero-raises-16-mn-in-seed-round-led-by-pi-ventures-9477236
WiseLife,https://www.wiselife.in/,0.934,Pre-Series A,Fitness Essentials Brand,Gurugram,2025-07-07,https://entrackr.com/snippets/wiselife-raises-rs-8-cr-led-by-rukam-capital-in-pre-series-a-round-9470240
Linkrunner,https://www.linkrunner.io/,0.584,Pre-Seed,Analytics,Bengaluru,2025-07-08,https://entrackr.com/snippets/linkrunner-raises-pre-seed-round-led-by-titan-capital-9473366
Qoruz,https://qoruz.com/,0.5,Pre-Series A,Influencer Marketing Platform,Bengaluru,2025-07-08,https://entrackr.com/snippets/qoruz-raises-500k-in-pre-series-a-round-led-by-the-chennai-angels-9472988
Enercomp,https://www.enercomp.in/,0.233,,Drone,Ahmedabad,2025-07-09,https://entrackr.com/snippets/drone-tech-startup-enercomp-raises-rs-2-cr-in-bridge-round-9477028
Divine Hindu,https://www.divinehindu.in/,0.182,Seed,Spiritual Jewellery Brand,Gurugram,2025-07-07,https://entrackr.com/snippets/spiritual-lifestyle-brand-divine-hindu-raises-seed-round-9470543
Gramik,https://www.gramik.in/,2,,Agritech,Lucknow,2025-07-11,https://inc42.com/buzz/gramik-bags-17-cr-to-expand-its-agritech-play/
QpiAI,https://qpiai.tech/,32,Series A,Deeptech,Bengaluru,2025-07-16,https://inc42.com/buzz/qpiai-bags-32-mn-to-integrate-ai-quantum-computing-into-enterprise-solutions/
Truemeds,https://www.truemeds.in/,20,Series C,Healthtech,Mumbai,2025-07-16,https://entrackr.com/exclusive/exclusive-peak-xv-joins-truemeds-series-c-round-with-20-mn-9500136
Phi Commerce,https://payphi.com/,6,Series B,Fintech,Pune,2025-07-16,https://entrackr.com/exclusive/exclusive-phi-commerce-tops-up-series-b-with-fresh-funding-9501296
Burger Singh,https://www.burgersinghonline.com/,5.5,,QSR Brand,Gurugram,2025-07-17,https://entrackr.com/exclusive/exclusive-burger-singh-scoops-up-rs-47-cr-in-fresh-funding-round-9504604
Lo! Foods,https://lofoods.fit/,3.5,Series B,Healthy Food Brand,Bengaluru,2025-07-17,https://entrackr.com/snippets/lo-foods-raises-35-mn-in-series-b-round-9504677
KNOT,https://knotnow.co/,3,Pre-Series A,Quick Commerce - Fashion,Bengaluru,2025-07-16,https://entrackr.com/snippets/quick-fashion-delivery-startup-knot-raises-3-mn-led-by-kae-capital-9500840
Trupeer,https://www.trupeer.ai/,3,Seed,Video AI,Bengaluru,2025-07-15,https://entrackr.com/snippets/trupeer-bags-3-mn-seed-round-led-by-rtp-global-9498489
Zeus Hygia,http://www.zeushygia.com/,2.5,Series A,Biotech,Hyderabad,2025-07-16,https://entrackr.com/snippets/zeus-hygia-raises-25-mn-from-nabventures-9501055
DCGPac,https://www.dcgpac.com/,1.75,Pre-Series A,B2B Packaging,Gurugram,2025-07-17,https://entrackr.com/snippets/gvfl-leads-rs-15-cr-round-in-b2b-packaging-platform-dcg-tech-9505558
Zuppa,https://shop.zuppa.io/,1.5,,Dronetech,Chennai,2025-07-16,https://entrackr.com/snippets/dronetech-startup-zuppa-raises-15-mn-in-bridge-round-9502008
Deep Algorithms Solutions,https://www.deepalgorithms.in/,1.25,Seed,Cybersecurity,Hyderabad,2025-07-16,https://entrackr.com/snippets/cybersecurity-startup-deep-algorithm-raises-rs-108-cr-in-seed-round-9501281
Dial4242,https://www.dial4242.com/,1.04,Pre-Series A,On-Demand Ambulance Service,Mumbai,2025-07-15,https://entrackr.com/snippets/ambulance-startup-dial4242-raises-rs-9-cr-in-pre-series-a-round-9498560
The Wedding Company,https://www.theweddingcompany.com/,1,Pre-Seed,Wedding Planning,Bengaluru,2025-07-15,https://entrackr.com/snippets/the-wedding-company-raises-1-mn-in-pre-seed-round-9496868
Navana.ai,https://navana.ai/,0.8,Pre-Series A,Voice AI,Bengaluru,2025-07-15,https://entrackr.com/snippets/voice-ai-startup-navanaai-raises-rs-7-cr-in-pre-series-a-round-9500014
Zulu Club,https://app.zulu.club/,0.25,Pre-Seed,Quick Commerce - Fashion,Gurugram,2025-07-16,https://entrackr.com/snippets/zulu-club-raises-250k-in-pre-seed-round-from-tdv-partners-9501275
Culture Circle,https://culture-circle.com/,,,Fashion Commerce,Gurugram,2025-07-16,https://entrackr.com/snippets/oyos-ritesh-agarwal-invests-in-culture-circle-at-over-rs-100-cr-valuation-9503107
Omspace,http://www.omspace.in/,3,Pre-Seed,Spacetech,Ahmedabad,2025-07-18,https://entrackr.com/snippets/space-tech-startup-omspace-raises-3-mn-in-pre-seed-round-9510349
Netrasemi,https://www.netrasemi.com/,12.5,Series A,Semiconductor,Thiruvananthapuram,2025-07-24,https://entrackr.com/snippets/semiconductor-startup-netrasemi-raises-rs-107-cr-led-by-zoho-corp-and-unicorn-india-ventures-9530646
Kluisz.ai,https://kluisz.ai/,9.6,Seed,Cloud Infrastructure Platform,Bengaluru,2025-07-23,https://inc42.com/buzz/former-oyo-executives-ai-cloud-platform-kluisz-ai-bags-9-6-mn/
EduFund,https://www.edufund.in/,6,Series A,Edtech - Fintech,Ahmedabad,2025-07-21,https://entrackr.com/snippets/edufund-raises-6-mn-series-a-round-led-by-cercano-management-9518911
EVeez,https://eveez.in/,5.4,Series A,EV,Delhi-NCR,2025-07-24,https://entrackr.com/snippets/eveez-raises-54-mn-in-series-a-led-by-michael-susan-dell-foundation-9531676
Enlite,https://www.enliteresearch.com/,5.32,Series A,Climate Tech,Mumbai,2025-07-24,https://entrackr.com/snippets/enlite-raises-rs-46-cr-in-series-a-round-led-by-avaana-capital-9529908
SUGAR Cosmetics,https://www.sugarcosmetics.com/,5,,Beauty and Personal Care,Mumbai,2025-07-23,https://inc42.com/buzz/exclusive-sugar-cosmetics-mops-up-5-mn-from-anicut-capital-others/
Escape Plan,https://myescplan.com/,5,Seed,Travel Accessories,Bengaluru,2025-07-22,https://inc42.com/buzz/ex-perpule-founders-new-startup-escape-plan-raises-5-mn/
iTuring,https://ituring.ai/,5,Series A,AI/ML for Banking,Bengaluru,2025-07-23,https://entrackr.com/snippets/ituring-raises-5-mn-in-series-a-round-led-by-dallas-venture-and-mela-ventures-9527330
Pristyn Care,https://www.pristyncare.com/,4,,Healthcare,Gurugram,2025-07-23,https://entrackr.com/exclusive/exclusive-pristyn-care-raises-4-mn-to-scale-in-house-hospitals-preps-for-larger-round-9527708
Hudle,https://www.hudle.in/,2.5,Series A,Sports Tech,Delhi,2025-07-21,https://entrackr.com/snippets/hudle-raises-25-mn-in-series-a-round-led-by-sky-impact-capital-9518419
Grexa AI,https://grexa.ai/,1.85,Seed,Marketing Platform,Mumbai,2025-07-23,https://entrackr.com/snippets/marketing-platform-grexa-ai-raises-185-mn-in-seed-round-9526001
ANNY,https://styleanny.in/,1.15,Pre-Series A,Fashion Tech,Delhi-NCR,2025-07-21,https://entrackr.com/snippets/anny-raises-rs-10-cr-in-pre-series-a-round-led-by-atomic-capital-9519017
Inbound Aerospace,https://inboundaerospace.com/,1,Pre-Seed,Spacetech,Chennai,2025-07-23,https://entrackr.com/snippets/space-tech-startup-inbound-aerospace-raises-1-mn-in-seed-funding-round-9526624
Plenome Technologies,https://plenome.com/,0.753,Seed,Deeptech,Chennai,2025-07-21,https://entrackr.com/snippets/plenome-technologies-raises-rs-65-cr-in-seed-round-9519354
Bharatsure,https://bharatsure.com/,0.6947,,Insurtech,Mumbai,2025-07-24,https://entrackr.com/snippets/insurtech-startup-bharatsure-raises-rs-6-cr-led-by-ipv-9530132
ApClub,https://www.apclub.co.in/,0.231,Pre-Seed,Fitness,Bengaluru,2025-07-22,https://entrackr.com/snippets/apclub-raises-rs-2-cr-in-pre-seed-round-led-by-curefit-healthcare-9522522
Coluxe,https://coluxe.com/,,,Jewellery Brand,Delhi,2025-07-23,https://entrackr.com/snippets/coluxe-closes-friends-and-family-round-to-launch-everyday-fine-jewellery-platform-9526895
Magma,http://magmagroup.in/,,Series A,Industrial Solutions,Ahmedabad,2025-07-23,https://entrackr.com/snippets/gvfl-backs-magma-in-extended-series-a-round-9527285
Ammunic Systems,https://ammunicsystems.com/,1.1,Seed,Defense Tech,Bengaluru,2025-07-25,https://entrackr.com/snippets/defence-tech-startup-ammunic-systems-raises-11-mn-in-seed-round-9536371
Navi,https://navi.com/,20,Debt,Fintech,Bengaluru,2025-07-28,https://entrackr.com/exclusive/exclusive-sachin-bansals-navi-raises-20-mn-debt-9585170
Metaforms,https://www.metaforms.ai/,9,Series A,AI,Bengaluru,2025-07-31,https://entrackr.com/snippets/metaforms-raises-9-mn-from-peak-xv-nexus-and-together-fund-9610798
STAN,https://getstan.app/,8.5,Series A,Social Gaming,Bengaluru,2025-07-31,https://entrackr.com/snippets/social-gaming-platform-stan-raises-85-mn-in-series-a-round-9611968
Arivihan,https://arivihan.com/,4.17,Pre-Series A,Edtech,Indore,2025-07-31,https://entrackr.com/snippets/arivihan-raises-417-mn-in-pre-series-a-round-from-prosus-accel-9609066
Sharpsell.ai,https://www.sharpsell.ai/,3.42,Series A,Saas,Bengaluru,2025-07-29,https://entrackr.com/snippets/sharpsellai-raises-rs-30-cr-in-series-a-led-by-equentis-angel-fund-9601921
Littlebox,https://littleboxindia.com/,2.1,,D2C Fashion Brand,Guwahati,2025-07-30,https://entrackr.com/snippets/fashion-startup-littlebox-raises-21-mn-led-by-huddle-and-prath-ventures-9606016
DesignX,https://www.designx.in/,2,Pre-Series A,Automation,Noida,2025-07-30,https://entrackr.com/snippets/designx-raises-2-mn-in-pre-series-a-round-led-by-rockstud-capital-9606526
Snooplay,https://snooplay.in/,0.913,Series A,Toy Marketplace,Noida,2025-07-31,https://entrackr.com/snippets/toy-marketplace-snooplay-raises-pre-series-a1-round-led-by-pravek-family-office-9609864
Zepto,http://zeptonow.com/,0.856,,Quick Commerce,Mumbai,2025-07-29,https://entrackr.com/zepto-raises-fresh-funds-from-elcid-investment-5-bn-valuation-9601713
Passprt Trips,https://www.passprt.com/,0.5,Pre-Seed,Travel,Gurugram,2025-07-29,https://entrackr.com/snippets/passprt-trips-raises-500k-in-pre-seed-round-led-by-aroa-venture-partners-9601885
Heizen,https://heizen.work/,0.5,Pre-Seed,AI-Native Software,Hyderabad,2025-07-30,https://entrackr.com/snippets/software-delivery-startup-heizen-raises-seed-round-led-by-titan-capital-9606453
ILine,https://iline.ai/,0.5,,Logistics - EV,Noida,2025-07-31,https://entrackr.com/snippets/iline-raises-500k-in-angel-round-9609304
Genexis Biotech,https://genexisbiotech.com/,0.456,Seed,Biotech,Vadodara,2025-07-28,https://entrackr.com/snippets/genexis-biotech-raises-rs-4-cr-in-seed-round-led-by-gvfl-9585883
Optipro AI,https://optipro.ai/,,,SaaS,Bengaluru,2025-07-29,https://entrackr.com/snippets/saas-startup-optipro-ai-raises-fresh-funding-9601217
Vahan.ai,http://vahan.ai/,,,Recruitment Platform,Bengaluru,2025-07-30,https://entrackr.com/snippets/vahanai-secures-strategic-investment-from-temaseks-lemmatree-acquires-learn-9605746
The Sleep Company,https://thesleepcompany.in/,56,Series D,Home Furniture and Furnishing,Mumbai,2025-08-06,https://entrackr.com/news/the-sleep-company-raises-rs-480-cr-in-primary-and-secondary-funding-9631069
RENÉE Cosmetics,https://www.reneecosmetics.in/,30,Series C,Beauty Brand,Ahmedabad,2025-08-07,https://entrackr.com/news/ren%C3%A9e-cosmetics-raises-30-mn-in-series-c-at-200-mn-valuation-9634943
Fibe,https://www.fibe.in/,26.5,Debt,Fintech - Digital Lending,Pune,2025-08-05,https://entrackr.com/news/fibes-lending-arm-raises-rs-225-cr-in-debt-9627953
SuperGaming,https://www.supergaming.com/,15,Series B,Gaming,Pune,2025-08-06,https://entrackr.com/news/supergaming-raises-15-mn-led-by-skycatcher-and-steadview-9631851
Jeh Aerospace,https://www.jeh.aero/,11,,Aerospace Manufacturing,Hyderabad,2025-08-05,https://entrackr.com/snippets/jeh-aerospace-raises-11-mn-led-by-elevation-capital-9627545
Zype,https://www.getzype.com/,10.2,,Fintech - Digital Lending,Mumbai,2025-08-06,https://entrackr.com/snippets/digital-lending-startup-zype-raises-rs-90-cr-led-by-unleash-capital-9631063
DPDzero,https://dpdzero.com/,7,,Fintech,Bengaluru,2025-08-06,https://entrackr.com/snippets/dpdzero-raises-7-mn-led-by-gmo-venture-partners-9631116
TurboHire,https://turbohire.co/,6,Series A,Recruitment Automation,Hyderabad,2025-08-05,https://entrackr.com/snippets/turbohire-raises-6-mn-in-series-a-round-led-by-ivycap-ventures-9627690
Mitigata,https://mitigata.com/,5.9,Series A,Smart Cyber Insurance,Bengaluru,2025-08-04,https://entrackr.com/snippets/cyber-resilience-startup-mitigata-raises-59-mn-led-by-nexus-9623583
Outzidr,https://outzidr.com/,3.1,Pre-Series A,Fashion Brand,Bengaluru,2025-08-07,https://entrackr.com/snippets/fashion-brand-outzidr-raises-31-mn-led-by-rtp-global-9634019
HYLENR,https://www.hylenr.com/,3,Pre-Series A,Cleantech,Hyderabad,2025-08-06,https://entrackr.com/snippets/clean-tech-startup-hylenr-raises-3-mn-in-pre-series-a-round-9631632
CodeKarma,https://codekarma.ai/,2.5,Pre-Seed,Developer Productivity,Bengaluru,2025-08-06,https://entrackr.com/snippets/prosus-accel-and-xeed-lead-pre-seed-round-in-codekarma-9631126
Xovian Aerospace,https://xovian.co.in/,2.5,Pre-Seed,Spacetech,Bengaluru,2025-08-07,https://inc42.com/buzz/xovian-aerospace-nets-2-5-mn-to-build-ai-powered-rf-satellite-infra/
Cautio,https://www.cautio.in/,1.8,,AI-powered video telematics,Bengaluru,2025-08-06,https://entrackr.com/snippets/cautio-raises-3-mn-in-seed-round-led-by-amal-parikh-9631046
EON Space Labs,https://www.eonspacelabs.com/,1.2,Pre-Series A,Spacetech,Hyderabad,2025-08-05,https://entrackr.com/snippets/eon-space-labs-bags-12-mn-in-pre-series-a-round-9628241
Fraganote,https://fraganote.com/,1,Pre-Series A,Perfume Brand,Delhi,2025-08-05,https://entrackr.com/snippets/fraganote-raises-1-mn-in-pre-series-a-round-led-by-rukam-capital-9627733
Shortgun Games,https://www.shortgun.in/,1,Seed,Game Development Studio,Mumbai,2025-08-05,https://entrackr.com/snippets/game-development-studio-shortgun-raises-1-mn-in-seed-round-9627976
MangoPoint,https://www.mangopoint.in/,1,Pre-Series A,Agritech,Chennai,2025-08-07,https://entrackr.com/snippets/mangopoint-raises-1-mn-in-pre-series-a-round-led-by-ipv-9635234
Gladful,https://gladful.in/,0.912,,Snack Brand for Kids,Gurugram,2025-08-06,https://entrackr.com/snippets/gladful-raises-rs-8-cr-led-by-eternal-capital-9631040
Terafac,https://www.terafac.com/,0.8,Pre-Seed,AI Robotics,Chandigarh,2025-08-05,https://entrackr.com/snippets/terafac-raises-rs-65-cr-in-pre-seed-round-led-by-inuka-capital-9628896
Tryo,https://tryo.club/,0.342,Pre-Seed,Fashion Marketplace,Bengaluru,2025-08-05,https://entrackr.com/snippets/fashion-startup-tyro-raises-pre-seed-round-led-by-zeropearl-vc-9628769
NPrep,https://nprep.in/,,Pre-Seed,Edtech,Jodhpur,2025-08-07,https://entrackr.com/snippets/placement-focused-startup-nprep-raises-pre-seed-round-led-by-all-in-capital-9635214
Nuuk,https://nuuk.in/,2.16,,Home Appliances,Delhi-NCR,2025-08-07,https://entrackr.com/snippets/nuuk-raises-2-mn-from-vertex-ventures-sea-and-good-capital-9635614
Truemeds,http://www.truemeds.in/,85,Series C,Online Pharmacy,Mumbai,2025-08-11,https://entrackr.com/news/truemeds-closes-85-mn-series-c-round-led-by-accel-and-peakxv-9647343
Zepto,https://www.zeptonow.com/,46,,Quick Commerce,Mumbai,2025-08-12,https://entrackr.com/news/zepto-secures-rs-400-cr-investment-from-motilal-oswal-9654008
Ultraviolette Automotive,https://www.ultraviolette.com/,21,,EV,Bengaluru,2025-08-12,https://entrackr.com/news/electric-bike-startup-ultraviolette-raises-21-mn-led-by-tdk-ventures-9653374
Kimirica,https://www.kimirica.shop/,15,,Vegan Self-Care,Indore,2025-08-12,https://entrackr.com/snippets/vikas-khemanis-carnelian-invests-15-mn-in-kimirica-9652283
Shivalik Small Finance Bank,https://shivalikbank.com/,11.5,,Fintech - Lending,Delhi-NCR,2025-08-14,https://entrackr.com/snippets/shivalik-small-finance-bank-raises-rs-100-cr-from-smbc-accel-lightspeed-others-9658708
Pronto,https://www.withpronto.com/,11,,Home Services,Gurugram,2025-08-12,https://entrackr.com/news/home-services-startup-pronto-raises-11-mn-led-by-general-catalyst-9650959
Eyestem Research,https://eyestem.com/,10,Series B,Biotech,Bengaluru,2025-08-11,https://entrackr.com/snippets/eyestem-research-bags-10-mn-in-series-b-round-9647866
ELIVAAS,https://www.elivaas.com/,10,Series B,Hospitality,Gurugram,2025-08-12,https://entrackr.com/news/elivaas-raises-rs-87-cr-in-series-b-round-led-by-vertex-ventures-9650847
Brandworks Technologies,https://www.bwtech.in/,7,Series A,Electronics Manufacturing,Mumbai,2025-08-12,https://entrackr.com/snippets/cactus-partners-leads-7-mn-series-a-round-in-brandworks-technologies-9652921
Ace Blend,https://aceblend.com/,3.3,Pre-Series A,Nutrition Brand,Mumbai,2025-08-12,https://entrackr.com/snippets/nutrition-brand-ace-blend-raises-33-mn-led-by-fireside-ventures-9652792
Manastu Space,https://www.manastuspace.com/,3,,Spacetech,Mumbai,2025-08-12,https://entrackr.com/snippets/spacetech-startup-manastu-space-raises-3-mn-led-by-capital-a-9651060
Fairdeal.Market,https://www.fairdeal.market/,3,Pre-Series A,B2B Quick Commerce,Gurugram,2025-08-12,https://entrackr.com/snippets/fairdeal-raises-3-mn-led-by-incubate-fund-asia-and-waterbridge-9651122
Olee.space,https://www.olee.space/,3,Seed,Spacetech,Pune,2025-08-13,https://entrackr.com/snippets/oleespace-raises-3-mn-in-seed-round-led-by-rockstud-capital-9655137
Holiday Tribe,https://www.holidaytribe.com/,2.85,Pre-Series A,Travel-tech,Gurugram,2025-08-12,https://entrackr.com/snippets/holiday-tribe-raises-rs-25-cr-in-pre-series-a-round-9653385
Neuralzome Cybernetics,https://neuralzome.com/,2.4,Pre-Seed,Robotics,Bengaluru,2025-08-11,https://entrackr.com/snippets/neuralzome-cybernetic-raises-24-mn-led-by-8x-ventures-9646812
Comminent,https://www.comminent.com/,2,,IoT,Bengaluru,2025-08-13,https://entrackr.com/snippets/deeptech-startup-comminent-raises-2-mn-from-transition-vc-9654918
Elever,https://www.elever.app/,1.1,Pre-Series A,Fintech - Portfolio Management,Bengaluru,2025-08-12,https://entrackr.com/snippets/elever-raises-11-mn-in-pre-series-a-round-led-by-brand-capital-9651899
Trackk,https://trackk.in/,1,Seed,Fintech - Trading,Mumbai,2025-08-12,https://entrackr.com/snippets/trading-platform-trackk-raises-1-mn-in-seed-round-9652110
Cureous Labs,https://www.cureous.in/,0.19,Seed,Healthtech,Bengaluru,2025-08-13,https://entrackr.com/snippets/cureous-labs-raises-rs-166-cr-in-seed-round-9655177
Darwinbox,https://www.darwinbox.com/,40,,SaaS,Hyderabad,2025-08-14,https://entrackr.com/news/darwinbox-raises-40-mn-funding-from-canadas-otpp-9661041
Weaver Services,,170,,Fintech - Lending,Mumbai,2025-08-19,https://entrackr.com/snippets/lightspeed-and-premji-invest-lead-170-mn-round-in-weaver-services-9675044
Amnex,http://www.amnex.com/,52.9,,IT,Ahmedabad,2025-08-18,https://entrackr.com/snippets/the-wealth-company-invests-rs-460-cr-in-ahmedabad-based-amnex-9672151
R for Rabbit,https://rforrabbit.com/,27,,D2C Baby Products Brand,Ahmedabad,2025-08-19,https://entrackr.com/news/r-for-rabbit-raises-27-mn-led-by-filter-capital-and-3one4-capital-9676064
Goldi Solar,https://www.goldisolar.com/,15.8,,Solar Energy,Surat,2025-08-18,https://entrackr.com/snippets/nikhil-kamath-invests-rs-1375-cr-in-goldi-solar-9673936
Beyond Appliances,https://beyondappliances.in/,4,Series A,Manufacturing - Kitchen Appliances,Bengaluru,2025-08-19,https://entrackr.com/snippets/beyond-appliances-raises-4-mn-in-series-a-round-led-by-fireside-ventures-9674988
House of Biryan,https://www.houseofbiryan.com/,3.66,,Foodtech,Mumbai,2025-08-19,https://entrackr.com/snippets/house-of-biryan-raises-rs-32-cr-from-ms-dhoni-bestvantage-and-others-9675275
Mitra,http://www.dealbasketmitra.co.in/,1.6,,FMCG Brand,Gurugram,2025-08-21,https://entrackr.com/snippets/fmcg-startup-mitra-raises-rs-14-cr-in-bridge-round-led-by-bestvantage-9682768
Famyo,https://famyo.in/,0.46,Seed,Kids Lifestyle Brand,Bengaluru,2025-08-19,https://entrackr.com/snippets/ian-angel-fund-leads-rs-4-cr-in-seed-round-in-famyo-9675985
DOBRA,https://dobraindia.com/,0.172,Seed,Food and Beverage Manufacturing,Bengaluru,2025-08-18,https://entrackr.com/snippets/dobra-raises-rs-15-cr-in-seed-round-from-d2c-insider-super-angels-fund-9672950
Mithila Foods,https://www.mithilafoods.com/,0.172,Seed,FMCG Brand,Dumka,2025-08-20,https://entrackr.com/snippets/mithila-foods-raises-rs-15-cr-in-seed-round-from-aviral-bhatnagars-ajvc-9679031
Edgehax,https://edgehax.com/,0.159,Seed,Manufacturing,Bengaluru,2025-08-21,https://entrackr.com/snippets/edge-ai-startup-edgehax-raises-rs-139-cr-in-seed-round-led-by-ipv-9683044
TransBnk,https://transbnk.co.in/,25,Series B,Banking Infrastructure Platform,Mumbai,2025-08-28,https://entrackr.com/news/transbnk-raises-25-mn-in-series-b-led-by-bessemer-9761128
Kiwi,https://gokiwi.in/,24,Series B,Fintech,Bengaluru,2025-08-25,https://entrackr.com/news/fintech-startup-kiwi-raises-24-mn-in-series-b-round-led-by-vertex-ventures-9730788
Altum Credo,https://www.altumcredo.com/,19.5,,Fintech,Pune,2025-08-25,https://entrackr.com/news/altum-credo-raises-over-19-mn-from-british-international-investment-9730805
CredRight,https://www.credrightfinance.com/,10,Series B,Fintech - Lending,Hyderabad,2025-08-25,https://entrackr.com/snippets/credright-raises-10-mn-in-series-b-led-by-abler-nordic-9731330
Palmonas,https://palmonas.com/,6.2,Series A,Jewellery Brand,Pune,2025-08-25,https://entrackr.com/snippets/palmonas-raises-rs-55-cr-in-series-a-round-led-by-vertex-ventures-9743288
Enmovil,https://enmovil.ai/,6,Series A,Full Stack AI Supply Chain,Hyderabad,2025-08-25,https://entrackr.com/snippets/sorin-investments-leads-6-mn-series-a-round-in-enmovil-9731102
Peeko,https://peeko.shop/,3.2,,Quick Commerce - Babycare,Bengaluru,2025-08-26,https://entrackr.com/snippets/babycare-quick-commerce-platform-peeko-raises-32-mn-led-by-stellaris-9754576
Matiks,https://www.matiks.com/,3.1,Pre-Series A,Math-focused gaming,Bengaluru,2025-08-26,https://entrackr.com/snippets/matiks-raises-31-mn-in-pre-series-a-round-led-by-tanglin-ventures-9757041
Wastelink,https://wastelink.co/,3,Series A,Food Upcycling,New Delhi,2025-08-25,https://entrackr.com/snippets/clean-tech-startup-wastelink-raises-3-mn-led-by-avaana-capital-9734075
Harajuku Tokyo,http://www.harajukutokyocafe.jp/,2,Seed,QSR Chain,Delhi,2025-08-25,https://entrackr.com/snippets/harajuku-tokyo-caf%C3%A9-raises-2-mn-in-seed-round-9734204
Cumin Co,https://www.cuminco.com/,1.5,,Kitchenware Brand,Gurugram,2025-08-27,https://entrackr.com/snippets/kitchenware-brand-cumin-co-raises-15-mn-led-by-fireside-ventures-9758193
Anmasa,https://www.anmasa.com/,1.1,Pre-Seed,D2C - Grocery,Gurugram,2025-08-27,https://entrackr.com/snippets/d2c-grocery-startup-anmasa-raises-11-mn-in-pre-seed-round-9758266
Vaave,https://www.vaave.com/,0.753,,Alumni Networking Platform,Hyderabad,2025-08-26,https://entrackr.com/snippets/alumni-engagement-platform-vaave-raises-maiden-external-funding-9754672
Hexafun,https://hexafunstyles.com/,0.513,Seed,Sustainable Lifestyle Accessories Brand,Mumbai,2025-08-26,https://entrackr.com/snippets/hexafun-raises-rs-45-cr-in-seed-round-from-prajay-advisors-9755637
Nuyug,https://nuyug.com/,0.285,Pre-Seed,Jewellery Brand,Delhi,2025-08-27,https://entrackr.com/snippets/jewellery-brand-nuyug-raises-pre-seed-round-led-by-ajvc-9758459
BhaoBhao,https://bhaobhao.in/,0.2,,Pet Care,Mumbai,2025-08-28,https://entrackr.com/snippets/pet-care-startup-bhaobhao-raises-200k-from-angel-investors-9761296
Vutto,https://vutto.in/,7,Series A,Used Two Wheeler Marketplace,Delhi,2025-08-29,https://entrackr.com/snippets/used-two-wheeler-marketplace-vutto-raises-7-mn-in-series-a-round-9765499
CityMall,https://citymall.live/,47,Series D,E-Commerce,Gurugram,2025-09-02,https://inc42.com/buzz/meesho-rival-citymall-bags-47-mn-to-expand-private-labels-portfolio/
Seekho,https://seekho.in/,28,Series B,Edutainment,Bengaluru,2025-09-03,https://entrackr.com/news/seekho-raises-28-mn-in-series-b-round-led-by-bessemer-9780217
Blue Tokai,https://bluetokaicoffee.com/,25,,Coffee Chain,Gurugram,2025-09-01,https://entrackr.com/news/blue-tokai-raises-25-mn-in-a-bridge-funding-round-from-existing-investors-9776061
FirstClub,https://www.firstclub.site/,23,Series A,Quick Commerce,Bengaluru,2025-09-04,https://inc42.com/buzz/firstclub-bags-23-mn-to-open-dark-stores-launch-cafes/
Colive,https://www.colive.com/,20,,Co-Living,Bengaluru,2025-09-04,https://entrackr.com/snippets/colive-raises-20-mn-led-by-bain-capital-9894671
Offgrid Energy Labs,https://www.offgridenergylabs.com/,15,,Battery Tech,Noida,2025-09-02,https://entrackr.com/snippets/offgrid-energy-labs-raises-15-mn-led-by-archean-chemical-industries-9776981
PlatinumRx,https://www.platinumrx.in/,6,,Online Pharmacy,Bengaluru,2025-09-03,https://entrackr.com/snippets/online-pharmacy-platinumrx-raises-6-mn-led-by-stellaris-9780418
LeafyBus,https://www.leafybus.com/,4.1,Pre-Series A,EV- Bus,Delhi,2025-09-02,https://entrackr.com/snippets/intercity-ev-bus-startup-leafybus-raises-41-mn-from-enetra-ev-9777526
Tuco Kids,https://tucokids.com/,4,,Personal Care Brand for Kids,Bengaluru,2025-09-02,https://entrackr.com/snippets/tuco-kids-raises-4-mn-led-by-rtp-global-9776941
FlexifyMe,https://www.flexifyme.com/,2.4,Pre-Series A,Healthtech,Pune,2025-09-04,https://entrackr.com/snippets/flexifyme-raises-20-cr-in-pre-series-a-round-led-by-ivycap-ventures-9888299
AutoDukan,https://www.autodukan.com/,1,Pre-Series A,AI-driven automobile aftermarket,Pune,2025-09-04,https://entrackr.com/snippets/autodukan-raises-1-mn-in-pre-series-a-round-9893438
House of Zelena,https://houseofzelena.com/,0.8,Seed,Clothing Brand For Mom,Bengaluru,2025-09-04,https://entrackr.com/snippets/house-of-zelena-raises-rs-7-cr-in-seed-round-9888630
RxMen,https://rxmen.com/,0.57,Seed,Healthtech,Delhi,2025-09-04,https://entrackr.com/snippets/mens-health-startup-rxmen-raises-rs-5-cr-in-seed-round-led-by-ipv-9888031
Cuzor,https://www.cuzorlabs.com/,0.567,Seed,Consumer Electronics,Bengaluru,2025-09-01,https://entrackr.com/snippets/consumer-electronics-brand-cuzor-raises-rs-5-cr-in-seed-round-9774557
QuantE Energy,https://quanterenewables.com/,0.5,Seed,Solar Energy,Noida,2025-09-04,https://entrackr.com/snippets/solar-startup-quante-energy-raises-500k-in-seed-round-9885620
Dectrocel,https://dectrocel.com/,0.453,,Healthtech,Lucknow,2025-09-05,https://dectrocel.com/
Zanskar,https://zanskarhealth.in/,0.317,Seed,Healthcare,Gurugram,2025-09-02,https://entrackr.com/snippets/zanskar-raises-rs-28-cr-seed-round-led-by-zeropearl-vc-9779156
WaterScience,https://www.waterscience.in/,0.158,,Water Filtration Brand,Bengaluru,2025-09-03,https://entrackr.com/snippets/non-drinking-water-filtration-brand-waterscience-secures-funding-from-velocity-9780424
Edgehax,https://edgehax.com/,0.157,Seed,Edge AI Computing,Bengaluru,2025-09-03,https://entrackr.com/snippets/edgehax-raises-rs-139-cr-in-seed-round-from-ipv-9781247
Ecosoul,https://ecosoulhome.in/?srsltid=AfmBOooYmgScMrTD8LLUb3c4RHzDIDn_igJT0ldAHrEQh2jk1-KlFRHq,5.2,Debt,Home Essentials,Noida,2025-09-05,https://entrackr.com/exclusive/exclusive-d2c-brand-ecosoul-secures-rs-45-cr-debt-from-bajaj-9999795
GlobalBees,https://www.globalbees.com/,8.3,Series C,E-Commerce,Delhi,2025-09-12,https://entrackr.com/snippets/firstcry-injects-rs-73-cr-in-globalbees-raises-stake-to-5151-10445814
Trufrost,https://trufrost.com/,7,,Manufacturing,Gurugram,2025-09-08,https://entrackr.com/snippets/trufrost-butler-raises-7-mn-from-carpediem-capital-10059879
Indrajaal,https://indrajaal.in/,5.5,Pre-Series  A,Defense Tech - Drone,Hyderabad,2025-09-08,https://inc42.com/buzz/exclusive-indrajaal-raises-inr-48-cr-to-scale-anti-drone-capabilities/
Ziffi Chess,https://www.ziffichess.com/,5,Series A,Mobile Gaming - Chess,Gurugram,2025-09-08,https://entrackr.com/exclusive/exclusive-ziffi-chess-raises-over-5-mn-led-by-tanglin-ventures-10059353
Presolv360,https://www.presolv360.com/,4.7,,Online Dispute Resolution Platform,Mumbai,2025-09-10,https://entrackr.com/snippets/presolv360-raises-47-mn-led-by-elevation-capital-10067726
IndiGrid,https://www.indigrid.co.in/,4,,Electronics systems design and manufacturing,Mumbai,2025-09-09,https://entrackr.com/snippets/indigrid-raises-4-mn-led-by-cactus-venture-partners-10063654
Ember,https://store.embercookware.com/,3.2,Seed,Cookware Brand,Bengaluru,2025-09-11,https://entrackr.com/snippets/cookware-brand-ember-raises-32-mn-chef-saransh-goila-joins-as-partner-10235912
Asaya,https://worldofasaya.com/,3,Pre-Series A,Skincare Brand,Bengaluru,2025-09-10,https://entrackr.com/snippets/asaya-raises-3-mn-in-pre-series-a-round-led-by-rpsg-capital-10068246
EndureAir,https://endureair.tech/,2.85,,Drone,Noida,2025-09-10,https://entrackr.com/snippets/endureair-raises-285-mn-led-by-ian-alpha-fund-10068245
Zunroof,https://www.zunroof.com/,2.85,,Solar Rooftop,Gurugram,2025-09-12,https://entrackr.com/exclusive/exclusive-zunroof-secures-fresh-funds-from-godrej-10452934
WeHouse,https://www.wehouse.in/,2.8,Series A,Proptech,Hyderabad,2025-09-11,https://inc42.com/buzz/exclusive-wehouse-nets-inr-25-cr-to-streamline-home-construction/
Snap-E Cabs,https://snapecabs.com/,2.5,,Electric Mobility,Kolkata,2025-09-11,https://entrackr.com/snippets/snap-e-cabs-raises-25-mn-in-bridge-round-led-by-ipv-10387917
BacAlt Biosciences,,2,Pre-Seed,Biotech,Bengaluru,2025-09-11,https://entrackr.com/snippets/bacalt-biosciences-raises-2-mn-in-pre-seed-round-led-by-avaana-capital-10229378
PeakAmp,https://peakamp.in/,1.37,Seed,EV Battery,Gurugram,2025-09-12,https://entrackr.com/snippets/peakamp-raises-137-mn-in-seed-round-led-by-caret-capital-10445869
FarmDidi,https://www.farmdidi.com/,0.794,Seed,D2C Pickle Brand,Pune,2025-09-12,https://entrackr.com/snippets/d2c-pickle-brand-farmdidi-raises-rs-7-cr-led-by-samved-ventures-10445947
Prowrrap,https://prowrrap.com/,0.452,Seed,B2B procurement platform for packaging materials,Delhi,2025-09-09,https://entrackr.com/snippets/b2b-procurement-startup-prowrrap-raises-rs-4-cr-in-seed-round-10064332
Crion Technologies,https://www.criontech.com/,0.395,,AR/VR,Chennai,2025-09-11,https://entrackr.com/snippets/crion-technologies-raises-rs-35-cr-led-by-sig-tattva-10253147
Biokraft,https://www.biokraftfoods.com/,0.226,Pre-Seed,Biotech,Mumbai,2025-09-11,https://entrackr.com/snippets/biokraft-raises-rs-2-cr-in-pre-seed-round-from-gvfl-10243848
TraqCheck,https://www.traqcheck.com/,,,Enterprise AI Solutions for HR Teams,Delhi,2025-09-09,https://entrackr.com/snippets/traqcheck-raises-bridge-round-at-17-mn-valuation-10065607
Eruditus,https://www.eruditus.com/,150,,Edtech,Mumbai,2025-09-11,https://entrackr.com/news/eruditus-secures-150-mn-refinancing-amid-dry-edtech-funding-environment-10440866
FinBox,https://www.finbox.in/,40,Series B,B2B Fintech SaaS,Bengaluru,2025-09-17,https://inc42.com/buzz/finbox-raises-40-mn-to-scale-b2b-credit-infrastructure/
InCred Money,https://www.incredmoney.com/,30,,Fintech - Digital Lending,Mumbai,2025-09-16,https://inc42.com/buzz/incred-money-raises-inr-250-cr-at-inr-1650-cr-valuation/
EcoSoul,https://ecosoulhome.in/?srsltid=AfmBOorY7yzH2UA9yZjFR8AAzKVt70uD5CqykVHrhg__tUNXJuk9bIRO,20,Series B,D2C Home Essentials Brand,Noida,2025-09-17,https://inc42.com/buzz/ecosoul-raises-20-mn-to-offer-sustainable-homeware-products/
Indkal,https://indkal.com/,20,,Consumer Electronics,Bengaluru,2025-09-16,https://inc42.com/buzz/indkal-nets-20-mn-for-expansion-of-its-smart-tv-brand-wobble/
Rebel Foods,https://www.rebelfoods.com/,17,Debt,Foodtech,Mumbai,2025-09-17,https://entrackr.com/exclusive/exclusive-rebel-foods-raises-rs-150-cr-debt-from-alteria-and-innoven-10473113
Lucira,https://www.lucirajewelry.com/,5.5,Seed,Lab-grown diamond jewellery,Mumbai,2025-09-17,https://entrackr.com/snippets/lab-grown-diamond-jewellery-startup-lucira-raises-55-mn-10472259
Pelocal,https://pelocal.com/,5,Series A,Fintech,Chennai,2025-09-16,https://entrackr.com/snippets/fintech-startup-pelocal-secures-5-mn-in-series-a-funding-10469141
BeyondSquare,https://finalyzer.ai/,4,Series A,IT product enterprise,Bengaluru,2025-09-16,https://entrackr.com/snippets/beyondsquare-raises-4-mn-in-series-a-led-by-avant-global-10468922
iDO Devices,https://idodevices.com/,4,,Consumer Electronics,Noida,2025-09-16,https://inc42.com/buzz/consumer-electronics-startup-ido-devices-bags-4-mn-from-blume-merak-ventures/
Pascal AI Labs,https://www.pascalailabs.com/,3.1,Seed,Fintech-focussed AI SaaS,Bengaluru,2025-09-15,https://inc42.com/buzz/pascal-ai-raises-3-1-mn-from-kalaari-info-edge-ventures-to-automate-investment-research/
Equilibrium,https://www.equilibriumearth.com/,3,,Climate Tech,Bengaluru,2025-09-19,https://entrackr.com/snippets/equilibrium-raises-3-mn-from-kalaari-avaana-and-peak-xv-10478460
Supply6,https://supplysix.com/,1.1,Seed,D2C Nutrition Brand,Bengaluru,2025-09-17,https://entrackr.com/snippets/supply6-raises-11-mn-in-seed-round-led-by-zeropearl-vc-10473465
PlaySuper,https://playsuper.club/,1,Seed,Gaming,Gurugram,2025-09-17,https://entrackr.com/snippets/playsuper-raises-1-mn-in-seed-round-led-by-singapore-based-chimera-10472060
MyNaksh,https://www.mynaksh.com/,0.851,Pre-Seed,Astrology,Bengaluru,2025-09-15,https://entrackr.com/snippets/astrotech-startup-mynaksh-raises-rs-75-cr-led-by-eximius-ventures-10465510
uKnowva,https://uknowva.com/,0.5,Pre-Series A,HR Tech,Mumbai,2025-09-16,https://entrackr.com/snippets/uknowva-raises-05-mn-in-pre-series-a-round-10469229
Genovation Solutions,https://www.genovationsolutions.com/,0.15,Pre-Seed,Deeptech,Kolkata,2025-09-16,https://entrackr.com/snippets/genovation-solutions-raises-150k-in-pre-seed-round-10469902
Raptee.HV,https://www.rapteehv.com/,,,EV,Chennai,2025-09-18,https://inc42.com/buzz/ev-startup-raptee-bags-funding-from-technology-development-board/
SpaceFields,http://www.spacefields.in/,5,Pre-Series A,Defense,Bengaluru,2025-09-19,https://entrackr.com/snippets/spacefields-raises-5-mn-in-pre-series-a-round-10479540
Chakr Innovation,https://chakr.in/,23,Series C,Cleantech,New Delhi,2025-09-22,https://entrackr.com/news/cleantech-startup-chakr-innovation-raises-23-mn-led-by-iron-pillar-10490485
Curefoods,https://www.curefoods.in/,18,,Food tech - Cloud Kitchen,Bengaluru,2025-09-26,https://entrackr.com/news/curefoods-raises-rs-160-cr-in-pre-ipo-placement-from-binny-bansals-3state-ventures-10503307
Rocket,https://www.rocket.new/,15,Seed,AI-powered app building,Surat,2025-09-23,https://entrackr.com/snippets/rocket-raises-15-mn-in-seed-round-led-by-salesforce-ventures-10492642
Handpickd,https://handpickd.farm/,15,Series A,Agritech,Gurugram,2025-09-25,https://entrackr.com/news/handpickd-raises-15-mn-from-bertelsmann-and-titan-capital-winners-fund-10499839
Vedantu,https://www.vedantu.com/,11,,Edtech,Bengaluru,2025-09-26,https://entrackr.com/news/vedantu-raises-11-mn-from-internal-investors-in-ongoing-round-10503228
Simple Energy,https://www.simpleenergy.in/,10,,EV,Bengaluru,2025-09-25,https://inc42.com/buzz/exclusive-ev-startup-simple-energy-raises-10-mn-to-expand-store-network/
KisanKonnect,https://www.kisankonnect.in/,8,Pre-Series B,Agritech,Mumbai,2025-09-25,https://entrackr.com/snippets/kisankonnect-raises-rs-72-cr-led-by-bajaj-finserv-ventures-10502036
Distil,https://www.distil.market/,7.7,Series A,Specialty Chemicals,Mumbai,2025-09-23,https://entrackr.com/snippets/distil-raises-77-mn-in-series-a-led-by-jungle-and-ce-ventures-10492413
Gullak,https://gullak.money/,7.5,,Fintech - Savings and Investment,Bengaluru,2025-09-24,https://entrackr.com/news/gold-savings-app-gullak-raises-75-mn-led-by-chiratae-10495967
Oolka,https://oolka.in/,7,Seed,Fintech,Bengaluru,2025-09-24,https://entrackr.com/snippets/oolka-raises-7-mn-in-seed-round-led-by-lightspeed-and-z47-10497497
OnFinance AI,https://www.onfinance.ai/,4.2,Pre-Series A,Fintech - Gen AI,Bengaluru,2025-09-22,https://entrackr.com/snippets/onfinance-ai-raises-42-mn-led-by-peak-xvs-surge-10487159
Cosmoserve Space,https://cosmoserv.space/,3.17,Pre-Seed,Spacetech,Hyderabad,2025-09-25,https://entrackr.com/snippets/cosmoserve-space-raises-317-mn-in-pre-seed-round-10500126
P-Tal,https://ptal.in/,3,,Kitchenware,Amritsar,2025-09-24,https://entrackr.com/snippets/kitchenware-brand-p-tal-raises-3-mn-led-by-vc-grid-and-rainmatter-10495972
Xbattery,https://xbattery.energy/,2.3,Seed,EV Battery Tech,Hyderabad,2025-09-24,https://entrackr.com/snippets/deep-tech-startup-xbattery-raises-23-mn-in-seed-round-10496834
Grest,https://grest.in/,1.8,,Consumer Electronics Re-commerce,Gurugram,2025-09-23,https://entrackr.com/snippets/electronics-re-commerce-startup-grest-raises-rs-16-cr-led-by-equentis-10494148
VyomIC,https://www.vyomic.space/,1.6,Pre-Seed,Spacetech,Bengaluru,2025-09-22,https://entrackr.com/snippets/deep-tech-startup-vyomic-bags-16-mn-led-by-speciale-invest-10487621
Akashalabdhi,https://akashalabdhi.space/,1.2,Pre-Seed,Spacetech,Roorkee,2025-09-25,https://entrackr.com/snippets/space-tech-startup-akashalabdhi-raises-12-mn-in-pre-seed-round-10501032
Zealthix,https://zealthix.com/,1.1,Seed,SaaS-based Healthcare,Gurugram,2025-09-23,https://entrackr.com/snippets/zealthix-raises-11-mn-in-seed-round-led-by-unicorn-india-ventures-10492908
Navo,https://bizup.app/,0.902,Seed,B2B Fashion Wholesale,Gurugram,2025-09-23,https://entrackr.com/snippets/navo-raises-rs-8-cr-in-seed-round-led-by-indiaquotient-10494174
All Things People,https://www.at-people.com/,0.789,Seed,HR-tech,Bengaluru,2025-09-22,https://entrackr.com/snippets/hr-tech-startup-all-things-people-raises-seed-funding-round-10486638
Bharat Intelligence,https://bharatintelligence.ai/,0.789,Pre-Seed,Agritech,Mumbai,2025-09-25,https://entrackr.com/snippets/agritech-startup-bharat-intelligence-raises-funding-led-by-sahyadri-farms-10500153
Recove,https://www.recove.in/,0.597,Pre-Seed,B2B raw material procurement,Bengaluru,2025-09-25,https://entrackr.com/snippets/recove-raises-rs-53-cr-in-pre-seed-round-led-by-momentum-capital-10499569
Samaaro,https://samaaro.com/,0.5,Pre-Series A,Event Marketing,Bengaluru,2025-09-25,https://entrackr.com/snippets/event-marketing-platform-samaaro-raises-500k-in-pre-series-a-round-10499926
Paar Autonomy,https://www.paar-autonomy.com/,0.394,Pre-Seed,Robotics,Bengaluru,2025-09-23,https://entrackr.com/snippets/paar-autonomy-raises-rs-35-cr-led-by-venture-catalysts-10492645
GaadiMech,https://www.gaadimech.com/,0.169,Pre-Seed,Car servicing,Jaipur,2025-09-26,https://entrackr.com/snippets/car-servicing-startup-gaadimech-raises-pre-seed-round-led-by-ajvc-10504385
Gabit,https://www.gabit.com/,,,Health-tech,Gurugram,2025-09-23,https://inc42.com/buzz/ranbir-kapoor-badshah-back-smart-ring-startup-gabit/
Carbon Masters,https://carbonlites.com/,,,Climate-Tech,Bengaluru,2025-09-22,https://entrackr.com/snippets/carbon-masters-raises-funds-led-by-schneider-electric-10486946
Plazza,https://www.plazza.in/,1.4,,Quick Commerce - Medicine,Bengaluru,2025-09-27,https://entrackr.com/snippets/quick-medicine-delivery-startup-plazza-raises-14-mn-led-by-all-in-capital-10507362
Kapiva,https://kapiva.in/,60,Series D,Wellness and Fitness - D2C Brand,Bengaluru,2025-09-29,https://entrackr.com/news/d2c-brand-kapiva-raises-60-mn-in-series-d-fireside-ventures-exits-10511610
Recur Club,https://www.recurclub.com/,50,Equity + Debt,Fintech - Debt Marketplace,Delhi,2025-09-29,https://inc42.com/buzz/recur-club-raises-50-mn-to-expand-its-debt-marketplace/
GrowXCD Finance,https://www.growxcd.com/,22.55,,Fintech,Chennai,2025-10-01,https://economictimes.indiatimes.com/tech/funding/blue-earth-leads-rs-200-crore-investment-in-growxcd/articleshow/124248298.cms
Art of Time,https://artoftimeindia.com/,19.7,,"luxury watch retailer,",Mumbai,2025-10-03,https://entrackr.com/snippets/luxury-watch-retailer-art-of-time-raises-rs-175-cr-in-fresh-round-10524495
Petpooja,https://www.petpooja.com/,15.5,Series C,SaaS,Ahmedabad,2025-09-29,https://entrackr.com/news/petpooja-raises-155-mn-series-c-at-over-3x-valuation-premium-10512396
Hocco,https://www.hocco.in/,13,,Ice Cream Brand,Ahmedabad,2025-09-29,https://entrackr.com/news/ice-cream-brand-hocco-raises-rs-115-cr-at-rs-2000-cr-valuation-10511951
RUGR Fintech,https://www.rugr.com/,5,Pre-Series A,Fintech,Bengaluru,2025-09-29,https://entrackr.com/snippets/rugr-fintech-raises-5-mn-in-pre-series-a-round-led-by-vikasa-india-eif-i-fund-10513861
Assessli,https://www.assessli.com/,5,,AI,Kolkata,2025-09-30,https://inc42.com/buzz/ai-startup-assessli-nets-inr-44-cr-to-build-large-behavioural-models/
Ignosis,https://ignosis.ai/,4,Pre-Series A,Fintech,Ahmedabad,2025-09-30,https://entrackr.com/snippets/ignosis-raises-4-mn-in-pre-series-a-led-by-peak-xvs-surge-10515879
Fyno,https://fyno.io/,4,Seed,Enterprise messaging,Bengaluru,2025-09-30,https://entrackr.com/snippets/enterprise-messaging-startup-fyno-bags-4-mn-in-seed-round-10516360
Vama,https://www.vama.app/,2.47,Pre-Series A,Faith-Tech,Delhi,2025-09-30,https://entrackr.com/snippets/vama-raises-rs-22-cr-in-pre-series-a-round-led-by-wavemaker-partners-10515347
Unmannd,https://www.unmannd.com/,2,Pre-Seed,Defense Tech,Bengaluru,2025-09-30,https://entrackr.com/snippets/unmannd-raises-2-mn-in-pre-seed-round-led-by-speciale-invest-and-accel-10515234
iGoWise Mobility,https://igowise.com/,0.924,Pre-Seed,EV,Bengaluru,2025-09-29,https://entrackr.com/snippets/igowise-mobility-raises-rs-82-cr-in-pre-seed-round-10513050
Vaani Research,https://www.vaaniresearch.com/,0.4,Pre-Seed,AI,Bengaluru,2025-09-29,https://entrackr.com/snippets/vaani-ai-research-raises-400k-pre-seed-round-led-by-venture-catalysts-10512994
SuperFam,https://www.superfam.app/,0.4,Pre-Seed,Fintech,Bengaluru,2025-09-30,https://entrackr.com/snippets/superfam-raises-pre-seed-round-led-by-fundamental-vc-10515666
Dhan,https://dhan.co/,120,,Fintech,Mumbai,2025-10-06,https://entrackr.com/news/dhan-turns-unicorn-after-120-mn-fundraise-led-by-hornbill-capital-10532947
Intangles,https://www.intangles.ai/,30,Series B,Predictive AI for vehicles,Pune,2025-10-07,https://entrackr.com/snippets/intangles-raises-30-mn-in-series-b-round-led-by-avataar-venture-10537356
Hunger Inc,https://hungerinc.in/,25,,Hospitality,Mumbai,2025-10-10,https://entrackr.com/news/hunger-inc-raises-rs-215-cr-from-lighthouse-and-dsg-consumer-partners-10546972
GreyLabs AI,https://greylabs.ai/,9.6,Series A,Voice AI,Mumbai,2025-10-06,https://entrackr.com/news/greylabs-ai-raises-rs-85-cr-led-by-elevation-to-launch-voice-ai-agents-for-bfsi-10532249
Meolaa,https://www.meolaa.com/,6,Pre-Series A,E-Commerce,Bengaluru,2025-10-08,https://entrackr.com/snippets/fmcg-company-meolaa-raises-6-mn-led-by-general-catalyst-10540872
Lucio,https://www.lucioai.com/,5,,Legal Tech,Bengaluru,2025-10-07,https://entrackr.com/snippets/legal-tech-startup-lucio-raises-5-mn-led-by-devc-10536460
Morphing Machines,https://www.morphing.in/,4.32,Series A,Semiconductor,Bengaluru,2025-10-06,https://entrackr.com/snippets/morphing-machines-raises-rs-3836-cr-in-series-a-round-led-by-ian-alpha-fund-10533760
EcoEx,https://ecoex.market/,4,Seed,Sustainable waster management,Delhi-NCR,2025-10-06,https://entrackr.com/snippets/ecoex-raises-4-mn-in-seed-funding-round-10533403
August AI,https://www.meetaugust.ai/,3,,Healthtech,,2025-10-07,https://entrackr.com/snippets/august-ai-raises-3-mn-from-accel-and-claypond-capital-10536084
Navata Supply Chain Solutions,https://navatascs.com/,1.52,,B2B logistics,Hyderabad,2025-10-06,https://entrackr.com/snippets/navata-supply-chain-solutions-raises-rs-135-cr-led-by-abyro-capital-10533000
Finarkein,https://finarkein.com/,1.5,Pre-Series A,Fintech,Pune,2025-10-06,https://entrackr.com/snippets/finarkein-raises-15-mn-in-pre-series-a-round-led-by-dsp-group-family-office-10534094
Contrails AI,https://www.contrails.ai/contact,1,Pre-Seed,Trust and safety-tech AI,Bengaluru,2025-10-07,https://entrackr.com/snippets/contrails-ai-raises-1-mn-in-pre-seed-round-from-huddle-ventures-and-ian-group-10537705
TrusTerra,https://www.trusterra.in/,1,Pre-Seed,Marketplace for EVs,Gurugram,2025-10-07,https://entrackr.com/snippets/trusterra-bags-1-mn-in-pre-seed-round-co-led-by-finvolve-india-accelerator-10537428
Thrustworks Dynetics,https://www.thrustworksdynetics.in/,0.788,Seed,Spacetech,Pune,2025-10-07,https://entrackr.com/snippets/thrustworks-dynetics-raises-seed-round-led-by-jamwant-ventures-10536990
Newtral,https://newtral.io/,0.6,,Climate-Tech,Bengaluru,2025-10-08,https://entrackr.com/snippets/climate-tech-startup-newtral-raises-600k-from-now-accelerate-10540860
Affluense AI,https://www.affluense.ai/,0.337,Pre-Seed,AI,Bengaluru,2025-10-06,https://entrackr.com/snippets/affluense-ai-raises-pre-seed-round-led-by-zeropearl-vc-10533601
ZillOut,https://zillout.com/,0.3,Seed,SaaS,Bengaluru,2025-10-07,https://entrackr.com/snippets/zillout-raises-seed-funding-round-10537272
DecorTwist,https://decortwist.com/,0.2,Bridge Pre-Series A,D2C Home Decor,Delhi-NCR,2025-10-06,https://entrackr.com/snippets/d2c-home-decor-brand-decortwist-raises-200k-10533888
Jaagruk Bharat,https://jaagrukbharat.com/,0.1689,Pre-Seed,Civic Tech,Delhi,2025-10-08,https://entrackr.com/snippets/jaagruk-bharat-raises-rs-15-cr-in-pre-seed-round-led-by-ajvc-10540026
Rusk Media,https://www.ruskmedia.com/,12,Series B,Entertainment,Delhi-NCR,2025-10-09,https://entrackr.com/news/rusk-media-raises-rs-103-cr-in-series-b-round-10544942
Kuku FM,https://kukufm.com/,85,Series D,Audio content platform,Mumbai,2025-10-16,https://entrackr.com/news/kuku-fm-raises-85-mn-from-granite-asia-and-others-10567713
Dezerv,https://www.dezerv.in/,40,Series C,Fintech - Wealth Management,Mumbai,2025-10-13,https://entrackr.com/news/wealthtech-firm-dezerv-raises-40-mn-led-by-premji-invest-and-accel-10555803
HouseEazy,https://www.houseeazy.com/,18,Series B,Home resale marketplace,Delhi-NCR,2025-10-14,https://entrackr.com/news/houseeazy-raises-rs-150-cr-in-series-b-round-led-by-accel-10560758
SpeakX,https://www.speakx.ai/,16,,Edtech,Delhi-NCR,2025-10-14,https://entrackr.com/news/edtech-startup-speakx-raises-16-mn-led-by-westbridge-10559891
GoodScore,https://goodscore.app/,13,Series A,Fintech,Bengaluru,2025-10-13,https://entrackr.com/news/goodscore-raises-13-mn-in-series-a-round-led-by-peak-xv-10556674
Two Brothers Organic Farms,https://twobrothersindiashop.com/,12.5,Series B,D2C Brand,Pune,2025-10-14,https://entrackr.com/news/two-brothers-organic-farms-raises-rs-110-cr-in-series-b-round-10559580
Airbound,https://www.airbound.com/,8.6,Seed,Drone Manufacturer,Bengaluru,2025-10-14,https://inc42.com/buzz/airbound-raises-8-6-mn-to-scale-logistics-drone-manufacturing/
Chara Technologies,https://www.chara.co.in/,6,Series A,Manufacturing,Bengaluru,2025-10-13,https://entrackr.com/snippets/chara-technologies-raises-6-mn-in-series-a-led-by-arkam-ventures-10556040
Airoclip,https://airoclip.com/,2.75,Seed,Gaming,Bengaluru,2025-10-14,https://entrackr.com/snippets/airoclip-raises-275-mn-in-seed-round-led-by-t-accelerate-capital-10560589
HooLiv,https://hooliv.com/,2.73,Pre-series A,Coliving,Delhi,2025-10-17,https://entrackr.com/snippets/hooliv-raises-rs-24-cr-in-pre-series-a-round-led-by-negen-capital-10571190
Fragaria,https://www.thefragaria.com/,2,Seed,Agritech,Chennai,2025-10-15,https://inc42.com/buzz/agritech-startup-fragaria-raises-2-mn-to-sell-fresh-fruits/
Dashamlabs,https://dashamlabs.com/,1.365,Seed,Manufacturing - Materials Science,Gurugram,2025-10-16,https://entrackr.com/snippets/dashamlabs-raises-rs-12-cr-in-seed-round-led-by-speciale-invest-10568073
Currently,https://currently.club/,1,,Social Networking,Ahmedabad,2025-10-14,https://entrackr.com/snippets/social-network-app-currently-raises-1-mn-led-by-aarvi-family-office-10560015
FireAI,http://www.ai-fire.in/,0.48,Seed,Business Intelligence,Mumbai,2025-10-16,https://entrackr.com/snippets/fireai-raises-rs-4-cr-in-seed-round-led-by-ipv-10567350
Orange Sugar,https://www.orangesugar.in/,0.455,Pre-Seed,Kidswear Brand,Bengaluru,2025-10-14,https://entrackr.com/snippets/kidswear-brand-orange-sugar-raises-pre-seed-round-10560853
Reia Diamonds,https://reia.diamonds/,0.227,Pre-Seed,Lab-grown diamond jewellery,Bengaluru,2025-10-14,https://entrackr.com/snippets/lab-grown-diamond-jewellery-brand-reia-diamonds-raises-pre-seed-round-10559834
CoinDCX,https://coindcx.com/,,,Fintech - Crypto Exchange,Mumbai,2025-10-15,https://entrackr.com/news/coinbase-backs-coindcx-at-245-bn-valuation-10563224
Zepto,http://zeptonow.com/,450,,Quick Commerce,Mumbai,2025-10-16,https://techcrunch.com/2025/10/16/zepto-raises-450-million-at-7-billion-valuation-as-indian-quick-commerce-market-heats-up/
Wonderland Foods,https://wonderlandfoods.in/,15.9,,Healthy-snacking brand,Delhi,2025-10-23,https://entrackr.com/news/wonderland-foods-raises-rs-140-cr-in-maiden-funding-round-10585674
Michezo Sports,https://michezo.com/,2.5,Pre-Series A,Sports Infra,Bengaluru,2025-10-24,https://entrackr.com/snippets/michezo-sports-raises-25-mn-in-pre-series-a-funding-10589927
Snabbit,https://snabbit.com/,30,Series C,Quick Commerce,Mumbai,2025-10-30,https://www.moneycontrol.com/news/business/funding/snabbit-raises-30-million-in-series-c-funding-led-by-bertelsmann-at-180-million-valuation-13641072.html
Optimo Capital,https://optimocapital.in/,17.5,Series A,Fintech,Bengaluru,2025-10-28,https://entrackr.com/news/prashant-pittis-optimo-capital-raises-rs-150-cr-in-series-a-round-10600487
Jupiter,https://jupiter.money/,15,,Fintech,Mumbai,2025-10-30,https://economictimes.indiatimes.com/tech/funding/jupiter-secures-15-million-from-existing-investors-valuation-remains-flat-at-600-million/articleshow/124908900.cms
Lenskart,https://www.lenskart.com/,11.3,Pre-IPO,Eyewear Brand,Delhi-NCR,2025-10-29,https://entrackr.com/news/sbi-mf-invests-rs-100-cr-in-lenskart-in-pre-ipo-round-10603518
SalarySe,https://www.salaryse.com/,11.3,Series A,Fintech,Delhi-NCR,2025-10-30,https://inc42.com/buzz/salaryse-nets-11-3-mn-to-scale-its-salary-linked-credit-platform/
Point AI,https://www.thepointai.com/,5.3,,E-commerce Tech,,2025-10-30,https://entrackr.com/snippets/point-ai-raises-53-mn-led-by-yali-capital-10605801
Tsuyo Manufacturing,https://www.tsuyo.co.in/,4.5,,EV Manufacturing,Delhi,2025-10-29,https://entrackr.com/snippets/tsuyo-manufacturing-raises-45-mn-round-led-by-avaana-capital-10602912
Fambo,https://www.fambo.in/,2.44,Series A,Agritech,Noida,2025-10-29,https://entrackr.com/snippets/fambo-raises-rs-2155-cr-series-a-round-led-by-agrisure-fund-10602888
Oroos,https://oroos.org/,2.26,,Confectionery Brand,Noida,2025-10-29,https://entrackr.com/snippets/confectionery-brand-oroos-raises-rs-20-cr-from-fireside-sbi-others-10603381
Happi Planet,https://www.happi-planet.com/,2,,D2C - Home Care,Mumbai,2025-10-29,https://entrackr.com/snippets/home-care-products-maker-happi-planet-raises-2-mn-10602925
Openhouse,https://openhouse.in/,2,Seed,Proptech,Delhi-NCR,2025-10-30,https://entrackr.com/snippets/proptech-startup-openhouse-raises-2-mn-in-seed-round-10606190
Banana Club,https://bananaclub.co.in/,1.387,,Clothing Brand,Bengaluru,2025-10-27,https://entrackr.com/snippets/clothing-brand-banana-club-raises-rs-1225-cr-at-rs-245-cr-valuation-10597654
Redacto,https://redacto.io/,1.35,Seed,AI-driven privacy platform,Bengaluru,2025-10-30,https://entrackr.com/snippets/redacto-raises-rs-12-cr-in-seed-round-led-by-peercapital-10606066
Neulife,https://neulife.com/,1,Seed,D2C Nutrition brand,Mumbai,2025-10-27,https://entrackr.com/snippets/performance-nutrition-brand-neulife-raises-1-mn-in-seed-round-10597182
SaveSage,https://savesage.club/,1,Pre-Seed,Fintech,Gurugram,2025-10-29,https://entrackr.com/snippets/savesage-raises-1-mn-in-pre-seed-round-10604410
Mad Over Buildings,https://www.madoverbuildings.com/,0.677,Seed,B2B E-Commerce,Bengaluru,2025-10-31,https://entrackr.com/snippets/mad-over-buildings-raises-seed-round-led-by-sig-tattva-10610026
Beyond Renewables,https://beyondrenewables.in/,0.563,Pre-Seed,Climate-tech,Delhi,2025-10-30,https://entrackr.com/snippets/beyond-renewables-recycling-raises-pre-seed-round-led-by-momentum-capital-10606880
StampMyVisa,https://www.stampmyvisa.com/,0.453,,B2B Visa Processing,Mumbai,2025-10-29,https://entrackr.com/snippets/stampmyvisa-raises-rs-4-cr-in-bridge-round-led-by-unicorn-india-ventures-10602971
Exiles Interactives,https://www.exiles.gg/,0.355,Pre-Seed,Gaming,Bengaluru,2025-10-30,https://entrackr.com/snippets/gaming-startup-exiles-interactives-raises-355k-in-pre-seed-round-10606500
Cybrilla,https://cybrilla.com/about,,Pre-Series A,Fintech,Bengaluru,2025-10-28,https://entrackr.com/snippets/360-one-asset-invests-in-cybrillas-pre-series-a-round-10600054
Gubbachhi,https://gubbachhi.com/,,Pre-Seed,Toy Brand,Bengaluru,2025-10-28,https://entrackr.com/snippets/gubbachhi-raises-pre-seed-round-from-d2c-insider-super-angels-fund-10598883
Ticket9,https://www.theticket9.com/,,,SaaS - Event Tech,Coimbatore,2025-10-28,https://entrackr.com/snippets/event-tech-startup-ticket9-raises-fresh-funds-10600064
Satark AI,https://getsatark.com/,,Pre-Seed,Cyber Security,Ahmedabad,2025-10-28,https://entrackr.com/snippets/cyber-security-startup-satark-ai-raises-pre-seed-round-10600228
Goyaz,https://www.goyazjewellery.com/,14.6,Series A,Jewellery Brand,Hyderabad,2025-10-31,https://entrackr.com/snippets/gold-plated-silver-jewellery-brand-goyaz-raises-rs-130-cr-led-by-norwest-10610308
Spacewood,http://www.spacewood.in/,36,,Modular furniture maker,Nagpur,2025-11-05,https://entrackr.com/news/spacewood-raises-rs-300-cr-at-rs-1200-cr-valuation-10624897
Agnikul Cosmos,https://www.agnikul.in/,6.7,,Spacetech,Chennai,2025-11-07,https://entrackr.com/exclusive/exclusive-agnikul-raises-rs-60-cr-in-series-new-round-10635844
Zynk,https://zynk.com/,5,Seed,Fintech,Hyderabad,2025-11-06,https://inc42.com/buzz/fintech-startup-zynk-bags-5-mn-to-scale-cross-border-payments/
Stackbox,https://www.stackbox.xyz/,4,,Logistics,Bengaluru,2025-11-05,https://entrackr.com/snippets/stackbox-raises-4-mn-led-by-enrission-india-capital-10624945
TABP Snacks,https://milletmight.com/,3,,Snacks Brand,Coimbatore,2025-11-04,https://entrackr.com/snippets/tabp-snacks-and-beverages-raises-3-mn-led-by-lc-nueva-10620487
BabyOrgano,https://www.babyorgano.com/,2.4,Pre-Series A,Personal Care,Ahmedabad,2025-11-05,https://entrackr.com/snippets/babyorgano-raises-rs-20-cr-led-by-rpsg-capital-ventures-10624239
MeshDefend,https://www.meshdefend.ai/,2.3,Pre-Seed,AI enterprise data infrastructure,Bengaluru,2025-11-06,https://entrackr.com/snippets/meshdefend-raises-23-mn-in-pre-seed-round-led-by-kalaari-capital-10626621
Ulook,https://ulook.space/,2.3,,Space Tech,Bengaluru,2025-11-06,https://entrackr.com/snippets/space-tech-startup-ulook-raises-rs-19-cr-led-by-growx-and-infoedge-ventures-10626626
Protouch,https://protouchskin.com/,2,Pre-Series A,Personal Care Brand,Ahmedabad,2025-11-04,https://entrackr.com/snippets/gvfl-leads-2-mn-pre-series-a-round-in-protouch-10621080
Game State Labs,https://gamestatelabs.com/,2,Seed,Gaming,Bengaluru,2025-11-06,https://entrackr.com/snippets/game-state-labs-raises-2-mn-in-seed-round-10626752
The Artment,https://theartment.com/,1.127,Pre-Series A,Home Decor,Gurugram,2025-11-06,https://entrackr.com/snippets/the-artment-raises-rs-10-cr-in-pre-series-a-round-led-by-ipv-10627232
Tsalla Aerospace,https://www.tsallaaerospace.com/,1,,Spacetech,Bengaluru,2025-11-04,https://entrackr.com/snippets/tsalla-aerospace-raises-1-mn-in-maiden-funding-round-10621088
Krieya,,0.789,,Beauty and Wellness,Delhi,2025-11-05,https://entrackr.com/snippets/krieya-raises-rs-7-cr-led-by-sauce-and-riverwalk-holdings-10624147
MedySeva,https://medyseva.com/,0.451,Seed,Healthtech,Indore,2025-11-05,https://entrackr.com/snippets/medyseva-raises-rs-4-cr-led-by-unicorn-india-ventures-10623932
Blyp,https://blyp.in/,0.056,,Parking Solutions,Noida,2025-11-04,https://entrackr.com/snippets/parking-solutions-startup-blyp-raises-bridge-round-10620794
Miko,https://miko.ai/,10.5,,Robotics,Mumbai,2025-11-07,https://entrackr.com/snippets/robotics-startup-miko-raises-105-mn-led-by-iheartmedia-10636274
Finnable,https://www.finnable.com/,60,,Fintech,Bengaluru,2025-11-11,https://entrackr.com/news/finnable-raises-rs-250-cr-led-by-z47-and-tvs-capital-10646294
Bombay Shaving Company,https://www.bombayshavingcompany.com/,16.3,,Personal Care,Gurugram,2025-11-12,https://inc42.com/buzz/bombay-shaving-company-bags-inr-136-cr-to-expand-retail-footprint/
Aequs,http://www.aequs.com/,16.2,Pre-IPO,Contract Manufacturing,Belgaum,2025-11-11,https://inc42.com/buzz/aequs-raises-inr-144-cr-via-pre-ipo-placement/
Brandworks Technologies,https://www.bwtech.in/,11,Series A,electronics manufacturing,Mumbai,2025-11-13,https://entrackr.com/snippets/brandworks-technologies-closes-11-mn-series-a-round-10652969
MindTalk,https://www.mindtalk.in/,7.3,,Health Tech,Bengaluru,2025-11-11,https://entrackr.com/snippets/digital-mental-health-platform-mindtalk-raises-73-mn-from-cadabams-group-10647850
HRS Navigation,https://hrsnavigation.com/,5,Pre-Series A,Med Tech,Bengaluru,2025-11-12,https://entrackr.com/snippets/med-tech-company-hrs-navigation-raises-5-mn-in-pre-series-a-round-10650219
Haus & Kinder,https://hausandkinder.com/,3.3,,Home and Lifestyle Brand,Mumbai,2025-11-12,https://entrackr.com/snippets/d2c-brand-haus-kinder-raises-33-mn-led-by-sauce-vc-10650554
shoppin’,https://shoppin.app/,3,Seed,Fashion,Gurugram,2025-11-11,https://inc42.com/buzz/shoppin-raises-3-mn-to-expand-its-ai-led-shopping-experience/
QuickShift,https://www.quickshift.in/,2.6,Pre-Series A,Logistics,Pune,2025-11-11,https://entrackr.com/snippets/quickshift-raises-rs-22-cr-in-pre-series-a-round-led-by-atomic-capital-10646544
Nia.one,https://www.nia.one/,2.4,Seed,full-stack platform for gig and blue-collar workforce,Mumbai,2025-11-14,https://entrackr.com/snippets/niaone-raises-24-mn-in-seed-round-from-elevar-equity-10698248
Nyayanidhi,https://nyayanidhi.com/,2,Seed,Legal Tech,Bengaluru,2025-11-12,https://entrackr.com/snippets/legal-tech-startup-nyayanidhi-raises-2-mn-led-by-3one4-capital-10650103
FES Cafe,https://forearthssake.co.in/,1,Pre-Series A,Cafe Chain,Gurugram,2025-11-12,https://entrackr.com/snippets/fes-cafe-raises-pre-series-a-round-led-by-12-flags-10650706
Praan Health,https://www.praan.health/,0.958,Seed,Health-tech,Bengaluru,2025-11-11,https://entrackr.com/snippets/praan-health-raises-85-cr-in-seed-round-led-by-rainmatter-investments-10646601
&Done,https://anddonehair.com/?gad_source=1&gad_campaignid=22806585556&gbraid=0AAAABAh57mmu03yzx_FDpUpThCd3JT6tZ&gclid=CjwKCAiAoNbIBhB5EiwAZFbYGLlYFpzmrqZ4ZQqI0_CnuBs1BHv-DIqqQurQ_xq6sacGK7FRXDkXaBoCiD8QAvD_BwE,0.78,Pre-Seed,Haircare,Gurugram,2025-11-12,https://entrackr.com/snippets/haircare-brand-done-raises-rs-65-cr-led-by-all-in-capital-10649633
Alive,https://www.iamalive.app/,0.676,,Experience Tech,Bengaluru,2025-11-13,https://entrackr.com/snippets/experience-tech-startup-alive-raises-rs-6-cr-from-powerhouse-ventures-10653499
Coratia Technologies,https://www.coratia.com/,0.563,,Deep Tech,Rourkela,2025-11-12,https://entrackr.com/snippets/coratia-technologies-raises-rs-5-cr-led-by-piper-serica-angel-fund-10650913
DOCO,https://www.mydoco.in/,0.54,Pre-Seed,Rural distribution,Ghaziabad,2025-11-12,https://entrackr.com/snippets/gvfl-and-malpani-ventures-lead-pre-seed-round-in-doco-10650190
ExtraMile Play,https://extramileplay.com/,0.5,Seed,Gamified employee engagement,Mumbai,2025-11-14,https://entrackr.com/snippets/extramile-play-raises-500k-in-seed-round-led-by-gsf-10691021
Trishul Space,https://www.trishulspace.com/,0.48,Pre-Seed,Rocket Propulsion,Delhi,2025-11-13,https://entrackr.com/snippets/trishul-space-raises-rs-4-cr-in-pre-seed-round-led-by-ian-angel-fund-10653494
Event Planet Technologies,https://www.eventplanet.in/,0.25,Angel,Wedding Planning,Lucknow,2025-11-13,https://entrackr.com/snippets/event-planet-technologies-raises-250k-in-angel-round-10653489
ACS Energy,https://www.aykacontrolsystems.in/,0.132,Pre-Seed,EV Charging,Mumbai,2025-11-13,https://entrackr.com/snippets/acs-energy-raises-rs-11-cr-in-pre-seed-round-led-by-ipv-10653164
Codeyoung,https://www.codeyoung.com/,5,Series A,Edtech,Bengaluru,2025-11-14,https://entrackr.com/snippets/codeyoung-raises-5-mn-in-series-a-round-from-12-flags-and-enzia-ventures-10759413
Yubi,https://www.go-yubi.com/,46.3,Debt + Equity,Fintech,Chennai,2025-11-18,https://entrackr.com/news/yubi-group-raises-rs-411-cr-in-new-round-10784431
AgroStar,https://corporate.agrostar.in/,30,,Agritech,Pune,2025-11-20,https://entrackr.com/news/agrostar-raises-30-mn-led-by-just-climate-10791229
Tractor Junction,https://www.tractorjunction.com/,22,,Online Marketplace For Tractors,Alwar,2025-11-19,https://entrackr.com/news/tractor-junction-raises-22-mn-led-by-astanor-10787648
Agnikul Cosmos,https://www.agnikul.in/,17,,Spacetech,Chennai,2025-11-22,https://entrackr.com/news/agnikul-raises-17-mn-at-500-mn-valuation-to-scale-launches-and-infra-10801995
Pidge,https://pidge.in/,13.5,Series A,Logistics,Delhi-NCR,2025-11-19,https://inc42.com/buzz/pidge-raises-inr-120-cr-to-deepen-presence-in-tier-ii-iii-cities/
Ultrahuman,https://www.ultrahuman.com/,11.2,Debt,Healthtech,Bengaluru,2025-11-21,https://entrackr.com/news/ultrahuman-raises-rs-100-cr-in-debt-from-alteria-capital-10798549
STAN,https://getstan.app/,10.5,Series A,Social Gaming,Bengaluru,2025-11-19,https://inc42.com/buzz/stan-closes-series-a-round-at-10-5-mn/
Axirium Aerospace,https://www.axirium.aero/,3.5,Seed,Aerospace Manufacturing,Hyderabad,2025-11-18,https://entrackr.com/snippets/axirium-aerospace-raises-35-mn-in-seed-round-10785238
Stylework,https://www.stylework.city/,3.38,Pre-Series B,Coworking - Real Estate,Gurugram,2025-11-19,https://entrackr.com/snippets/stylework-raises-rs-30-cr-in-pre-series-b-led-by-equentis-10790194
Tribe Stays,https://tribestays.com/,2.8,Seed,Hospitality,Pune,2025-11-17,https://entrackr.com/snippets/tribe-stays-raises-28-mn-led-by-artha-venture-and-riverwalk-10780904
CtrlB,https://ctrlb.ai/,2.5,Seed,Unified data platform,Bengaluru,2025-11-20,https://entrackr.com/snippets/ctrlb-raises-25-mn-in-seed-round-led-by-chiratae-ventures-10791356
Sophrosyne Technologies,https://sophrosynetechnologies.com/,2,Seed,Semiconductor,Bengaluru,2025-11-21,https://entrackr.com/snippets/semiconductor-startup-sophrosyne-technologies-raises-2-mn-led-by-bluehillvc-10799138
Thimblerr,https://www.thimblerr.com/,1.4,Bridge Round,Full stack fashion supply-chain,Bengaluru,2025-11-20,https://entrackr.com/snippets/thimblerr-raises-14-mn-led-by-inflection-point-ventures-10791498
HomeRun,https://home-run.co/,1.01,Seed,Quick Commerce - Construction Materials,Bengaluru,2025-11-20,https://entrackr.com/snippets/homerun-raises-rs-9-cr-in-seed-round-led-by-titan-and-sparrow-capital-10788591
Hoopr,https://hoopr.ai/,0.45,Pre-Series A,Music Licensing Platform,Mumbai,2025-11-17,https://entrackr.com/snippets/music-licensing-platform-hoopr-raises-funds-in-extended-pre-series-a-round-10782011
Circle,https://circlestore.in/,0.383,Pre-Seed,E-Commerce,Bengaluru,2025-11-18,https://entrackr.com/snippets/circle-raises-rs-34-cr-in-pre-seed-round-led-by-titan-capital-10784497
Agraga,https://www.agraga.com/,11.2,Pre-Series B,Logistics,Chennai,2025-11-20,https://entrackr.com/news/agraga-raises-rs-100-cr-in-pre-series-b-led-by-bajaj-finserv-group-10791728
RIPPLR,https://ripplr.in/,45,Series C,Distribution and supply chain,Bengaluru,2025-11-28,https://entrackr.com/news/ripplr-raises-45-mn-from-sbi-and-existing-investors-10820565
Square Yards,https://www.squareyards.com/,35,,Real Estate,Gurugram,2025-11-27,https://entrackr.com/news/square-yards-raises-35-mn-at-935-mn-valuation-unicorn-ipo-plans-ahead-10816391
Auxilo,https://www.auxilo.com/,25.5,Debt,Fintech - NBFC,Mumbai,2025-11-27,https://entrackr.com/exclusive/exclusive-edu-fintech-company-auxilo-raises-rs-225-cr-debt-10816685
Neo,https://www.neo-group.in/,25,,Fintech,Mumbai,2025-11-25,https://entrackr.com/exclusive/exclusive-neo-raises-25-mn-led-by-crystal-investment-10811424
Wealthy,https://www.wealthy.in/,14.5,Series B,Fintech,Bengaluru,2025-11-24,https://entrackr.com/news/wealthy-raises-rs-130-cr-led-by-bertelsmann-india-investments-10806350
3ev Industries,https://3evi.com/,13.45,Series A,EV,Bengaluru,2025-11-26,https://entrackr.com/snippets/3ev-industries-raises-rs-120-cr-in-series-a-led-by-mahanagar-gas-10813666
Newme,https://newme.asia/,12,Series B,Fast Fashion Brand,Bengaluru,2025-11-28,https://entrackr.com/news/fast-fashion-brand-newme-to-raise-12-mn-at-112-mn-valuation-10819820
Moneyview,https://moneyview.in/,11.4,Debt,Fintech,Bengaluru,2025-11-27,https://entrackr.com/exclusive/exclusive-moneyview-secures-rs-100-cr-debt-appoints-independent-directors-10817370
Mirana Toys,https://miranatoys.com/in,6.9,Series A,Toys,Pune,2025-11-26,https://entrackr.com/snippets/arkam-leads-rs-575-cr-series-a-round-in-mirana-toys-10812979
immunitoAI,https://www.immunitoai.com/,6.1,Series A,Biotech,Bengaluru,2025-11-25,https://inc42.com/buzz/immunitoai-bags-6-1-mn-from-pi-ventures-others-to-build-antibodies/
Neuron Energy,https://www.neuronenergy.in/,3.5,Pre-Series B,EV Battery,Mumbai,2025-11-27,https://entrackr.com/snippets/ev-battery-manufacturer-neuron-energy-raises-rs-31-cr-in-pre-series-b-round-10817307
CrisprBits,http://www.crisprbits.com/,3,Pre-Series A,Biotech,Bengaluru,2025-11-25,https://entrackr.com/snippets/crisprbits-raises-3-mn-led-by-spectrum-impact-10810189
AxiTrust,https://www.axitrust.com/,2.63,Seed,Fintech,Gurugram,2025-11-26,https://entrackr.com/snippets/fintech-startup-axitrust-raises-rs-235-cr-in-seed-round-led-by-general-catalyst-10813938
FinReach,https://www.finreach.in/,2.6,,Fintech,Mumbai,2025-11-24,https://entrackr.com/snippets/finreach-raises-rs-219-cr-led-by-colossa-ventures-10806403
Arctus Aerospace,https://arctus.space/,2.6,Pre-Seed,Aerospace,Bengaluru,2025-11-26,https://entrackr.com/snippets/arctus-aerospace-raises-26-mn-in-pre-seed-round-10813830
Sports for Life,https://www.sportsforlife.in/,2.58,Series A,Sports Tech,Bengaluru,2025-11-27,https://entrackr.com/snippets/dealshare-co-founders-startup-sports-for-life-raises-rs-2157-cr-in-series-a-10817397
FAE Beauty,https://www.faebeauty.in/,2,,Personal Care,Mumbai,2025-11-24,https://entrackr.com/snippets/fae-beauty-raises-2-mn-led-by-spring-marketing-capital-10806635
Enerzi,http://www.enerzi.co/,2,Seed,Climate Tech,Belagavi,2025-11-26,https://entrackr.com/snippets/enerzi-raises-rs-165-cr-in-seed-round-led-by-capital-a-10813557
BatteryPool,http://batterypool.com/,0.96,Pre-Series A,Battery Tech,Pune,2025-11-27,https://entrackr.com/snippets/batterypool-raises-rs-8-crore-led-by-ipv-10816753
Riverline AI,https://riverline.ai/,0.825,Pre-Seed,Fintech,Bengaluru,2025-11-25,https://entrackr.com/snippets/riverline-ai-raises-825k-in-pre-seed-round-led-by-south-park-commons-10810092
Yuvrit Ayurveda,www.yuvrit.in,0.8,Seed,Ayurvedic clinic chain,Bengaluru,2025-11-27,https://entrackr.com/snippets/yuvrit-ayurveda-raises-800k-in-seed-round-led-by-incubate-fund-asia-10816883
Dweepi,https://www.dweepi.com/,0.66,,Manufacturing,Delhi,2025-11-24,https://entrackr.com/snippets/pontaq-invests-rs-55-cr-in-dweepi-and-edgehax-10807007
Edgehax,https://edgehax.com/,0.66,,Manufacturing,Bengaluru,2025-11-24,https://entrackr.com/snippets/pontaq-invests-rs-55-cr-in-dweepi-and-edgehax-10807007
ONYA,https://onyadiamonds.com/,0.66,Pre-Seed,Lab-grown diamond jewellery,Bengaluru,2025-11-26,https://entrackr.com/snippets/onya-raises-pre-seed-round-led-by-zeropearl-vc-10813520
Primebook,https://www.primebook.in/,0.25,,Android laptop brand,Delhi,2025-11-26,https://entrackr.com/snippets/primebook-raises-250k-extension-round-from-ekamya-capital-10814568
Iztri,https://iztri.com/,0.166,Pre-Seed,Clothing Care,Bengaluru,2025-11-29,https://entrackr.com/snippets/iztri-raises-rs-15-cr-in-pre-seed-round-from-ajvc-10827254
Blostem,https://www.blostem.com/,,Pre-Series A,Fintech,Delhi,2025-11-25,https://entrackr.com/snippets/blostem-raises-pre-series-a-funding-rainmatter-picks-up-9-stake-10811318
Tijori,https://www.tijorifinance.com/dashboard/,5,,Stock Analytics,Bengaluru,2025-11-27,https://entrackr.com/news/zerodha-invests-5-mn-in-tijori-10817854
Ultraviolette,https://www.ultraviolette.com/,45,Series E,EV - Motorcycle,Bengaluru,2025-12-04,https://entrackr.com/news/zoho-backed-ultraviolette-raises-45-mn-in-ongoing-series-e-round-10880900
StockGro,https://www.stockgro.club/,16.7,Series B,Fintech - Investment,Bengaluru,2025-12-02,https://inc42.com/buzz/investment-advisory-startup-stockgro-bags-inr-150-cr-from-mukul-agrawal/
Furlenco,https://www.furlenco.com/,15,,Furniture Rental,Bengaluru,2025-12-03,https://entrackr.com/news/furlenco-raises-rs-125-cr-from-sheela-foam-and-others-10867252
Finfactor,https://finfactor.ai/,15,Series A,Fintech,Pune,2025-12-01,https://entrackr.com/news/finfactor-raises-15-mn-in-series-a-led-by-westbridge-10828669
Ambak,https://ambak.com/,7.84,,Fintech - Lending,Delhi-NCR,2025-12-04,https://entrackr.com/exclusive/exclusive-ambak-starts-series-a-round-with-rs-69-cr-funding-led-by-peak-xv-and-z47-10830529
Modulus Housing,https://www.modulushousing.com/,7.83,Series A,Proptech,Chennai,2025-12-02,https://entrackr.com/news/modulus-housing-raises-rs-70-cr-in-series-a-round-10830476
Moonrider,https://www.moonrider.ai/,6,Series A,EV,Bengaluru,2025-12-03,https://entrackr.com/snippets/moonrider-raises-6-mn-in-series-a-round-led-by-pi-ventures-10866866
CoreOps.AI,https://www.coreops.ai/,3.5,Pre-Series A,Enterprise Software,Delhi-NCR,2025-12-04,https://entrackr.com/snippets/coreopsai-raises-35-mn-in-pre-series-a-round-led-by-siana-capital-10880078
Mannjal,https://mannjal.com/,2.1,Seed,Fintech - Lending,Bengaluru,2025-12-03,https://entrackr.com/snippets/lending-platform-mannjal-raises-rs-175-cr-led-by-arali-ventures-10871729
ReplyAll,https://replyall.in/,0.75,,Apparel Brand,Bengaluru,2025-12-03,https://entrackr.com/snippets/apparel-brand-replyall-raises-rs-68-cr-led-by-sparrow-capital-10867036
TIDA Sports,https://tidasports.com/,0.333,Seed,Sport Training and Coaching Platform,Mohali,2025-12-04,https://entrackr.com/snippets/tida-sports-raises-seed-round-led-by-ipv-10881092
Planys Technologies,http://www.planystech.com/,11.1,,Deeptech,Chennai,2025-12-04,https://inc42.com/buzz/deeptech-startup-planys-technologies-bags-inr-100-cr-to-accelerate-defencetech-expansion/
Fibe,https://www.fibe.in/,35,Series F,Fintech,Pune,2025-12-09,https://entrackr.com/news/fibe-raises-35-mn-in-series-f-round-led-by-ifc-10895526
Smart Joules,http://www.smartjoules.co.in/,10,Series B,Energy Services,Delhi,2025-12-10,https://entrackr.com/snippets/smart-joules-raises-10-mn-in-series-b-round-10898864
Skydo,https://www.skydo.com/,10,Series A,Fintech,Bengaluru,2025-12-10,https://entrackr.com/news/skydo-raises-10-mn-in-series-a-led-by-susquehanna-asia-vc-10897099
Uolo,https://www.uolo.com/,7,,Edtech,Delhi-NCR,2025-12-10,https://entrackr.com/snippets/edtech-startup-uolo-raises-7-mn-led-by-five-sigma-10897310
Elecbits,https://elecbits.in/,5.5,Series A,Electronics design and manufacturing,Delhi-NCR,2025-12-10,https://inc42.com/buzz/elecbits-raises-5-5-mn-in-series-a-to-scale-electronics-manufacturing/
KNOT,https://knotnow.co/,5,,Instant Fashion,Bengaluru,2025-12-10,https://entrackr.com/snippets/quick-fashion-delivery-startup-knot-raises-5-mn-to-scale-60-min-delivery-10897062
Dr. Paws,https://visitdrpaws.com/,3.5,Pre-Series A,Veterinary Clinic,Bengaluru,2025-12-10,https://entrackr.com/snippets/dr-paws-raises-rs-293-cr-in-pre-series-a-led-by-chiratae-ventures-10897458
Earthful,https://earthful.me/,2.89,Pre-Series A,Plant-based Nutrition,Hyderabad,2025-12-10,https://entrackr.com/snippets/earthful-raises-rs-26-cr-led-by-fireside-and-v3-ventures-10897435
NeoSapien,https://neosapien.xyz/,2,Seed,Wearable Tech,Bengaluru,2025-12-11,https://entrackr.com/snippets/wearable-startup-neosapien-raises-2-mn-in-seed-round-led-by-merak-ventures-10901118
Conscious Chemist,https://consciouschemist.com/,1.8,,Skincare Brand,Delhi-NCR,2025-12-08,https://entrackr.com/snippets/conscious-chemist-raises-18-mn-in-bridge-round-led-by-atomic-capital-10891759
Lumov,https://www.lumovhealth.com/,1.2,Seed,Health Tech,Bengaluru,2025-12-08,https://entrackr.com/snippets/orthopedic-recovery-startup-lumov-raises-12-mn-led-by-incubate-fund-10891182
Frex,https://www.frexpay.com/,1.05,Pre-Seed,Fintech,Delhi-NCR,2025-12-08,https://entrackr.com/snippets/frex-raises-rs-95-cr-led-by-zeropearl-vc-and-white-venture-capital-10891996
Toffee Coffee Roasters,https://toffeecoffeeroasters.com/,0.553,Pre-Series A,Coffee Chain,Mumbai,2025-12-11,https://entrackr.com/snippets/toffee-coffee-roasters-raises-pre-series-a-round-led-by-ipv-10900966
Koriken,,0.443,Seed,Korean Style QSR,Bengaluru,2025-12-08,https://entrackr.com/snippets/koriken-raises-seed-round-led-by-rukam-capital-10892158
Faraday,https://faraday.email/,0.2,Pre-Seed,AI-led email client,Mumbai,2025-12-10,https://entrackr.com/snippets/ai-email-client-faraday-raises-02-mn-in-pre-seed-round-led-by-ajvc-10897658
Digantara,https://www.digantara.co.in/,50,Series B,Spacetech,Bengaluru,2025-12-15,https://entrackr.com/news/spacetech-startup-digantara-raises-50-mn-in-series-b-round-10915992
Moxie Beauty,https://www.moxiebeauty.in/,15,Series A,Haircare,Gurugram,2025-12-16,https://entrackr.com/news/haircare-startup-moxie-beauty-raises-15-mn-in-series-a-led-by-bessemer-10913742
Qucev,http://qucev.com/,15,Series B,EV,Hyderabad,2025-12-18,https://entrackr.com/exclusive/exclusive-ev-startup-qucev-raises-15-mn-in-series-b-10920036
StockGro,https://www.stockgro.club/,13,Series B,Fintech,Bengaluru,2025-12-19,https://entrackr.com/news/stockgro-raises-13-mn-in-series-b1-funding-from-bitkraft-ventures-10922949
WorkIndia,https://www.workindia.in/,10.8,Series B,Blue collar job portal,Bengaluru,2025-12-19,https://entrackr.com/news/workindia-raises-rs-97-cr-in-series-b-led-by-aavishkaar-capital-10922965
Tagbin,https://tagbin.in/,10,,Experential Tech,Gurugram,2025-12-17,https://entrackr.com/snippets/tagbin-raises-10-mn-eyes-ipo-by-2027-10917895
Oben Electric,https://obenelectric.com/,9.42,Pre-Series B,EV,Bengaluru,2025-12-18,https://inc42.com/buzz/ev-startup-oben-electric-raises-inr-85-cr-to-scale-distribution-network/
Magma,https://magmagroup.in/,8,Series A,B2B Manufacturing,Ahmedabad,2025-12-18,https://inc42.com/buzz/magma-closes-8-mn-series-a-to-scale-across-key-industrial-states/
SuperYou,https://superyou.in/,7,Series B,D2C Protein Brand,Mumbai,2025-12-17,https://inc42.com/buzz/exclusive-superyou-raises-7-mn-from-v3-ventures-rainmatter/
Sisir Radar,https://sisirradar.com/,7,Series A,Spacetech,Bengaluru,2025-12-15,https://inc42.com/buzz/sisir-radar-raises-7-mn-to-launch-sar-satellite/
Underneat,https://underneat.in/,6,Pre-Series A,Clothing Brand,Gurugram,2025-12-17,https://entrackr.com/snippets/shapewear-brand-underneat-raises-6-mn-in-pre-series-a-led-by-fireside-ventures-10914712
Alimento Agro Foods,https://mealofthemoment.com/,5.8,Series A,Food Brand,Mumbai,2025-12-19,https://entrackr.com/snippets/alimento-agro-foods-raises-rs-52-cr-led-by-ivycap-ventures-10923126
Ace Turtle,https://www.aceturtle.com/,5,,Retail Tech,Bengaluru,2025-12-15,https://entrackr.com/news/ace-turtle-raises-5-mn-in-bridge-round-led-by-vertex-holdings-10916885
Rotoris Watches,https://www.rotoris.com/,3,Seed,Analog Watch Brand,Gurugram,2025-12-15,https://entrackr.com/snippets/rotoris-watches-raises-3-mn-from-nikhil-kamath-vivek-oberoi-others-10910880
Aurassure,https://aurassure.com/,2.76,Pre-Series A,Climate Tech,Bhubaneshwar,2025-12-16,https://entrackr.com/snippets/climate-tech-startup-aurassure-raises-rs-25-cr-in-pre-series-a-10913873
WickedGud,https://wickedgud.com/,2.21,,D2C Food Brand,Mumbai,2025-12-17,https://entrackr.com/snippets/shilpa-shetty-backed-wickedgud-raises-rs-20-cr-10917736
CuePilot AI,https://www.cuepilot.ai/home,1.8,Pre-Seed,Edtech,Bengaluru,2025-12-18,https://entrackr.com/snippets/cuepilot-ai-raises-18-mn-in-pre-seed-round-led-by-unilazer-ventures-10920913
Decode Age,https://decodeage.com/,1.7,Pre-Series A,Longevity Science,Bengaluru,2025-12-17,https://entrackr.com/snippets/decode-age-raises-17-mn-in-pre-series-a-round-10917447
EDT,https://edtworld.com/,1.4,Pre-Seed,Consumer Appliance,Mumbai,2025-12-16,https://entrackr.com/snippets/consumer-appliances-startup-edt-raises-14-mn-in-pre-seed-round-led-by-sauce-vc-10913470
Lawyered,https://www.lawyered.in/,0.94,,Legal Tech,Gurugram,2025-12-15,https://entrackr.com/snippets/legal-tech-startup-lawyered-raises-rs-85-cr-in-all-titans-deal-on-ideabaaz-10911539
Quintrans,https://quintrans.tech/,0.75,Pre-Seed,Deep tech engineering,Pune,2025-12-16,https://entrackr.com/snippets/quintrans-raises-750k-in-pre-seed-round-led-by-capital-a-10914468
Cellarim Labs,https://www.cellarim.com/,0.663,Seed,Biotech,Bengaluru,2025-12-17,https://entrackr.com/snippets/cellarim-labs-raises-seed-round-led-by-3i-partners-and-venture-catalysts-10918040
IPF,https://www.ipfapp.in/,0.375,Seed,E-commerce - kids products,Bengaluru,2025-12-15,https://entrackr.com/snippets/kids-focused-resale-platform-ipf-raises-seed-funding-led-by-titan-capital-10911784
Virohan,https://www.virohan.com/,7.5,Series B,Healthcare,Gurugram,2025-12-19,https://entrackr.com/snippets/healthcare-edtech-startup-virohan-raises-75-mn-in-ongoing-series-b-10923709
CoreEL Technologies,https://www.coreel.com/,30,Series B,Aerospace and Defence Tech,Bengaluru,2025-12-23,https://entrackr.com/news/aerospace-and-defence-tech-firm-coreel-technologies-raises-30-mn-in-series-b-round-10940257
PlasmaGen Biosciences,http://www.plasmagen.in/,16.7,,Biotech,Bengaluru,2025-12-22,https://entrackr.com/snippets/plasmagen-biosciences-raises-rs-150-cr-led-by-vins-bioproducts-10931632
PowerUp Money,https://www.powerup.money/,12,Series A,Fintech,Bengaluru,2025-12-22,https://entrackr.com/news/powerup-money-raises-12-mn-in-series-a-round-led-by-peak-xv-10930747
Prosperr.io,https://www.prosperr.io/,4,Seed,Tax management infrastructure provider,Bengaluru,2025-12-23,https://entrackr.com/snippets/tax-management-infra-startup-prosperrio-raises-4-mn-led-by-jungle-ventures-10939505
Naxatra Labs,https://naxatralabs.com/,3,Pre-Series A,Deeptech,Ahmedabad,2025-12-23,https://entrackr.com/snippets/naxatra-labs-raises-3-mn-pre-series-a-led-by-rainmatter-10940472
Arya.ag,https://www.arya.ag/,80.3,Series D,Agritech,Delhi-NCR,2026-01-02,https://entrackr.com/news/agritech-firm-aryaag-raises-over-80-mn-in-series-d-from-gef-capital-10965656
Knight Fintech,https://www.knightfintech.com/,23.6,Series A,Fintech,Mumbai,2026-01-02,https://entrackr.com/news/knight-fintech-raises-236-mn-led-by-accel-10965193
Even Healthcare,https://even.in/,20,,Insurance,Bengaluru,2026-01-06,https://entrackr.com/news/even-healthcare-raises-20-mn-led-by-lachy-groom-and-alpha-wave-10972963
FutureCure Health,https://www.neuroequilibrium.in/,11.5,,Health and Wellness,Jaipur,2026-01-06,https://entrackr.com/news/futurecure-health-raises-rs-104-cr-led-by-carnelian-asset-management-10976217
Spector.ai,https://www.spector.ai/,6.7,,Industrial AI,Bengaluru,2026-01-08,https://entrackr.com/snippets/industrial-ai-startup-spectorai-raises-rs-58-cr-led-by-ivycap-ventures-10981113
Nitro Commerce,https://nitrocommerce.ai/,5,Series A,AI-powered growth platform for digital commerce,Delhi-NCR,2026-01-08,https://entrackr.com/snippets/nitro-commerce-raises-5-mn-in-series-a-led-by-cornerstone-ventures-10981056
Aivar,https://aivar.tech/,4.6,,AI services,Coimbatore,2026-01-08,https://entrackr.com/snippets/ai-services-startup-aivar-raises-46-mn-from-sorin-investments-and-bessemer-10980240
Antinorm,https://antinorm.co/,3.1,Seed,Personal Care,Delhi-NCR,2026-01-07,https://inc42.com/buzz/d2c-brand-antinorm-bags-inr-28-cr-to-expand-product-portfolio/
&Done,https://anddonehair.com/,3,Series A,Personal Care,Delhi-NCR,2026-01-08,https://entrackr.com/snippets/haircare-brand-done-raises-3-mn-in-series-a-led-by-rtp-global-10980040
Arrowhead,https://www.arrowhead.ai/,3,Seed,Voice AI,Bengaluru,2026-01-07,https://entrackr.com/snippets/voice-ai-startup-arrowhead-raises-3-mn-in-seed-round-led-by-stellaris-10977766
SkinInspired,https://skininspired.in/,2.9,Series A,Skincare,Udaipur,2026-01-06,https://entrackr.com/snippets/skininspired-raises-29-mn-led-by-spring-marketing-capital-10976401
Flent,https://www.flent.in/,2.5,Pre-Series A,Proptech,Bengaluru,2026-01-07,https://entrackr.com/snippets/proptech-startup-flent-raises-25-mn-in-pre-series-a-round-10977803
RoadGrid,https://www.roadgridindia.com/home,1.33,Pre-Series A,EV Charging,Indore,2026-01-07,https://entrackr.com/snippets/ev-charging-startup-roadgrid-raises-rs-12-cr-in-pre-series-a-round-10978135
Kayess Square,https://kayesssquare.com/,1.11,Pre-Series A,Consulting,Bengaluru,2026-01-05,https://entrackr.com/snippets/consulting-startup-kayess-square-raises-rs-10-cr-in-pre-series-a-10973198
Mylapay,https://mylapay.com/,1,,Fintech,Chennai,2026-01-05,https://entrackr.com/snippets/payment-infra-startup-mylapay-raises-1-mn-10972179
Be Clinical,https://be-clinical.com/,0.66,Seed,Personal Care,Delhi-NCR,2026-01-07,https://entrackr.com/snippets/skincare-brand-be-clinical-raises-seed-round-led-by-v3-ventures-10978768
OSSO,http://osso.care/,0.444,,Healthcare,Delhi-NCR,2026-01-06,https://inc42.com/buzz/exclusive-ortho-treatment-startup-osso-raises-inr-4-cr-from-haldiram-family-office-others/
MiniPix,https://www.minipix.in/,0.266,Pre-Seed,Regional OTT,Bengaluru,2026-01-08,https://entrackr.com/snippets/microdrama-platform-minipix-raises-rs-24-cr-led-by-pedalstart-10980902
The Sustainability Mafia,https://www.susmafia.org/,0.222,,Climate Tech,Bengaluru,2026-01-06,https://entrackr.com/snippets/the-sustainability-mafia-receives-rs-2-cr-csr-grant-from-zerodha-10976024
GOAT Life,https://goatlife.co.in/,0.177,Pre-Seed,Breakfast focused D2C,Delhi-NCR,2026-01-06,https://entrackr.com/snippets/goat-life-raises-additional-pre-seed-round-led-by-d2c-insider-super-angels-10976384
Multibagg AI,https://www.multibagg.ai/,0.166,Pre-Seed,Fintech,Bengaluru,2026-01-08,https://entrackr.com/snippets/equity-research-startup-multibagg-ai-raises-rs-15-cr-in-pre-seed-round-led-by-ajvc-10980823
TakeMe2Space,https://tm2.space/,5,Seed,Spacetech,Hyderabad,2026-01-08,https://inc42.com/buzz/takeme2space-raises-5-mn-to-expand-its-satellite-constellation/
Pee Safe,https://www.peesafe.com/,32,,Health and Wellness,Delhi-NCR,2026-01-14,https://entrackr.com/news/pee-safe-raises-32-mn-led-by-orbimed-10996704
Sukino,http://www.sukino.com/,31,Series B,Healthcare,Bengaluru,2026-01-13,https://entrackr.com/snippets/healthcare-startup-sukino-raises-31-mn-in-series-b-led-by-bessemer-10993518
Emversity,https://emversity.com/,30,Series A,Edtech,Bengaluru,2026-01-15,https://inc42.com/buzz/edtech-startup-emversity-raises-30-mn-to-scale-its-upskilling-programmes/
Wint Wealth,https://www.wintwealth.com/,28,Series B,Fintech,Bengaluru,2026-01-14,https://entrackr.com/news/wint-wealth-raises-rs-250-cr-in-series-b-round-10996768
BillionE Mobility,https://billionemobility.com/,25,,EV,Vadodara,2026-01-13,https://inc42.com/buzz/billione-bags-25-mn-to-accelerate-ev-truck-deployment-across-key-industrial-corridors/
Liquidnitro Games,https://www.liquidnitro.games/,19.1,Series A,Game Production,Hyderabad,2026-01-13,https://entrackr.com/news/liquidnitro-games-raises-191-mn-series-a-led-by-northpoint-capital-10994411
Truva,https://www.truva.in/,9,,Proptech,Mumbai,2026-01-15,https://inc42.com/buzz/proptech-startup-truva-nets-9-mn-to-expand-beyond-mumbai/
Bluecopa,https://www.bluecopa.com/,7.5,Series A,Fintech - AI,Hyerabad,2026-01-12,https://entrackr.com/snippets/bluecopa-raises-75-mn-in-series-a-round-led-by-analog-partners-10990859
Atomgrid,https://www.atomgrid.in/,7,Pre-Series A,Specialty chemicals,Bengaluru,2026-01-13,https://entrackr.com/snippets/specialty-chemicals-startup-atomgrid-raises-7-mn-in-pre-series-a-10994068
Hexalog,https://hexalog.in/,4,Seed,Logistics,Delhi-NCR,2026-01-13,https://entrackr.com/snippets/hexalog-bags-4-mn-in-seed-round-led-by-enrission-india-capital-10994708
Neeman’s,https://neemans.com/,4,,D2C Footwear Brand,Hyderabad,2026-01-12,https://inc42.com/buzz/d2c-brand-neemans-raises-4-mn-to-expand-offline-presence/
GreenTech,https://www.greentechits.com/,3.32,,Tech-driven and operations & maintenance,Delhi-NCR,2026-01-14,https://entrackr.com/snippets/greentech-raises-rs-30-cr-led-by-transition-vc-10997721
Dazzl,https://dazzlnow.com/,3.2,Seed,On-demand beauty service,Bengaluru,2026-01-13,https://entrackr.com/snippets/10-min-beauty-service-platform-dazzl-raises-32-mn-led-by-stellaris-10993983
Secret Alchemist,https://secretalchemist.com/,3,,Perfume Brand,Mumbai,2026-01-13,https://entrackr.com/snippets/perfume-brand-secret-alchemist-raises-3-mn-led-by-unilever-ventures-10994870
Aule Space,https://aule.space/,2,Pre-Seed,Spacetech,Bengaluru,2026-01-15,https://inc42.com/buzz/aule-space-nets-2-mn-to-develop-in-orbit-satellite-servicing-tech/
Misochain Technologies,https://misochain.in/,1.99,Seed,Aerospace,Bengaluru,2026-01-13,https://entrackr.com/snippets/misochain-technologies-raises-rs-18-cr-in-seed-round-led-by-capital-a-10994522
PumPumPum,https://pumpumpum.com/,1.99,Pre-Series A,Car Leasing,Delhi-NCR,2026-01-12,https://entrackr.com/snippets/pumpumpum-raises-rs-18-cr-in-pre-series-a-round-led-by-lc-nueva-10991829
Good Farmer Food Concepts,https://www.maverickandfarmer.com/,1.5,Pre-Series A,Coffee Brand,Bengaluru,2026-01-12,https://entrackr.com/snippets/good-farmer-food-concepts-raises-15-mn-in-pre-series-a-led-by-creedcap-10991509
Edgistify,https://www.edgistify.com/,1.4,Pre-Series A,Logistics,Mumbai,2026-01-12,https://entrackr.com/snippets/edgistify-raises-14-mn-from-nb-ventures-and-rajesh-ranavat-10992138
Drickle,https://bonomi.in/,0.664,Seed,Coffee-first beverage QSR brand,Bengaluru,2026-01-13,https://entrackr.com/snippets/coffee-first-beverage-brand-drickle-raises-rs-6-cr-in-seed-round-10995189
RenewCred,https://www.renewcred.com/,0.46,Seed,Climate Tech,Bengaluru,2026-01-15,https://entrackr.com/snippets/climate-tech-startup-renewcred-raises-425-cr-in-seed-round-11000772
HandyPanda,https://www.handypanda.in/,0.221,Pre-Seed,Construction Tech,Delhi-NCR,2026-01-14,https://entrackr.com/snippets/construction-tech-startup-handypanda-raises-rs-2-cr-led-by-ajvc-10996918
Carrum,https://www.carrum.co.in/,,Series A,Fleet Management,Delhi-NCR,2026-01-13,https://entrackr.com/snippets/cardekho-group-backed-carrum-raises-series-a-funding-from-uber-10995158
Ethereal Exploration Guild,https://www.etherealx.space/,20,Series A,Spacetech,Bengaluru,2026-01-15,https://entrackr.com/snippets/spacetech-startup-ethereal-exploration-guild-raises-205-mn-in-series-a-round-11003897
Namdev Finvest,https://www.namfin.in/,37,,Fintech,Jaipur,2026-01-19,https://entrackr.com/news/nbfc-namdev-finvest-raises-37-mn-from-fmo-iix-others-11011476
Unbox Robotics,https://unboxrobotics.com/,28,,Robotics,Pune,2026-01-20,https://entrackr.com/news/unbox-robotics-raises-28-mn-led-by-icici-venture-11014165
Escape Plan,https://myescplan.com/,25,Series A,D2C Luggage Brand,Bengaluru,2026-01-22,https://entrackr.com/news/travel-products-platform-escape-plan-raises-25-mn-led-by-jungle-venture-11019825
AssetPlus,https://www.assetplus.in/,19.3,,Fintech,Chennai,2026-01-19,https://entrackr.com/news/wealth-tech-startup-assetplus-raises-rs-175-cr-led-by-nexus-venture-partners-11011224
Aerem Solutions,https://www.aerem.co/,15,Pre-Series B,Solar Solutions,Mumbai,2026-01-21,https://entrackr.com/news/solar-platform-aerem-solutions-raises-15-mn-in-pre-series-b-11018368
Whizzo,https://whizzo.org/,15,Series A,Manufacturing,Bengaluru,2026-01-20,https://entrackr.com/news/manufacturing-startup-whizzo-raises-15-mn-in-a-series-a-led-by-fundamentum-11013711
Optimist,https://optimist.in/,12,Seed,Cooling Solutions,Delhi-NCR,2026-01-22,https://entrackr.com/news/optimist-raises-12-mn-in-seed-round-led-by-accel-and-arkam-ventures-11020870
WanderOn,https://wanderon.in/,5.89,Series A,Travel Brand,Delhi-NCR,2026-01-20,https://entrackr.com/snippets/travel-brand-wanderon-bags-rs-54-cr-in-series-a-from-dsg-and-caaf-11014847
Ringg AI,https://www.ringg.ai/,5.5,Series A,Voice AI,Bengaluru,2026-01-21,https://entrackr.com/snippets/voice-ai-startup-ringg-ai-raises-55-mn-in-series-a-funding-led-by-arkam-ventures-11017504
Enerzolve,https://www.enerzolve.com/,5.1,Seed,Clean Tech,Bengaluru,2026-01-21,https://entrackr.com/snippets/enerzolve-raises-51-mn-in-seed-round-led-by-jungle-ventures-and-kae-capital-11018091
Troovy,https://troovyfoods.com/,5,Series A,Snack Brand,Delhi-NCR,2026-01-20,https://entrackr.com/snippets/snack-brand-troovy-raises-5-mn-in-series-a-led-by-fireside-and-sharrp-ventures-11015748
Cumin Co.,https://www.cuminco.com/,5,Series A,Kitchenware Brand,Delhi-NCR,2026-01-21,https://entrackr.com/snippets/cumin-co-raises-5-mn-pre-series-a-round-led-by-fireside-ventures-11017896
Gully Labs,https://gullylabs.com/,3.27,Series A,Sneaker Brand,Delhi-NCR,2026-01-19,https://inc42.com/buzz/sneaker-brand-gully-labs-bags-inr-30-cr-to-strengthen-offline-presence/
Salty,https://salty.co.in/,3.27,,D2C Jewellery Brand,Delhi-NCR,2026-01-19,https://entrackr.com/snippets/d2c-accessories-brand-salty-raises-rs-301-cr-led-by-mg-investment-11011455
Raana Semiconductors,https://raana.in/,3,Seed,Semiconductor,Hosur,2026-01-20,https://entrackr.com/snippets/rspl-raises-3-mn-seed-round-led-by-equirus-and-artha-venture-fund-11015933
PolyCycl,https://www.polycycl.com/,2.83,Series A,Deep Tech,Chandigarh,2026-01-20,https://inc42.com/buzz/polycycl-raises-inr-26-cr-to-scale-its-chemical-recycling-tech/
Sensesemi,https://www.sensesemi.com/,2.75,Seed,Semiconductor,Bengaluru,2026-01-21,https://entrackr.com/snippets/semiconductor-startup-sensesemi-raises-rs-25-cr-led-by-piper-serica-11018670
Chargeup,https://echargeup.com/,2.4,,EV,Delhi-NCR,2026-01-22,https://entrackr.com/snippets/ian-group-backs-chargeup-in-rs-22-cr-funding-round-11021076
33&Brew,,2.2,Series A,Microbrewery,Bengaluru,2026-01-19,https://entrackr.com/snippets/33brew-raises-rs-20-cr-in-series-a-round-led-by-optimistic-capital-11011940
SuperLiving,https://superliving.app/,2,,Health Tech,Bengaluru,2026-01-20,https://entrackr.com/snippets/health-tech-startup-superliving-raises-2-mn-led-by-kae-capital-11012485
Arkahub,https://www.arkahub.in/,2,Seed,Renewable Energy,Bengaluru,2026-01-21,https://entrackr.com/snippets/arkahub-raises-2-mn-in-seed-round-led-by-kae-capital-11017538
Grest,https://grest.in/,1.74,,Full Stack Re-commerce,Delhi-NCR,2026-01-21,https://entrackr.com/snippets/full-stack-re-commerce-company-grest-raises-16-cr-led-by-equentis-wealth-11018721
StepOut,https://www.stepout.ai/en,1.5,Pre-Series A,Sports Tech,Bengaluru,2026-01-21,https://entrackr.com/snippets/sports-tech-startup-stepout-raises-15-mn-led-by-rainmatter-11017911
Intellend,https://www.intellendtech.com/,1.2,Seed,Fintech,Mumbai,2026-01-20,https://entrackr.com/snippets/intellend-raises-12-mn-in-seed-round-led-by-incubate-fund-asia-11014365
Arthum,https://arthum.co.in/,1.09,Seed,Workforce Management,Delhi-NCR,2026-01-21,https://entrackr.com/snippets/arthum-raises-rs-10-cr-in-seed-round-led-by-caret-capital-11018048
Pinky Promise,https://www.askpinkypromise.com/,1,Pre-Seed,Health and Wellness,Mumbai,2026-01-20,https://entrackr.com/snippets/digital-clinic-pinky-promise-raises-1-mn-led-by-rebalance-angel-community-11015492
Fire AI,https://fireai.in/,0.8,,AI Analytics Platform,Mumbai,2026-01-20,https://entrackr.com/snippets/fireai-raises-early-stage-funding-from-ipv-vcats-and-sucseed-indovation-11015328
Meine Electric,https://meineelectric.com/,0.75,Pre-Seed,Energy Storage,Chennai,2026-01-22,https://entrackr.com/snippets/deeptech-startup-meine-electric-raises-750k-in-pre-seed-round-11021373
Lorazzo,https://lorazzo.com/,0.545,Seed,Home Improvement,Delhi-NCR,2026-01-22,https://entrackr.com/snippets/lorazzo-raises-seed-funding-led-by-sprout-venture-and-first-cheque-11020653
Zerocircle,https://www.zerocircle.in/,0.543,Pre-Series A,Biotech,Pune,2026-01-22,https://entrackr.com/snippets/materials-science-company-zerocircle-raises-pre-series-a-round-from-3one4-capital-rainmatter-and-others-11021693
For Real,,0.349,Pre-Seed,Online factory outlet marketplace,Delhi-NCR,2026-01-20,https://entrackr.com/snippets/factory-outlet-marketplace-for-real-raises-pre-seed-round-from-titan-capital-11012694
Brisil Technologies,http://www.brisil.com/,0.327,Pre-Seed,Climate Tech,Vadodara,2026-01-22,https://entrackr.com/snippets/climate-tech-startup-brisil-technologies-raises-pre-seed-round-led-by-momentum-capital-11021031
Culture,,0.218,Seed,Social Network,Hyderabad,2026-01-19,https://entrackr.com/snippets/social-networking-platform-culture-raises-seed-round-led-by-acuvest-infra-11012225
Care Dale,https://www.caredale.in/,0.163,Pre-Seed,Water Wellness,Mumbai,2026-01-21,https://entrackr.com/snippets/water-wellness-startup-care-dale-raises-pre-seed-funding-led-by-ajvc-11017614
Dhun Wellness,https://dhunwellness.com/,4,,Health and Wellness,Mumbai,2026-01-23,https://entrackr.com/snippets/dhun-wellness-raises-4-mn-led-by-srf-and-havells-india-11023613
Easy Home Finance,https://www.easyhomefinance.in/,30,Series C,Fintech,Mumbai,2026-01-28,https://inc42.com/buzz/easy-home-finance-nets-30-mn-to-streamline-home-loans/
4baseCare,http://www.4basecare.com/,9.8,Series B,Biotech,Bengaluru,2026-01-27,https://entrackr.com/news/oncology-startup-4basecare-raises-rs-90-cr-led-by-ashish-kacholia-and-lashit-sanghvi-11033252
Agrani Labs,https://www.agranilabs.com/,8,Seed,Semiconductor,Bengaluru,2026-01-28,https://entrackr.com/snippets/ai-semiconductor-startup-agrani-labs-raises-8-mn-led-by-peak-xv-11036130
Nivaan Care,https://nivaancare.com/,7,Series A,Healthcare,Delhi,2026-01-27,https://entrackr.com/snippets/nivaan-care-raises-7-mn-in-series-a-round-led-by-sorin-investments-11032479
Entellus Industries,https://entellusind.com/,5.43,,Manufacturing,Chennai,2026-01-27,https://entrackr.com/snippets/entellus-industries-raises-rs-50-cr-from-zerow-11034298
Vimag Labs,,5,,Deeptech,Bengaluru,2026-01-29,https://economictimes.indiatimes.com/tech/funding/vimag-labs-raises-5-million-in-round-led-by-accel/articleshow/127715178.cms?from=mdr
Cava Athleisure,https://cavaathleisure.com/,4.42,Series A,Athleisure,Bengaluru,2026-01-29,https://entrackr.com/snippets/cava-athleisure-secures-rs-40-cr-in-series-a-round-led-by-sharrp-ventures-11055826
1Buy.AI,https://1buy.ai/,3.53,Seed,Procurement and cost reduction,Delhi,2026-01-29,https://entrackr.com/snippets/1buyai-raises-rs-325-cr-in-seed-round-led-by-100unicorns-11039023
Mysa,https://www.mysa.io/,3.4,Pre-Series A,Fintech,Bengaluru,2026-01-27,https://inc42.com/buzz/mysa-bags-3-4-mn-to-strengthen-ai-based-finance-automation/
D-Propulse,https://www.d-propulse.com/,2.7,,Aerospace,Delhi-NCR,2026-01-28,https://inc42.com/buzz/d-propulse-raises-inr-25-cr-to-build-aerospace-propulsion-system/
Biopeak,https://biopeak.com/,2.7,,Healthtech,Bengaluru,2026-01-29,https://entrackr.com/snippets/health-tech-startup-biopeak-raises-27-mn-led-by-nikhil-kamaths-nksquared-11039707
ScrapUncle,https://scrapuncle.com/,2.4,Pre-Series A,Clean Tech,Delhi,2026-01-28,https://inc42.com/buzz/cleantech-startup-scrapuncle-raises-inr-22-cr-to-expand-presence-across-delhi-ncr/
AquaAirX,https://www.aquaairx.com/,1.359,Seed,Deep Tech,Bengaluru,2026-01-28,https://entrackr.com/snippets/deep-tech-startup-aquaairx-raises-rs-125-cr-in-seed-round-led-by-rainmatter-11036677
EarthSync,https://earthsync.io/,1,Pre-Seed,AI Data Analytics,Bengaluru,2026-01-29,https://entrackr.com/snippets/earthsync-raises-1-mn-in-pre-seed-round-led-by-theia-ventures-11038751
The Stack,https://thestack.club/,0.597,Pre-Seed,Supplements Brand,Mumbai,2026-01-28,https://entrackr.com/snippets/supplements-brand-the-stack-raises-pre-seed-funding-11037047
OneARVO,https://onearvoventures.com/,0.1337,Pre-Seed,Deeptech,Delhi-NCR,2026-01-29,https://entrackr.com/snippets/deep-tech-startup-onearvo-raises-pre-seed-round-led-by-ipv-11039524
SBC LLP,http://www.steadfastconsultants.in/,,Pre-Series A,Fintech - Tax Consulting,Hyderabad,2026-01-28,https://entrackr.com/snippets/sbc-llp-raises-pre-series-a-funding-at-rs-100-cr-valuation-11037278
Drivn,https://www.drivn.co.in/,80,,EV,Delhi-NCR,2026-02-02,https://entrackr.com/news/electric-mobility-platform-drivn-secures-80-mn-commitment-from-nomura-11068708
The Whole Truth,https://thewholetruthfoods.com/,51,Series D,Health Food brand,Mumbai,2026-02-04,https://entrackr.com/news/the-whole-truth-raises-51-mn-in-series-d-funding-11074658
JJG Aero,https://www.jjgmachining.com/,30,,Aerospace,Anekal,2026-02-02,https://entrackr.com/news/aerospace-components-manufacturer-jjg-aero-raises-30-mn-led-by-norwest-11066196
Varaha,https://www.varaha.earth/,20,Series B,Climate Tech,Delhi-NCR,2026-02-04,https://entrackr.com/news/climate-tech-startup-varaha-raises-20-mn-in-series-b-led-by-westbridge-capital-11074654
Material Depot,https://materialdepot.com/,10,Series A,Home Decor,Bengaluru,2026-02-05,https://inc42.com/buzz/material-depot-nets-10-mn-to-scale-omnichannel-home-interiors-play/
Good Monk,https://www.superfoodsvalley.com/,3.65,Pre-Series A,Nutrition Brand,Bengaluru,2026-02-05,https://entrackr.com/news/preventive-nutrition-startup-good-monk-raises-rs-33-cr-in-pre-series-a-round-11077895
Dr. Doodley,https://doodley.in/,3.3,Pre-Series A,Pet Healthcare,Bengaluru,2026-02-05,https://entrackr.com/snippets/pet-healthcare-startup-dr-doodley-raises-33-mn-in-pre-series-a-11077794
EyeROV,https://eyerov.com/,1.44,Pre-Series A,Marine Robotics,Ernakulam,2026-02-05,https://entrackr.com/snippets/marine-robotics-startup-eyerov-raises-rs-13-cr-in-pre-series-a-round-11078128
Octobotics,https://www.octobotics.tech/,1.1,Seed,Robotics,Delhi-NCR,2026-02-05,https://entrackr.com/snippets/robotics-startup-octobotics-raises-rs-10-cr-in-seed-round-11078030
Vibrium.ai,https://www.vibrium.ai/,1,Seed,Agentic AI,Delhi-NCR,2026-02-04,https://entrackr.com/snippets/agentic-ai-platform-vibrium-raises-1-mn-in-seed-round-11075601
1.5 Degree,https://1.5degree.co/,1,Pre-Series A,Food and Beverage,Delhi-NCR,2026-02-04,https://entrackr.com/snippets/alternative-dairy-startup-15-degree-raises-1-mn-in-pre-series-a-led-by-35north-ventures-11074779
Gamepoint,https://www.gamepointindia.com/,0.774,Pre-Series A,Sports Tech,Hyderabad,2026-02-04,https://entrackr.com/snippets/sports-tech-startup-gamepoint-raises-pre-series-a-round-11075216
Dreamfly Innovations,https://eionicbattery.com/,0.331,Debt,Battery Tech,Bengaluru,2026-02-02,https://entrackr.com/snippets/dreamfly-innovations-raises-rs-3-cr-debt-from-sidbi-11066996
Mindcase,https://www.mindcase.co/,0.165,Pre-Seed,Market Intelligence,Delhi-NCR,2026-02-03,https://entrackr.com/snippets/market-intelligence-startup-mindcase-raises-seed-funding-led-by-ajvc-11069641
CHINI KUM,https://drinkchinikum.com/,0.11,Seed,Beverage Brand,Delhi-NCR,2026-02-05,https://entrackr.com/snippets/beverage-startup-chini-kum-raises-pre-seed-funding-11077951
ZILO,https://zilo.one/,15.3,Series A,Fashion Quick Commerce,Mumbai,2026-02-05,https://entrackr.com/news/fashion-quick-commerce-startup-zilo-raises-153-mn-in-series-a-round-11077867
Radiance Renewables,https://www.radiancerenewables.com/,100,,Renewable Energy,Mumbai,2026-02-09,https://yourstory.com/2026/02/radiance-renewables-raises-100-million-from-ifd-and-fmo
Supertails,https://supertails.com/,30,,Pet Care,Bengaluru,2026-02-10,https://entrackr.com/news/petcare-startup-supertails-raises-30-mn-led-by-venturi-partners-11092201
Olyv,https://www.olyv.co.in/,23,Series C,Fintech,Bengaluru,2026-02-09,https://entrackr.com/exclusive/exclusive-nandan-nilekanis-fundamentum-leads-olyvs-23-mn-series-c-round-11090810
Pandorum Technologies,https://pandorum.com/,18,Series B,Biotech,Bengaluru,2026-02-09,https://entrackr.com/news/biotech-startup-pandorum-technologies-raises-18-mn-in-series-b-round-11089746
Showroom B2B,https://showroomb2b.com/,16.55,Series A,Supply chain for fashion and apparel,Delhi-NCR,2026-02-11,https://entrackr.com/news/showroom-b2b-raises-rs-150-cr-in-series-a-round-led-by-cactus-partners-11095517
BigHaat,https://www.bighaat.com/,10,,Agritech,Bengaluru,2026-02-11,https://entrackr.com/news/bighaat-raises-10-mn-led-by-ocp-groups-arm-bidra-innovation-11096310
Elixiir Foods,,9,Series A,Omnichannel Grocery Platform,Delhi-NCR,2026-02-12,https://entrackr.com/snippets/elixiir-foods-raises-9-mn-seed-round-led-by-3one4-capital-and-incubate-fund-asia-11099361
DSLR Technologies,https://aramya.in/,8.8,Series A,Ethnic Wear Brand,Jaipur,2026-02-09,https://entrackr.com/exclusive/exclusive-d2c-brand-aramya-parent-raises-rs-80-cr-led-by-z47-and-accel-11089406
Care.fi,https://www.carefi.in/,8,Series A,Fintech,Delhi-NCR,2026-02-11,https://entrackr.com/snippets/carefi-raises-8-mn-in-series-a-round-led-by-july-ventures-11096132
Six Sense Mobility,https://sixsensemobility.com/,4.8,,Electronics and mobility equipment manufacturer,Delhi,2026-02-13,https://entrackr.com/snippets/six-sense-mobility-raises-48-mn-led-by-ashish-kacholia-11102743
Indigrid,https://www.indigrid.co.in/,4.41,Series A,Electronics systems design and manufacturing,Mumbai,2026-02-12,https://inc42.com/buzz/indigrid-raises-%e2%82%b940-cr-to-scale-electronics-manufacturing/
Slurrp Farm,https://slurrpfarm.com/,3.3,Series C,Children Snacking Brand,Delhi-NCR,2026-02-10,https://entrackr.com/exclusive/exclusive-anushka-sharma-backed-slurrp-farm-raises-fresh-funds-at-90-mn-valuation-11093285
PadCare Labs,https://www.padcarelabs.com/,3,Pre-Series A,Clean Tech,Pune,2026-02-10,https://entrackr.com/snippets/clean-tech-startup-padcare-labs-raises-3-mn-led-by-rainmatter-11094050
Ethera,https://etheradiamonds.com/,2.759,,Lab grown diamond brand,Bengaluru,2026-02-10,https://entrackr.com/snippets/lab-grown-diamond-jewellery-startup-ethera-raises-rs-25-cr-from-bluestone-11092137
DUSQ,https://dusq.com/,2.632,Seed,Sleep science and recovery company,Delhi-NCR,2026-02-12,https://entrackr.com/snippets/dusq-raises-rs-24-cr-in-seed-round-led-by-fireside-ventures-11099913
Litemed,https://litemed.co.in/,2.2,Pre-Series A,Health Tech,Hyderabad,2026-02-10,https://entrackr.com/snippets/healthtech-startup-curapod-raises-rs-20-cr-in-pre-series-a-round-11092535
Nester,https://nesterstore.com/,2.097,Pre-Series A,Homeware Brand,Delhi-NCR,2026-02-11,https://entrackr.com/snippets/nester-secures-pre-series-a-round-from-fireside-ventures-and-otp-ventures-11096339
Elevate Now,https://www.joinelevatenow.com/,1.986,Seed,Health and Fitness,Bengaluru,2026-02-09,https://entrackr.com/snippets/elevate-now-raises-rs-18-cr-in-seed-round-led-by-physis-capital-11089490
Benny’s Bowl,https://www.bennysbowl.com/,1.4,Pre-Series A,Dog Food Brand,Delhi - NCR,2026-02-10,https://entrackr.com/snippets/bennys-bowl-raises-14-mn-in-pre-series-a-led-by-atomic-capital-11092346
UKHI,https://www.ukhi.com/,1.151,Seed,Chemical Manufacturing,Faridabad,2026-02-12,https://entrackr.com/snippets/ukhi-raises-seed-round-led-by-venture-catalysts-11099922
Satlabs Space Systems,https://satlabs.space/,1,,Space Tech,Chennai,2026-02-09,https://entrackr.com/snippets/satlabs-space-systems-raises-1-mn-from-finvolve-and-ia-11091011
Digitory,https://digitory.com/,0.5,Pre-Series A,Restaurant Tech,Bengaluru,2026-02-12,https://entrackr.com/snippets/restaurant-tech-startup-digitory-raises-pre-series-a-funding-from-tejas-paresh-lodaya-11099615
SteamPRO,https://steampro.in/,0.419,Seed,Wellness,Delhi-NCR,2026-02-11,https://entrackr.com/snippets/bath-tech-startup-steampro-raises-seed-round-11096483
Truth & Hair,https://truthandhair.com/,0.275,,Personal Care,Delhi-NCR,2026-02-10,https://entrackr.com/snippets/truth-hair-raises-rs-25-cr-from-varun-alagh-on-shark-tank-india-11092262
Preventify,https://www.preventify.me/,0.22,Pre-Seed,Healthcare,Palakkad,2026-02-09,https://entrackr.com/snippets/healthcare-startup-preventify-raises-rs-2-cr-in-pre-seed-round-led-by-pedalstart-11089416
WellWith,https://wellwithlife.com/,0.137,Seed,Wellness,Delhi-NCR,2026-02-09,https://entrackr.com/snippets/wellness-startup-wellwith-raises-seed-round-led-by-beyondseed-11089734
Panda’s Box,https://pandasbox.in/,0.132,,Education,Delhi-NCR,2026-02-10,https://entrackr.com/snippets/early-learning-startup-pandas-box-raises-rs-12-cr-from-shark-tank-india-11092671
Articulus Surgical,https://www.articulussurgical.com/,,,Medical Robotics,Bengaluru,2026-02-11,https://entrackr.com/snippets/medical-robotics-startup-articulus-surgical-raises-funding-from-kalaari-capital-11095456
e-TRNL Energy,,3,Seed,Battery cell tech,Bengaluru,2026-02-13,https://entrackr.com/snippets/e-trnl-energy-raises-rs-274-cr-seed-round-led-by-ian-group-11103092
Neysa,https://neysa.ai/,1200,,AI Acceleration Cloud Platform,Mumbai,2026-02-16,https://entrackr.com/news/gen-ai-startup-neysa-turns-unicorn-after-blackstone-led-12-bn-funding-11109995
Stable Money,https://stablemoney.in/,25,Pre-Series C,Fintech,Bengaluru,2026-02-18,https://entrackr.com/news/stable-money-raises-25-mn-led-by-peak-xv-at-175-mn-valuation-11124268
C2i Semiconductors,https://c2isemi.com/,15,,Semiconductor,Bengaluru,2026-02-16,https://entrackr.com/news/semiconductor-startup-c2i-semiconductors-raises-15-mn-led-by-peak-xv-11110040
Peptris,https://www.peptris.com/,7.7,Series A,Biotech,Bengaluru,2026-02-18,https://entrackr.com/snippets/drug-discovery-platform-peptris-raises-rs-70-cr-in-series-a-round-11125353
HomeRun,https://home-run.co/,6.6,Series A,Quick Commerce - Construction Materials,Bengaluru,2026-02-17,https://entrackr.com/snippets/homerun-raises-rs-60-cr-in-series-a-led-by-sorin-investments-11112913
CraftifAI,https://craftifai.com/,3,Seed,GenAI,Bengaluru,2026-02-17,https://entrackr.com/snippets/craftifai-secures-3-mn-in-seed-round-led-by-ankur-capital-11121741
Truboard Partners,https://truboardpartners.com/,2.2,,Asset performance platform,Mumbai,2026-02-18,https://entrackr.com/snippets/truboard-partners-raises-rs-20-cr-led-by-earth-fund-11125735
Pluto Mobility,https://www.plutomobility.in/,2,Seed,EV,Delhi-NCR,2026-02-19,https://entrackr.com/snippets/pluto-mobility-raises-2-mn-in-seed-round-11132728
Vervesemi,https://www.vervesemi.com/,2,Series A,Semiconductor,Delhi-NCR,2026-02-18,https://entrackr.com/news/fabless-semiconductor-startup-vervesemi-raises-10-mn-in-series-a-round-11125109
Otto Money,https://www.otto.money/?trk=public_post_reshare-text,1.3,Pre-Seed,Fintech,Bengaluru,2026-02-16,https://entrackr.com/snippets/wealthtech-startup-otto-money-raises-13-mn-led-by-pravega-ventures-11110193
Beep,https://www.eventbeep.com/en,0.85,Pre-Series A,Edtech,Pune,2026-02-17,https://entrackr.com/snippets/edtech-startup-beep-raises-850k-in-pre-series-a-round-11116886
Roopya,https://roopya.money/,0.44,Seed,Fintech,Gurugram,2026-02-20,https://entrackr.com/snippets/lending-infra-startup-roopya-raises-seed-round-led-by-ipv-11138087
Artociti,https://www.artociti.com/,0.109,,Home Decor,Bokaro,2026-02-18,https://entrackr.com/snippets/artociti-raises-rs-1-cr-on-shark-tank-india-at-rs-1333-cr-valuation-11124946
Temple,https://www.temple.com/,54,,Health Tech,,2026-02-27,https://entrackr.com/news/deepinder-goyals-new-startup-temple-raises-54-mn-at-a-190-mn-valuation-11161849
Constelli,https://www.constelli.com/,20,,Defence Tech,Hyderabad,2026-02-27,https://entrackr.com/news/defence-tech-startup-constelli-raises-20-mn-led-by-general-catalyst-11159941
Wishlink,https://www.wishlink.com/,17.5,Series B,Creator-focused commerce,Delhi-NCR,2026-02-24,https://entrackr.com/news/wishlink-raises-175-mn-in-series-b-round-led-by-vertex-ventures-11149626
Xflow,https://www.xflowpay.com/,16.6,Series A,Fintech,Bengaluru,2026-02-24,https://entrackr.com/news/cross-border-fintech-startup-xflow-raises-166-mn-led-by-general-catalyst-11150374
Prayaan Capital,https://prayaancapital.com/,12.1,Series A,Fintech,Chennai,2026-02-26,https://entrackr.com/snippets/prayaan-capital-raises-rs-110-cr-in-series-a-round-led-by-peak-xv-11157849
Gushwork,https://www.gushwork.ai/,9,,AI driven B2B marketing platform,Bengaluru,2026-02-26,https://entrackr.com/snippets/gushwork-secures-9-mn-led-by-susquehanna-asia-vc-11157636
Home Essentials,https://homeessentials.in/,7.7,Pre-Series B,D2C - Home and kitchen essentials,Gwalior,2026-02-25,https://entrackr.com/snippets/home-essentials-raises-rs-70-cr-in-pre-series-b-led-by-360-one-asset-11154140
ZeroHarm Sciences,https://www.zeroharm.in/,7.15,Series A,Plant based nutraceutical brand,Hyderabad,2026-02-25,https://entrackr.com/snippets/zeroharm-sciences-raises-rs-65-cr-in-series-a-round-11154967
FREED,https://freed.care/,6.6,,Fintech,Delhi-NCR,2026-02-26,https://inc42.com/buzz/fintech-startup-freed-secures-%e2%82%b960-cr-to-expand-presence/
Wootz.work,https://www.wootz.work/,6.6,Series A,Manufacturing,Delhi-NCR,2026-02-25,https://entrackr.com/snippets/wootzwork-raises-66-mn-in-series-a-round-led-by-z47-11155346
MyDesignation,https://www.mydesignation.com/,4.4,Series A,D2C- Fashion Brand,Thiruvananthapuram,2026-02-23,https://entrackr.com/snippets/d2c-fashion-brand-mydesignation-raises-40-cr-in-series-a-round-11146761
Oncare,https://www.oncarecancer.com/,4,Series A,Biotech,Bengaluru,2026-02-24,https://entrackr.com/snippets/cancer-care-startup-oncare-raises-rs-27-cr-in-series-a-round-11149575
Pulse,https://pulseio.in/,4,Seed,Medical Equipment,Bengaluru,2026-02-25,https://entrackr.com/snippets/medical-equipment-startup-pulse-secures-4-mn-led-by-30ne4-capital-11152811
Puresta,https://www.skinq.com/,3.7,Pre-Seed,Beauty and Personal Care,Delhi-NCR,2026-02-24,https://inc42.com/buzz/puresta-bags-3-7-mn-to-build-ai-powered-full-stack-dermatology-platform/
Mojro,https://www.mojro.com/,3,,B2B SaaS,Bengaluru,2026-02-23,https://entrackr.com/snippets/b2b-saas-platform-mojro-raises-3-mn-led-by-ian-alpha-fund-11146906
Kris@Work,https://www.krisatwork.com/,3,Seed,AI-powered SaaS,Bengaluru,2026-02-24,https://inc42.com/buzz/exclusive-kriswork-bags-3-mn-to-offer-ai-powered-saas-platform-for-gtm-teams/
DATOMS,https://datoms.io/,2.76,Series A,IoT,Bengaluru,2026-02-23,https://entrackr.com/snippets/deeptech-iot-startup-datoms-raises-rs-25-cr-in-series-a-led-by-big-capital-jsc-11146538
Companion Labs,https://cmpntech.com/,2.5,Seed,AI,Bengaluru,2026-02-26,https://entrackr.com/snippets/peak-xv-leads-25-mn-round-in-companion-labs-11157241
Armatrix,https://armatrix.in/,2.1,Pre-Seed,Robotics,Bengaluru,2026-02-25,https://entrackr.com/snippets/deep-tech-robotics-startup-armatrix-raises-21-mn-led-by-pi-ventures-11152392
HireBound,https://www.hirebound.io/,2,Seed,Recruitment Platform,Delhi-NCR,2026-02-24,https://entrackr.com/snippets/hirebound-raises-2-mn-in-seed-round-led-by-kalaari-capital-11149693
Basil,https://yourbasil.com/,2,Pre-Series A,D2C - Lunchbox Brand,Bengaluru,2026-02-24,https://inc42.com/buzz/d2c-lunchbox-brand-basil-nets-2-mn-to-expand-product-portfolio/
Hycosys,https://www.hycosys.in/,1,Seed,Deeptech engineering,Bengaluru,2026-02-23,https://entrackr.com/snippets/hycosys-raises-seed-round-led-by-mounttech-growth-funds-kavachh-11147416
Gut Clinic,https://www.gutclinic.co/,1,Seed,Healthcare,Delhi-NCR,2026-02-25,https://entrackr.com/snippets/healthcare-platform-gut-clinic-raises-1-mn-in-seed-round-11153828
Nailinit,https://nailin.it/,0.33,Pre-Seed,Nail Care,Mumbai,2026-02-26,https://entrackr.com/snippets/nail-care-brand-nailinit-raises-pre-seed-round-11157460
Reneonix,https://www.reneonix.com/,0.187,Pre-Seed,Deeptech,Chennai,2026-02-26,https://entrackr.com/snippets/reneonix-raises-rs-17-cr-in-pre-seed-round-led-by-ipv-11157125
ZeroMoblt,https://zeromoblt.com/,0.165,Pre-Seed,Student mobility,Hyderabad,2026-02-24,https://entrackr.com/snippets/student-mobility-startup-zeromobit-raises-pre-seed-round-11150709
Finanjo,https://finanjo.com/,0.165,Pre-Seed,Fintech,Jaipur,2026-02-25,https://entrackr.com/snippets/personal-finance-startup-finanjo-raises-rs-15-cr-pre-seed-funding-led-by-ajvc-11152846
Pronto,https://www.withpronto.com/,25,Series B,Quick Commerce,Bengaluru,2026-03-03,https://entrackr.com/news/pronto-raises-25-mn-in-series-b-led-by-epiq-capital-11170918
KaarTech,https://www.kaartech.com/,10.9,,Consulting,Chennai,2026-03-03,https://entrackr.com/exclusive/exclusive-kaartech-raises-rs-100-cr-from-playbook-partners-11173037
Inamo,https://www.inamo.in/,8,,Supply Chain Management - Quick Commerce,Mumbai,2026-03-02,https://entrackr.com/news/quick-commerce-enabler-inamo-raises-8-mn-led-by-prime-venture-partners-11167854
RAS Luxury Skincare,https://www.rasluxuryoils.com/,7.5,Series B,Skincare,Mumbai,2026-03-03,https://entrackr.com/snippets/ras-luxury-skincare-raises-75-mn-in-series-b-led-by-dabur-ventures-11171406
Bounce,https://bounceinfinity.com/,5,,EV - Scooters,Bengaluru,2026-03-02,https://yourstory.com/2026/03/funding-bounce-5-million-ev-mobility-startup-pandemic-pivot
Turiyam AI,https://turiyam.ai/,4,Pre-Seed,AI Compute Infrastructure,Bengaluru,2026-03-02,https://inc42.com/buzz/exclusive-turiyam-ai-raises-4-mn-to-build-full-stack-ai-hardware-platform/
Moneyboxx Finance,https://moneyboxxfinance.com/,3.6,,Fintech,Mumbai,2026-03-04,https://entrackr.com/snippets/moneyboxx-finance-raises-rs-334-cr-in-equity-to-accelerate-growth-11174502
InfinityBox,https://getinfinitybox.com/,1.52,Pre-Series A,Sustainable Packaging,Bengaluru,2026-03-05,https://entrackr.com/exclusive/exclusive-rainmatter-leads-infinityboxs-pre-series-a-round-11177343
Bubble Me,https://bubbleme.in/,0.16,Pre-Seed,Health and Wellness,Chandigarh,2026-03-03,https://entrackr.com/snippets/bubble-me-raises-rs-15-cr-in-pre-seed-round-led-by-ajvc-11171125
Rozana,https://www.rozana.in/,31.6,Series B,Rural Commerce,Delhi-NCR,2026-03-06,https://entrackr.com/news/rural-commerce-startup-rozana-raises-rs-290-cr-in-series-b-led-by-bertelsmann-11179444
Captain Fresh,https://www.captainfresh.in/,31.4,,Seafood supply chain,Bengaluru,2026-03-10,https://entrackr.com/news/captain-fresh-raises-rs-290-cr-from-blue-earth-capital-11191054
Mosaic Wellness,https://mosaicwellness.in/,21,,Consumer Health Platform,Thane,2026-03-12,https://entrackr.com/news/mosaic-wellness-raises-rs-200-cr-from-360-one-spring-marketing-capital-partially-exits-11206195
Bonkers Corner,https://www.bonkerscorner.com/,15,Series A,D2C - Fashion Brand,Mumbai,2026-03-11,https://inc42.com/buzz/exclusive-streetwear-brand-bonkers-corner-to-raise-12-15-mn-to-deepen-offline-push/
Skye Air,https://www.skyeair.tech/home,9,Series B,Drone Delivery,Delhi-NCR,2026-03-10,https://inc42.com/buzz/exclusive-skye-air-raises-9-mn-to-expand-last-mile-drone-delivery/
AquaExchange,https://aquaexchange.com/,8,Series B,Aquaculture tech platform,Bhimavaram,2026-03-10,https://entrackr.com/news/aquaexchange-raises-8-mn-in-series-b-round-at-41-mn-valuation-11191074
Newtrace,https://www.newtrace.io/,6.3,Pre-Series A,Climate Tech,Bengaluru,2026-03-10,https://entrackr.com/news/newtrace-raises-63-mn-in-pre-series-a-round-led-by-hdfc-bank-msivc-11191069
GalaxEye,https://galaxeye.space/,4.8,Extended Series A,Space Tech,Bengaluru,2026-03-12,https://inc42.com/buzz/exclusive-galaxeye-raises-%e2%82%b944-cr-in-ongoing-series-a-funding-round/
Namma Yatri,https://www.nammayatri.in/,4.4,Pre-Series A,Ride-hailing,Bengaluru,2026-03-10,https://entrackr.com/exclusive/exclusive-google-backed-namma-yatri-raises-fresh-capital-11192150
Boba Bhai,https://www.bobabhai.com/,4.4,,QSR Brand,Bengaluru,2026-03-11,https://inc42.com/buzz/boba-bhai-nets-%e2%82%b940-cr-to-expand-offline-presence/
Aditi Toys,https://chanak.co/,3.9,,Toy Manufacturing,Rajkot,2026-03-11,https://inc42.com/buzz/toy-manufacturer-aditi-toys-raises-%e2%82%b936-cr-to-expand-internationally/
Verdant Impact,https://verdantimpact.com/,3,Seed,Biotech,Jaipur,2026-03-10,https://inc42.com/buzz/verdant-impact-nets-3mn-to-scale-ai-led-livestock-management-platform/
DrinkPrime,https://drinkprime.in/,2.17,,Subscription-based RO,Bengaluru,2026-03-11,https://entrackr.com/exclusive/exclusive-drinkprime-raises-fresh-money-at-30-valuation-premium-11195036
Zoff Foods,https://zofffoods.com/,2,Pre-Series B,D2C Spices Brand,Raipur,2026-03-10,https://inc42.com/buzz/d2c-spice-brand-zoff-bags-2mn/
Constems-AI,https://constems-ai.com/,2,Pre-Series A,Deeptech,Delhi-NCR,2026-03-11,https://inc42.com/buzz/constems-ai-raises-2-mn-to-scale-vision-ai-saas-platform/
Confluxe,https://www.confluxe.in/,1.6,Pre-Seed,Retail Tech Platform,Bengaluru,2026-03-12,https://entrackr.com/snippets/wavemaker-partners-leads-16-mn-pre-seed-round-in-confluxe-11204068
WayCool,https://waycool.in/,22.7,,Agritech,Chennai,2026-03-13,https://inc42.com/buzz/exclusive-agritech-startup-waycool-raises-%e2%82%b9210-cr-from-lightrock-india/
Weaver Services,https://www.weaverhfc.com/,156,,Fintech - Home Financing,Mumbai,2026-03-18,https://entrackr.com/news/weaver-services-raises-rs-1450-cr-led-by-premji-invest-and-lightspeed-11224855
Ecofy,https://www.ecofy.co.in/,42,Series B,Fintech - NBFC,Mumbai,2026-03-16,https://entrackr.com/news/ecofy-raises-rs-3805-cr-in-series-b-round-led-by-bii-and-finnfund-11216830
Atlys,https://www.atlys.com/en-IN,36,Series C,Visa Processing,Delhi-NCR,2026-03-16,https://entrackr.com/news/visa-processing-startup-atlys-raises-36-mn-in-series-c-funding-11218314
Blacksoil Capital,https://blacksoil.co.in/,22,Debt,Fintech,Mumbai,2026-03-18,https://entrackr.com/snippets/blacksoil-capital-raises-rs-200-cr-from-impact-fund-denmark-11224120
Aerchain,https://aerchain.io/,13,Series A,AI-native enterprise procurement,Bengaluru,2026-03-18,https://entrackr.com/news/enterprise-procurement-platform-aerchain-secures-13-mn-in-series-a-round-11225084
Optimo Capital,https://optimocapital.in/,10.75,Debt,Fintech - NBFC,Bengaluru,2026-03-18,https://entrackr.com/snippets/prashant-pittis-optimo-capital-raises-rs-100-cr-from-pnb-11224352
Burger Singh,https://www.burgersinghonline.com/,9,Series B,Burger Chain,Delhi-NCR,2026-03-18,https://entrackr.com/news/burger-singh-raises-rs-82-cr-in-series-b-round-11224074
IG Defence,https://igdefence.com/,5,Pre-Series A,Defence Tech,Delhi-NCR,2026-03-17,https://inc42.com/buzz/exclusive-ig-defence-raises-5-mn-to-scale-up-indigenous-drone-tech/
Grapevine,https://www.grapevine.in/,4.1,,Social Media,Bengaluru,2026-03-17,https://entrackr.com/snippets/grapevine-raises-41-mn-from-kae-capital-peak-xv-others-11219589
OfficeBanao,https://officebanao.com/,4,,Prop Tech,Delhi-NCR,2026-03-16,https://entrackr.com/snippets/officebanao-raises-4-mn-led-by-lightspeed-11216087
Velmenni,https://www.velmenni.com/,3.3,Pre-Series A,Deep Tech,Delhi-NCR,2026-03-17,https://entrackr.com/snippets/pi-ventures-leads-rs-30-cr-pre-series-a-round-in-deep-tech-company-velmenni-11219430
Credilio,https://www.credilio.in/,3.3,Series A,Fintech,Mumbai,2026-03-18,https://entrackr.com/exclusive/exclusive-credilio-kicks-off-series-a-valuation-jumps-27x-11224086
Raptee,https://www.rapteehv.com/#overview,2.69,,EV,Chennai,2026-03-19,https://inc42.com/buzz/tamil-nadus-tidco-to-invest-%e2%82%b925-cr-each-in-agnikul-raptee/
Agnikul Cosmos,https://agnikul.in/,2.69,,Space Tech,Chennai,2026-03-19,https://inc42.com/buzz/tamil-nadus-tidco-to-invest-%e2%82%b925-cr-each-in-agnikul-raptee/
AGNIT Semiconductors,https://www.agnitsemi.com/,2.6,Seed,Semiconductor,Bengaluru,2026-03-16,https://entrackr.com/snippets/agnit-semiconductors-raises-26-mn-in-seed-extension-led-by-shastra-vc-11216664
Mave Health,https://www.mavehealth.com/,2.1,Seed,Health Tech,Bengaluru,2026-03-19,https://entrackr.com/snippets/neurotechnology-startup-mave-health-secures-21-mn-led-by-blume-ventures-11227402
Rymo Technologies,https://rymo.in/,1.06,Seed,Robotic Neuro-rehabilitation,Mumbai,2026-03-19,https://entrackr.com/snippets/neuro-rehabilitation-startup-rymo-technologies-secures-rs-10-cr-in-seed-round-11228049
Laani,https://withyoulaani.com/,0.97,Pre-Seed,Personal Care,Mumbai,2026-03-19,https://entrackr.com/snippets/personal-care-brand-laani-raises-rs-91-cr-in-pre-seed-round-11226896
Zoomies,,0.54,Pre-Seed,Pet Food,Pune,2026-03-17,https://entrackr.com/snippets/d2c-insider-super-angels-leads-pre-seed-round-in-pet-food-startup-zoomies-11220348
Betterhood,https://betterhood.in/,0.537,Seed,Health Tech - Pain Care,Bengaluru,2026-03-16,https://entrackr.com/snippets/pain-care-startup-betterhood-raises-seed-round-led-by-kairon-capital-11216682
Pinq Polka,https://www.pinq.co/,0.429,Pre-Series A,Personal Care - Innerwear,Delhi-NCR,2026-03-19,https://entrackr.com/snippets/ipv-leads-pre-series-a-round-in-pinq-polka-11227264
Moe Puppy,https://www.moepuppy.com/,0.215,Pre-Seed,Pet Care,Delhi-NCR,2026-03-17,https://entrackr.com/snippets/d2c-pet-care-brand-moe-puppy-raises-pre-seed-round-led-by-pedalstart-11219941
Aamra Seniors Club,https://www.linkedin.com/company/aamra-kinspire-living-private-limited/?originalSubdomain=in,0.15,Pre-seed,Healthcare,Delhi-NCR,2026-03-20,https://entrackr.com/snippets/aamra-seniors-club-raises-150k-in-pre-seed-round-11247180
Neo Group,https://www.neo-group.in/,53,,Fintech,Mumbai,2026-03-21,https://inc42.com/buzz/neo-group-bags-53-mn-at-unicorn-valuation/
Euler Motors,https://www.eulermotors.com/en,47,Series E,EV,Delhi-NCR,2026-03-24,https://entrackr.com/news/euler-motors-raises-47-mn-in-series-e-round-led-by-lightrock-11259258
CureFit,https://www.cult.fit/,46.84,Series G,Gym chain,Bengaluru,2026-03-24,https://inc42.com/buzz/ipo-bound-curefit-nets-%e2%82%b9440-cr-from-temasek/
Swish,https://justswish.in/,38,,Quick Commerce - Food Delivery,Bengaluru,2026-03-24,https://entrackr.com/news/swish-raises-38-mn-led-by-hara-global-and-bain-capital-ventures-11257660
Fullife Healthcare,https://in.fastandup.com/,32,Series D,Health and wellness,Mumbai,2026-03-25,https://entrackr.com/news/fastup-parent-fullife-healthcare-raises-rs-300-cr-led-by-elev8-11261510
Plum,https://www.plumhq.com/,20.5,Series B,Insurance Tech,Bengaluru,2026-03-26,https://entrackr.com/news/plum-insurance-raises-205-mn-in-series-b-round-led-by-peak-xv-11264489
Bellatrix Aerospace,https://bellatrix.aero/,20,Series B,Space Tech,Bengaluru,2026-03-27,https://entrackr.com/exclusive/exclusive-bellatrix-aerospace-to-raise-rs-107-cr-at-27x-valuation-premium-11364863
Skyroot Aerospace,https://www.skyroot.in/,10.75,Debt,Space Tech,Hyderabad,2026-03-25,https://entrackr.com/exclusive/exclusive-skyroot-aerospace-bags-rs-100-cr-debt-from-blackrock-11261710
Metafin,https://www.metafin.in/,10,Debt,Fintech,Delhi-NCR,2026-03-24,https://entrackr.com/snippets/solar-financing-platform-metafin-secures-10-mn-debt-from-lendable-11257776
Pranos Fusion,https://www.pranosfusion.energy/,6.8,Pre-Series A,Deep Tech,Bengaluru,2026-03-24,https://entrackr.com/news/pranos-raises-68-mn-to-build-high-field-fusion-reactor-technology-11257040
BIDSO,https://new.bidso.com/,6.7,Series A,Bengaluru,Toy Manufacturing,2026-03-23,https://entrackr.com/news/toy-manufacturing-startup-bidso-secures-rs-63-cr-in-series-a-led-by-blume-ventures-11254502
OZi,https://ozi.in/,6.2,Series A,Quick Commerce for Kids Products,Delhi-NCR,2026-03-24,https://entrackr.com/snippets/kids-focused-quick-commerce-platform-ozi-raises-62-mn-led-by-rtp-global-11258551
LetzRyd,https://letzryd.com/,4,Series A,Mobility Fleet Operator,Bengaluru,2026-03-23,https://entrackr.com/snippets/jif-capital-leads-4-mn-series-a-round-in-letzryd-11256224
Burma Burma,https://burmaburma.in/,4,,Restaurant Chain,Mumbai,2026-03-25,https://entrackr.com/snippets/burma-burma-raises-rs-38-cr-at-rs-500-cr-valuation-11261395
Kidbea,https://www.kidbea.com/,3.2,Series A,Sustainable Kidswear Brand,Delhi-NCR,2026-03-24,https://entrackr.com/snippets/kidbea-secures-rs-30-cr-in-series-a-funding-led-by-enrission-india-capital-11257759
ELMED Life Sciences,https://www.elmedprobiotics.com/,2.7,Series A,Biotech,Hyderabad,2026-03-26,https://entrackr.com/snippets/elmed-life-sciences-raises-27-mn-in-series-a-from-nabventures-11265218
Finfinity,https://www.finfinity.co.in/,2.4,Seed,Fintech - Digital Lending,Mumbai,2026-03-23,https://entrackr.com/snippets/digital-lending-marketplace-finfinity-raises-24-mn-in-seed-round-11254722
Canvaloop,https://www.canvaloop.com/,1.5,,Biomaterials,Surat,2026-03-25,https://entrackr.com/snippets/biomaterials-startup-canvaloop-raises-15-mn-11262208
RN Kids,,0.76,Pre-Seed,Pediatric Wellness,,2026-03-24,https://entrackr.com/snippets/pediatric-wellness-startup-rn-kids-raises-pre-seed-round-11258712
Workroom Automation,https://onworkroom.com/,0.66,Seed,Connected factory platform,Hyderabad,2026-03-23,https://entrackr.com/snippets/workroom-automation-raises-seed-funding-led-by-equirus-innovatex-fund-11254713
Raanro Interior Technology,https://magicalnest.com/,0.438,Seed,Interior Design,Bengaluru,2026-03-23,https://entrackr.com/snippets/magical-nest-operator-raanro-raises-pre-seed-round-11256761
Proxgy,https://www.proxgy.com/,0.212,,Industrial Solutions,Delhi-NCR,2026-03-25,https://entrackr.com/snippets/cricketer-riyan-parag-backs-industrial-solutions-startup-proxgy-11261495
Thread Factory,https://threadfactory.in/,0.159,Pre-Seed,Fashion supply,Ghaziabad,2026-03-25,https://entrackr.com/snippets/fashion-supply-startup-thread-factory-raises-pre-seed-funding-led-by-ajvc-11261936
Uncia,https://www.uncia.ai/,3,Seed,Fintech,Chennai,2026-03-27,https://entrackr.com/snippets/pavestone-leads-3-mn-seed-round-in-lending-solutions-platform-uncia-11364581
Palmonas,https://palmonas.com/,40,Series B,Jewellery,Pune,2026-04-02,https://entrackr.com/snippets/palmonas-raises-40-mn-in-series-b-led-by-xponentia-capital-vertex-growth-fund-11446027
Bachatt,https://www.bachatt.app/,12,Series A,Fintech,Delhi-NCR,2026-03-31,https://entrackr.com/news/wealthtech-startup-bachatt-raises-12-mn-in-series-a-led-by-accel-11438527
Gnani.ai,https://www.gnani.ai/,10,Series B,Voice AI,Bengaluru,2026-03-30,https://entrackr.com/exclusive/exclusive-gnaniai-kicks-off-series-b-round-led-by-aavishkaar-capital-11433897
NowPurchase,https://nowpurchase.com/,8.6,,B2B Metal Procurement,Kolkata,2026-04-01,https://entrackr.com/news/b2b-metal-procurement-startup-nowpurchase-raises-86-mn-led-by-bajaj-finserv-11441827
Amaha,https://www.amahahealth.com/,5.35,Series A,Mental Health,Mumbai,2026-03-30,https://entrackr.com/exclusive/exclusive-mental-health-startup-amaha-raises-fresh-capital-at-2x-valuation-premium-11436328
Bacancy Systems,https://bacancysystems.com/,4.28,Series A,EV,Ahmedabad,2026-03-30,https://entrackr.com/snippets/bacancy-systems-raises-rs-40-cr-led-by-sabre-partners-and-greenstone-capital-11435409
Aquapulse,https://www.aquapulse.co.in/,2.7,Series A,Aquaculture,Bhubaneshwar,2026-04-02,https://entrackr.com/snippets/aquapulse-raises-rs-25-cr-in-series-a-led-by-nabventures-11446411
BeastLife,https://beastlife.in/,2.14,Pre-Series A,D2C nutrition brand,Delhi-NCR,2026-04-01,https://entrackr.com/snippets/d2c-nutrition-brand-beastlife-raises-rs-20-cr-at-rs-320-cr-valuation-11442544
Xovian Aerospace,https://xovian.co.in/,2,,Space Tech,Bengaluru,2026-04-02,https://entrackr.com/snippets/xovian-aerospace-raises-2-mn-led-by-ashish-kacholia-11442879
Sign3,https://sign3.ai/,1.5,,Cyber security,Delhi-NCR,2026-03-30,https://entrackr.com/snippets/cedar-hill-capital-leads-15-mn-round-in-fraud-intelligence-startup-sign3-11434197
Cropcoin,https://www.pehlejaisa.com/,1.28,Pre-Series A,Agritech,Delhi-NCR,2026-03-30,https://entrackr.com/snippets/unicorn-india-ventures-leads-rs-12-cr-pre-series-a-round-in-agritech-startup-cropcoin-11434107
Fanon,https://www.fanon.co/home,1,Pre-Seed,Storytelling platform,Bengaluru,2026-03-31,https://entrackr.com/snippets/fanon-raises-pre-seed-round-led-by-kalaari-capital-and-gruhas-11438253
Epik,https://getepik.in/,1,Pre-Seed,Quick commerce,Bengaluru,2026-03-30,https://entrackr.com/snippets/quick-commerce-startup-epik-raises-1-mn-led-by-info-edge-ventures-11434100
Gabify,https://www.gabify.life/,0.175,Pre-Seed,Health Tech,Delhi-NCR,2026-04-02,https://entrackr.com/snippets/gabify-raises-175k-in-pre-seed-round-led-by-inflection-point-ventures-11445677
CredResolve,https://credresolve.com/,,Pre-Series A,Debt collections infrastructure,Delhi-NCR,2026-04-01,https://entrackr.com/snippets/merak-ventures-leads-pre-series-a-round-in-credresolve-11441882
Uppercase,https://uppercase.co.in/,2.16,,D2C Luggage Brand,Mumbai,2026-04-03,https://entrackr.com/exclusive/exclusive-uppercase-raises-fresh-capital-from-existing-investors-11449759
KreditBee,https://www.kreditbee.in/,280,Series E,Fintech - Lending,Bengaluru,2026-04-08,https://entrackr.com/news/kreditbee-enters-unicorn-club-with-280-mn-series-e-round-11700184
Off Beat,https://www.theoffbeatstudios.com/,10.82,,,,2026-04-07,https://entrackr.com/news/aman-guptas-off-beat-raises-rs-100-cr-led-by-bessemer-11461787
Pluckk,https://pluckk.in/,10.8,,Fresh Produce,Mumbai,2026-04-09,https://entrackr.com/news/pluckk-raises-rs-100-cr-from-euro-gulf-investment-11703844
BIDSO,https://new.bidso.com/,6.78,Series A,Manufacturing,Bengaluru,2026-04-10,https://entrackr.com/snippets/bidso-raises-rs-63-cr-in-series-a-round-led-by-blume-ventures-11712626
Astranova Mobility,https://astranovamobility.com/,6.4,Series A,EV - financing & asset mangement,Delhi-NCR,2026-04-09,https://entrackr.com/snippets/astranova-mobility-raises-rs-60-cr-in-series-a-led-by-ivycap-ventures-11704150
Atlas,https://theatlas.ai/,6,Seed,AI-led platform for accounting firms,Bengaluru,2026-04-08,https://entrackr.com/snippets/atlas-raises-6-mn-in-seed-round-co-led-by-accel-and-stellaris-11700765
GoSats,https://gosats.io/,5,Series A,Fintech,Bengaluru,2026-04-06,https://inc42.com/buzz/exclusive-gosats-bags-5-mn-to-scale-its-rewards-platform/
Satark AI,https://satark.live/homepage,4,Pre-Seed,Cybersecurity,Ahmedabad,2026-04-06,https://entrackr.com/snippets/satark-ai-raises-pre-seed-round-at-4-mn-valuation-11457711
ClayCo,https://clayco.in/,3.7,Series A,Skincare,Mumbai,2026-04-08,https://entrackr.com/snippets/skincare-brand-clayco-raises-rs-3459-cr-in-series-a-led-by-twenty-nine-capital-11701187
KisaanSay,https://kisaansay.com/,3.6,Series A,Food Brand,Delhi-NCR,2026-04-07,https://entrackr.com/snippets/nabventures-leads-rs-34-cr-series-a-round-in-kisaansay-11461666
ECOIL,https://ecoil.in/,2.5,Series A,Collection and disposal of used cooking oil,Delhi-NCR,2026-04-07,https://entrackr.com/snippets/ecoil-raises-25-mn-in-series-a-led-by-fundalogical-ventures-11461229
RoshAi,https://www.rosh.ai/,2.36,,Deep Tech,Kochi,2026-04-08,https://entrackr.com/snippets/ian-alpha-fund-leads-rs-22-cr-round-in-deep-tech-startup-roshai-11701674
SatLeo Labs,https://www.satleolabs.com/,2.2,Seed,Space Tech,Ahmedabad,2026-04-06,https://entrackr.com/snippets/spacetech-startup-satleo-labs-raises-22-mn-in-seed-round-11457321
H2LooP,https://www.h2loop.ai/,2,Seed,Deep Tech,Bengaluru,2026-04-07,https://entrackr.com/snippets/h2loop-raises-2-mn-in-seed-round-from-speciale-invest-and-3one4-capital-11481816
Helium Air,https://www.heliumair.in/,2,Seed,AC Brand,Jaipur,2026-04-07,https://inc42.com/buzz/helium-air-bags-2-mn-to-accelerate-smart-ac-development/
Swageazy,https://swageazy.com/,0.578,,Corporate gifting,Delhi-NCR,2026-04-09,https://entrackr.com/snippets/swageazy-raises-rs-54-cr-follow-on-round-led-by-info-edge-ventures-11708256
Trev Mobility,https://trevcabs.com/,0.395,Angel,EV - Cabs,Delhi-NCR,2026-04-08,https://entrackr.com/snippets/ev-mobility-startup-trev-mobility-raises-angel-round-to-expand-across-delhi-ncr-11657382
Angoor AI,https://angoor.ai/,0.216,Pre-Seed,AI-native customer interaction platform,Bengaluru,2026-04-08,https://entrackr.com/snippets/customer-interaction-platform-angoor-ai-raises-pre-seed-round-led-by-venturizer-11700670
Filli & Me,https://www.filliandme.com/,0.162,Pre-Seed,D2C Kids accessories brand,Delhi-NCR,2026-04-07,https://entrackr.com/snippets/d2c-insider-super-angels-leads-pre-seed-round-in-kids-brand-filli-me-11586028
DAAKit,https://daakit.com/,0.138,Pre-Seed,Logistics,Delhi-NCR,2026-04-09,https://entrackr.com/snippets/daakit-raises-138k-in-pre-seed-round-led-by-inflection-point-ventures-11704251
Nava,https://nava.com/,22,,Enterprise AI,Bengaluru,2026-04-09,https://entrackr.com/news/enterprise-ai-startup-nava-raises-22-mn-led-by-greenoaks-capital-11703910
The Hosteller,https://www.thehosteller.com/,16,Series B,Backpacker hostel chain,Mumbai,2026-04-16,https://entrackr.com/news/the-hosteller-raises-rs-150-cr-in-series-b-round-led-by-promaft-and-v3-ventures-11730910
GobbleCube,https://gobblecube.ai/,15,Series A,AI-based brand analytics,Delhi-NCR,2026-04-15,https://entrackr.com/news/gobblecube-raises-15-mn-in-series-a-round-led-by-susquehanna-11727235
Aliste Technologies,https://www.alistetechnologies.com/,3.2,Pre-Series A,Energy management and IoT Solutions,Delhi-NCR,2026-04-16,https://entrackr.com/snippets/aliste-technologies-raises-rs-30-cr-in-pre-series-a-led-by-big-global-jsc-11730913
Intellithink,https://intellithink.in/,1.82,Seed,Industrial AI,Bengaluru,2026-04-16,https://entrackr.com/snippets/pentathlon-ventures-leads-rs-17-cr-seed-round-in-industrial-ai-startup-intellithink-11730716
Ivory,https://www.liveivory.com/,1,Seed,Brain health,Mumbai,2026-04-15,https://entrackr.com/snippets/brain-health-platform-ivory-raises-1-mn-in-seed-round-11727938
Unbound,https://unbound-lifestyle.com/,0.853,,Men’s personal care brand,Delhi-NCR,2026-04-16,https://entrackr.com/snippets/mens-personal-care-brand-unbound-raises-rs-8-cr-led-by-fireside-ventures-11731565
Fifth Sense,https://itsfifthsense.com/,0.672,Pre-Seed,Fragrance brand,Delhi-NCR,2026-04-17,https://entrackr.com/snippets/otp-ventures-leads-pre-seed-round-in-fragrance-brand-fifth-sense-11735379
Helium,https://helium.in/,0.536,Angel,Proptech,Bengaluru,2026-04-15,https://entrackr.com/snippets/proptech-startup-helium-raises-angel-funding-from-albinder-dhindsa-kunal-shah-others-11726966
Cohoma Coffee,https://cohomacoffee.com/,0.53,Seed,Coffee Brand,Delhi-NCR,2026-04-16,https://entrackr.com/snippets/cohoma-coffee-raises-rs-5-cr-seed-round-led-by-ipv-11730918
Smart Garage,http://pikpartsmartgarage.com/,0.257,Pre-Series A,Auto service marketplace,Delhi-NCR,2026-04-13,https://entrackr.com/snippets/smart-garage-raises-rs-24-cr-in-pre-series-a-round-11720170
FruBon,https://www.devmilkfoods.com/,,,Dairy and ice cream brand,Jaipur,2026-04-13,https://entrackr.com/snippets/dairy-and-ice-cream-brand-frubon-raises-funding-from-fireside-others-11720672
M,https://tellm.co/,11,Seed,AI Conceirge,Bengaluru,2026-04-22,https://entrackr.com/exclusive/exclusive-kabeer-biswass-new-startup-raising-rs-102-cr-from-peak-xv-blume-and-cred-11753427
LightFury Games,https://www.lightfurygames.com/,11,Pre-Series A,Gaming Studio,Bengaluru,2026-04-23,https://entrackr.com/news/lightfury-games-raises-11-mn-in-pre-series-a-round-11756334
STCH,https://stch.ai/,5.5,Pre-Series A,Fabric development and textile manufacturing,Bengaluru,2026-04-23,https://entrackr.com/snippets/former-zetwerk-executives-startup-stch-raises-7-mn-led-by-omnivore-11756516
AITS,https://www.aits.group/,4,Pre-Series A,Education,,2026-04-22,https://entrackr.com/snippets/rysen-school-operator-aits-raises-4-mn-in-pre-series-a-round-11753666
Spill Games,https://spill.games/,3.1,Seed,Gaming,Bengaluru,2026-04-22,https://entrackr.com/snippets/spill-games-raises-31-mn-in-seed-round-led-by-centre-court-capital-and-peercapital-11751548
NudgeBee,https://www.nudgebee.com/,3,Seed,AI platform focused on cloud operations,Pune,2026-04-21,https://entrackr.com/snippets/nudgebee-raises-3-mn-in-seed-round-led-by-kalaari-capital-11748153
Lawyered,https://www.lawyered.in/,2.5,Pre-Series A,Legal Tech,Delhi-NCR,2026-04-21,https://entrackr.com/snippets/legal-tech-startup-lawyered-bags-25-mn-led-by-rainmatter-and-turbostart-11747865
PrimeInvestor,https://primeinvestor.in/,2.1,Seed,Fintech - Wealth Tech,Chennai,2026-04-21,https://entrackr.com/news/zerodha-backed-rainmatter-invests-in-wealth-tech-startup-primeinvestor-11750659
CureMeAbroad,https://curemeabroad.com/,0.6,Pre-Seed,Medical Tourism,Mumbai,2026-04-21,https://entrackr.com/snippets/med-tech-tourism-startup-curemeabroad-raises-pre-seed-round-11750934
Clarity Labs,https://discoverclaritylabs.com/,0.426,Seed,Personal care brand,Delhi-NCR,2026-04-20,https://entrackr.com/snippets/artha-venture-leads-seed-round-in-personal-care-brand-clarity-labs-11745014
Acai Theory,https://acaitheory.com/,0.426,Pre-Seed,Health-focused QSR,Bengaluru,2026-04-21,https://entrackr.com/snippets/health-qsr-chain-acai-theory-raises-funds-from-all-in-capital-tdv-partners-others-11747855
Axten Hospitals,https://axtenhospitals.com/,0.267,,Healthcare,Delhi-NCR,2026-04-20,https://entrackr.com/snippets/axten-hospitals-raises-rs-25-cr-led-by-pedalstart-11745815
Deep Algorithm,https://deepalgorithms.io/,1.68,Pre-Series A,AI-powered cybersecurity,Hyderabad,2026-04-23,https://entrackr.com/snippets/deep-algorithm-raises-rs-16-cr-in-pre-series-a-led-by-unicorn-india-ventures-11756893
Snabbit,https://www.snabbit.com/,56,Series D,Quick home services,Mumbai,2026-04-28,https://inc42.com/buzz/snabbit-raises-56-mn-to-deepen-quick-home-services-playbook/
Sahi,https://www.sahi.com/,33,Series B,Fintech - Trading Platform,Bengaluru,2026-04-29,https://inc42.com/buzz/sahi-raises-33-mn-from-accel-elevation-to-expand-into-wealthtech-segment/
Kissht,http://kissht.com/,29.1,,Fintech - Lending,Mumbai,2026-04-29,https://inc42.com/buzz/ipo-bound-kissht-nets-%e2%82%b9278-cr-from-anchor-investors/
Metasports Interactive,https://hitwicket.com/,20,,Mobile Gaming,Hyderabad,2026-04-27,https://entrackr.com/snippets/metasports-interactive-secures-20-mn-in-user-acquisition-funding-from-metica-11770204
Battery Smart,https://www.batterysmart.in/,15,Debt,EV- Battery Swapping,Delhi-NCR,2026-04-28,https://entrackr.com/snippets/battery-smart-secures-15-mn-in-debt-from-mirova-11774330
Oolka,https://oolka.in/,14,Series A,Credit lifecycle platform,Bengaluru,2026-04-30,https://entrackr.com/news/credit-lifecycle-platform-oolka-raises-14-mn-in-series-a-led-by-accel-11780445
HyugaLife,https://hyugalife.com/,10.6,Series A,Health and Wellness,Mumbai,2026-04-28,https://inc42.com/buzz/nutrition-supplements-marketplace-hyugalife-raises-%e2%82%b9100-cr/
Novio,https://www.novio.in/,10.5,Series A,Fintech,Mumbai,2026-04-28,https://entrackr.com/snippets/fintech-startup-novio-raises-rs-100-cr-in-series-a-led-by-cornerstone-ventures-11775916
Mojro,https://www.mojro.com/,5.5,Series A,SaaS,Bengaluru,2026-04-28,https://inc42.com/buzz/mojro-closes-series-a-round-at-5-5-mn-with-additional-2-5-mn-funding/
Morphing Machines,https://www.morphing.in/,4.4,Series A,Semiconductor,Bengaluru,2026-04-27,https://inc42.com/buzz/exclusive-morphing-machines-raises-%e2%82%b942-cr-to-close-series-a-round-at-%e2%82%b980-cr/
SportVot,https://sportvot.com/,3.8,,Sportstech,Mumbai,2026-04-29,https://inc42.com/buzz/sportvot-bags-%e2%82%b932-7-cr-to-take-its-sports-streaming-platform-global/
Optimized Electrotech,https://optimizedelectrotech.com/,3.7,,Deeptech,Ahmedabad,2026-04-29,https://inc42.com/buzz/optimized-electrotech-raises-%e2%82%b935-cr-to-expand-into-space-imaging/
House of Chikankari,https://www.houseofchikankari.in/,2.6,Series A,D2C ethnic fashion brand,Delhi-NCR,2026-04-28,https://inc42.com/buzz/d2c-brand-house-of-chikankari-raises-%e2%82%b925-cr-to-expand-omnichannel-presence/
Ctruh,https://www.ctruh.com/,2.5,Seed,Deep Tech,Bengaluru,2026-04-30,https://entrackr.com/snippets/deep-tech-startup-ctruh-secures-25-mn-in-seed-funding-11781538
Piper Serica,https://www.piperserica.com/,1.05,Seed,Full stack AIoT,Mumbai,2026-04-30,https://entrackr.com/snippets/piper-serica-leads-rs-10-cr-seed-round-in-aiot-startup-ubiqedge-11782019
Prithu,https://prithu.earth/,1.049,Seed,Climate Tech,Delhi-NCR,2026-04-29,https://entrackr.com/snippets/climate-tech-startup-prithu-raises-rs-10-cr-in-seed-round-led-by-transition-vc-11777909
Vikra Ocean Tech,https://vikraoceantech.com/,1,Seed,Deeptech,Chennai,2026-04-29,https://entrackr.com/snippets/vikra-ocean-tech-raises-1-mn-from-finvolve-and-india-accelerator-11779394
Kovon,https://www.kovon.io/,0.25,Pre-Seed,cross-border workforce mobility platform,Bengaluru,2026-04-28,https://entrackr.com/snippets/workforce-mobility-platform-kovon-raises-pre-seed-led-by-tdv-partners-11771315
Skyroot Aerospace,https://www.skyroot.in/,60,,Space Tech,Hyderabad,2026-05-07,https://entrackr.com/news/skyroot-becomes-indias-first-spacetech-unicorn-after-60-mn-funding-round-11808488
Ecofy,https://www.ecofy.co.in/,15,Debt,Fintech - NBFC,Mumbai,2026-05-06,https://entrackr.com/snippets/ecofy-secures-15-mn-debt-from-mirova-11806321
BigEndian,https://bigendiansemi.com/,6,Pre-Series A,Semiconductor,Bengaluru,2026-05-06,https://inc42.com/buzz/bigendian-raises-6-mn-to-commercialise-first-soc/
CHOSEN,https://chosenstore.in/,5,Series A,Skincare,Chennai,2026-05-04,https://entrackr.com/snippets/fireside-ventures-leads-5-mn-series-a-round-in-skincare-brand-chosen-11786191
Aurm,https://www.aurm.in/,4.4,Series A,Bank locker infrastructure,Bengaluru,2026-05-04,https://entrackr.com/snippets/aurm-raises-rs-42-cr-in-series-a-round-led-by-earth-fund-and-sattva-ventures-11799095
General Autonomy,https://www.generalrobotics.company/,3.367,Seed,Robotics,Bengaluru,2026-05-06,https://inc42.com/buzz/exclusive-robotics-startup-general-autonomy-raises-%e2%82%b932-cr-at-%e2%82%b9280-cr-valuation/
Jurisphere,https://www.jurisphere.ai/in/,2.2,,Legal AI,Bengaluru,2026-05-05,https://entrackr.com/snippets/jurisphere-raises-22-mn-led-by-infoedge-ventures-11801587
HealthFab,https://www.healthfab.in/,2.1,Series A,Personal Care,Bengaluru,2026-05-04,https://entrackr.com/snippets/healthfab-raises-rs-20-cr-in-series-a-led-by-atomic-capital-11797182
MedVital,https://themedvital.com/,1.9,,MedTech,Delhi-NCR,2026-05-06,https://entrackr.com/snippets/medvital-raises-rs-18-cr-led-by-alkemi-growth-capital-11804997
Banza,https://banza.xyz/,1,Pre-Seed,AI,Bengaluru,2026-05-04,https://entrackr.com/snippets/data-sharing-startup-banza-raises-pre-seed-round-led-by-campus-fund-11798690
Vobiz.ai,https://www.vobiz.ai/,1,Seed,Telephony infra,Bengaluru,2026-05-05,https://entrackr.com/snippets/telephony-infra-startup-vobizai-raises-1-mn-led-by-piper-serica-11801843
Blunav,https://blunav.in/,1,Seed,Airport operations,Chennai,2026-05-07,https://entrackr.com/snippets/piper-serica-leads-1-mn-seed-round-in-airport-operations-tech-company-blunav-11808501
JobsUPI,https://www.jobsupi.com/,0.25,Pre-Seed,Employment platform,Delhi-NCR,2026-05-06,https://entrackr.com/snippets/jobsupi-raises-pre-seed-round-from-iima-ventures-and-others-11806024
Figtree Pharmacy,https://figtreepharmacy.com/,,Seed,Pharmacy,Mumbai,2026-05-08,https://entrackr.com/snippets/figtree-pharmacy-raises-seed-funding-from-ajvc-fund-11812221
HrdWyr,https://hrdwyr.com/,13,Series A,Semiconductor,Bengaluru,2026-05-12,https://entrackr.com/news/semiconductor-startup-hrdwyr-raises-13-mn-led-by-ideaspring-capital-11826658
Wingreens,https://wingreensworld.com/,12.6,Series D,Packaged food and beverage,Delhi-NCR,2026-05-11,https://entrackr.com/news/wingreens-acquires-safe-harvest-raises-rs-120-cr-in-series-d-round-11821412
Dhruva Space,https://www.dhruvaspace.com/,10.9,Grant,Space Tech,Hyderabad,2026-05-14,https://inc42.com/buzz/dhruva-space-bags-%e2%82%b9105-cr-under-rdi-fund-for-satellite-platform/
Dil Foods,https://www.dilfoods.in/,7.7,Series B,Virtual Restaurant Operator,Bengaluru,2026-05-12,https://inc42.com/buzz/dil-foods-bags-%e2%82%b972-cr-to-expand-footprint-launch-more-cuisine/
Mekr,https://www.mekr.in/,7,Series A,Consumer electronics,Sonipat,2026-05-12,https://entrackr.com/snippets/appliance-manufacturing-startup-mekr-raises-rs-67-cr-led-by-avaana-capital-11825425
Sindhuja Microcredit,https://sindhujamicrocredit.com/,5,Pre-Series D,Fintech - NBFC,Patna,2026-05-11,https://entrackr.com/snippets/sindhuja-microcredit-raises-5-mn-in-pre-series-d-round-11822503
Nivasa Finance,https://www.nivasafinance.com/,3,Seed,Fintech - Lending,Bengaluru,2026-05-13,https://entrackr.com/snippets/secured-lending-startup-nivasa-finance-raises-3-mn-from-prime-venture-blume-others-11829897
FloMobility,https://flomobility.com/,2.5,Pre-Series A,Robotics - Construction,Bengaluru,2026-05-11,https://entrackr.com/snippets/construction-robotics-startup-flo-mobility-raises-25-mn-in-pre-series-a-round-11822989
Legend of Toys,https://www.legendoftoys.com/,2.17,Pre-Series A,Toy Brand,Bengaluru,2026-05-15,https://entrackr.com/snippets/legend-of-toys-raises-rs-21-cr-in-pre-series-a-round-11836971
SCIKIQ,https://www.scikiq.com/,1.5,Pre-Series A,Enterprise intelligence,Delhi-NCR,2026-05-12,https://entrackr.com/snippets/enterprise-intelligence-startup-scikiq-secures-15-mn-in-pre-series-a-11826466
The EleFant,https://www.theelefant.ai/,1,Pre-Series A,Toy subscription,Mumbai,2026-05-13,https://entrackr.com/snippets/toy-subscription-startup-the-elefant-raises-1-mn-in-pre-series-funding-11829958
Instafix,https://www.withinstafix.com/,0.79,Pre-Seed,Quick Commerce - Smartphone repair,Delhi-NCR,2026-05-13,https://entrackr.com/snippets/doorstep-smartphone-repair-startup-instafix-raises-pre-seed-round-led-by-titan-capital-8i-ventures-11829440
Kathy’s Beverages,,0.63,Pre-Series A,Beverage Brand,Mumbai,2026-05-11,https://entrackr.com/snippets/kathys-beverages-raises-rs-6-cr-in-pre-series-a-round-11821898
NORI,https://www.mynori.com/,0.35,Pre-Seed,Luggage Brand,Bengaluru,2026-05-11,https://entrackr.com/snippets/rebalance-leads-pre-seed-round-in-travel-gear-brand-nori-11823364
Rapido,https://rapido.bike/Home,240,,Ride hailing,Bengaluru,2026-05-15,https://entrackr.com/news/rapido-raises-240-mn-led-by-prosus-at-3-bn-valuation-11837442
Scapia,https://www.scapia.cards/,63,,Fintech,Bengaluru,2026-05-21,https://economictimes.indiatimes.com/tech/funding/scapia-secures-63-million-funding-from-general-catalyst-peak-xv-partners-and-z47/articleshow/131240930.cms
ANSCER Robotics,https://www.anscer.com/,5.4,Series A,Robotics,Bengaluru,2026-05-20,https://entrackr.com/snippets/ian-alpha-fund-leads-54-mn-series-a-round-in-anscer-robotics-11856156
Mythik,https://mythik.com/,5,,AI Entertainment,Mumbai,2026-05-20,https://inc42.com/buzz/ai-entertainment-startup-mythik-raises-5-mn-at-50-mn-valuation/
Trackk,https://trackk.in/,3.7,Seed,Fintech - Trading,Mumbai,2026-05-18,https://entrackr.com/news/trading-app-trackk-raises-fresh-funds-from-lightspeed-and-info-edge-ventures-11846086
Sychedelic,https://www.sychedelic.com/,3.5,Seed,Health and Wellness - Neurotech,Delhi-NCR,2026-05-20,https://entrackr.com/snippets/neurotech-startup-sychedelic-secures-35-mn-in-seed-round-11853311
EndureAir,https://endureair.com/,3.11,,Dronetech,Delhi-NCR,2026-05-20,https://inc42.com/buzz/endureair-nets-%e2%82%b930-cr-under-rdi-scheme-to-build-heavy-payload-drone-platform/
Cellogen Therapeutics,https://cellogentherapeutics.com/,2,,Biotech,Delhi-NCR,2026-05-18,https://inc42.com/buzz/biotech-startup-cellogen-therapeutics-raises-%e2%82%b920-cr-from-kotak-alts/
ONO,https://ono.ag/,1.2,Pre-Series A,Fintech,Bengaluru,2026-05-19,https://entrackr.com/snippets/agri-finance-startup-ono-raises-12-mn-led-by-aeravti-ventures-11850109
Kalpi,https://kalpi.ai/,0.389,Seed,Fintech,Hyderabad,2026-05-19,https://entrackr.com/snippets/fintech-startup-kalpi-raises-seed-round-from-rainmatter-capital-11850443
Owners ID,https://www.ownersid.com/,0.26,Pre-Seed,Recovery-tech,Bengaluru,2026-05-18,https://entrackr.com/snippets/recovery-tech-platform-owners-id-raises-pre-seed-round-led-by-crucifer-investments-11847198
Meta Fashion,https://metafashion.in/,0.4,Pre-Seed,Digital Fashion,Delhi-NCR,2026-05-21,https://entrackr.com/snippets/lumikai-leads-pre-seed-round-in-new-age-digital-fashion-platform-meta-fashion-11856385
Fairdeal.Market,https://fairdeal.market/,15,Series A,B2B quick commerce,Delhi-NCR,2026-05-26,https://inc42.com/buzz/fairdeal-market-bags-15-mn-to-scale-its-b2b-quick-commerce-platform/
StrainX Bioworks,https://www.strainx.in/,13,,Biotech,Bhopal,2026-05-25,https://inc42.com/buzz/biotech-startup-strainx-bags-13-mn-to-manufacture-alternative-proteins/
Finz Finance,https://finz.club/,12.5,,Fintech,Delhi-NCR,2026-05-27,https://entrackr.com/snippets/physicswallah-invests-rs-120-cr-in-its-nbfc-arm-finzfinance-11879385
TIEA Connectors,https://www.tieaconnectors.com/,8,Series A,Electrical Equipment Manufacturer,Bengaluru,2026-05-27,https://entrackr.com/snippets/tiea-connectors-raises-rs-77-cr-series-a-led-by-ivycap-ventures-11878893
abcoffee,https://www.abcoffee.in/,6.39,Pre-Series B,Coffee chain,Mumbai,2026-05-25,https://entrackr.com/snippets/abcoffee-raises-rs-61-cr-in-pre-series-b-round-led-by-kliff-ventures-11871812
Yes Madam,https://www.yesmadam.com/,5.2,,At-home salon,Delhi-NCR,2026-05-25,https://inc42.com/buzz/exclusive-yes-madam-bags-%e2%82%b950-cr-in-maiden-funding-round-from-info-edge/
Yoho,https://yoholife.in/,2.39,,Footwear brand,Delhi-NCR,2026-05-26,https://entrackr.com/snippets/d2c-footwear-brand-yoho-raises-fresh-funds-11875347
Flexprice,https://flexprice.io/,1.5,Seed,SaaS,Delhi-NCR,2026-05-26,https://entrackr.com/snippets/flexprice-raises-15-mn-seed-round-led-by-shastra-vc-11874628
ZeroDrag,https://zerodrag.in/,0.678,Seed,Drone,Delhi-NCR,2026-05-28,https://entrackr.com/snippets/transition-vc-leads-seed-round-in-zerodrag-11882473
Eazzy,https://www.eazzy.in/splash,0.44,Angel,Home Services,Delhi-NCR,2026-05-28,https://entrackr.com/snippets/former-reliance-flipkart-and-cashify-executives-home-services-startup-eazzy-raises-angel-funding-11882872
FirstClub,https://www.firstclub.site/,55,Series B,Quick Commerce,Bengaluru,2026-06-04,https://inc42.com/buzz/firstclub-nets-55-mn-to-expand-store-footprint-widen-product-range/
Innefu Labs,https://innefu.com/,30,Series B,Cybersecurity,Delhi-NCR,2026-06-05,https://entrackr.com/news/panthera-growth-partners-leads-30-mn-series-b-round-in-innefu-labs-12003658
Simple Energy,https://www.simpleenergy.in/,26,Debt + Equity,EV,Bengaluru,2026-06-01,https://entrackr.com/news/simple-energy-raises-rs-250-cr-in-debt-and-equity-round-ahead-of-ipo-plans-11894747
Agilitas Sports,https://agilitas.in/,23.48,,Sportswear,Bengaluru,2026-06-03,https://entrackr.com/news/agilitas-sports-raises-rs-225-cr-from-nexus-venture-partners-and-rainmatter-11902304
Anveshan,https://www.anveshan.farm/,16,Series B,Food Brand,Bengaluru,2026-06-01,https://entrackr.com/news/anveshan-raises-rs-150-cr-in-series-b-round-led-by-vertex-ventures-11894736
TrueFan AI,https://www.truefan.ai/,10,Series A,AI,Delhi-NCR,2026-06-04,https://inc42.com/buzz/ai-startup-truefan-raises-10-mn-to-enter-new-markets/
WeRize,https://www.werize.com/,7,Pre-Series C,Fintech,Bengaluru,2026-06-04,https://inc42.com/buzz/fintech-startup-werize-raises-7-mn-to-expand-product-offerings/
Aquapulse,https://www.aquapulse.co.in/,4.7,,Aquaculture,Bhubaneshwar,2026-06-02,https://entrackr.com/snippets/aquapulse-raises-rs-45-cr-from-nabventures-and-ian-alpha-fund-11898912
Phab,https://www.getphab.com/,4,Pre-Series A,Protein Snack Brand,Mumbai,2026-06-03,https://entrackr.com/snippets/protein-snack-brand-phab-raises-4-mn-in-pre-series-a-round-11904455
ProLearn,https://prolearn.app/,3.2,Pre-Seed,Edtech,Bengaluru,2026-06-02,https://entrackr.com/snippets/beenext-leads-rs-30-cr-pre-seed-round-in-edtech-startup-prolearn-11901039
Fraganote,https://fraganote.com/,3,Series A,Perfume Brand,Delhi-NCR,2026-06-03,https://entrackr.com/snippets/v3-ventures-leads-3-mn-series-a-round-in-perfumery-brand-fraganote-11905033
Propsoch,https://www.propsoch.com/,2,Seed,Proptech,Bengaluru,2026-06-03,https://entrackr.com/snippets/homebuyer-advisory-platform-propsoch-raises-2-mn-in-seed-round-11902619
KorinMi,https://www.korinmi.com/,1.04,,Skincare,Delhi-NCR,2026-06-01,https://entrackr.com/snippets/skin-clinic-korinmi-raises-10-cr-from-lotus-herbals-innovation-fund-11896464
Rovia,https://apps.apple.com/in/app/rovia-unlock-your-rsus/id6758399313,1,Pre-Seed,Fintech,Bengaluru,2026-06-01,https://entrackr.com/snippets/antler-india-leads-1-mn-pre-seed-round-in-wealthtech-platform-rovia-11895889
The Sweet Change,https://www.thesweetchange.com/,0.1778,Pre-Seed,Natural Sweetener,Delhi-NCR,2026-06-04,https://entrackr.com/snippets/the-sweet-change-raises-rs-17-cr-in-pre-seed-round-led-by-rebalance-12000644
MediElaj,https://medielaj.com/,0.1,,Healthtech,Delhi-NCR,2026-06-01,https://entrackr.com/snippets/healthcare-startup-medelaj-raises-angel-round-11896174
Aadyah Aerospace,http://www.aadyah.com/,3.3,Series A,Space Tech,Bengaluru,2026-06-05,https://entrackr.com/exclusive/exclusive-aadyah-aerospace-raises-fresh-funds-in-series-a-round-12003445
GPS Renewables,https://gpsrenewables.com/,66.4,Series C,Renewable Energy,Bengaluru,2026-06-08,https://entrackr.com/snippets/gps-renewables-raises-rs-635-cr-in-series-c-round-12014596
Equal AI,https://www.myequal.ai/,30,Series B,Consumer AI,Hyderabad,2026-06-12,https://entrackr.com/news/equal-ai-raises-30-mn-series-b-round-led-by-prosus-and-tomales-bay-capital-12029860
Mygate,http://mygate.com/,26,,Community management,Bengaluru,2026-06-10,https://entrackr.com/news/mygate-secures-rs-225-cr-from-dharana-capital-12020130
Exponent Energy,https://www.exponent.energy/,21.1,Series B,EV Rapid Charging,Bengaluru,2026-06-10,https://entrackr.com/news/exponent-energy-raises-200-cr-in-series-b2-round-led-by-360-one-asset-and-tdk-ventures-12020238
4baseCare,https://www.4basecare.com/,13.3,,Biotech,Bengaluru,2026-06-11,https://entrackr.com/news/infosys-backed-precision-oncology-startup-4basecare-raises-rs-128-cr-12024079
Immuneel Therapeutics,https://immuneel.com/,10.5,Series B,Biotech,Bengaluru,2026-06-08,https://entrackr.com/news/immuneel-therapeutics-raises-over-rs-100-cr-in-series-b-12012724
Manam Chocolate,https://manamchocolate.com/,9,,Chocolate Brand,Hyderabad,2026-06-11,https://entrackr.com/snippets/omnivore-leads-9-mn-funding-round-in-manam-chocolate-12024676
BazaarNow,https://www.bazaarnow.in/,7.8,,Quick Commerce,Bengaluru,2026-06-09,https://entrackr.com/snippets/peak-xv-leads-rs-72-cr-round-in-quick-commerce-platform-bazaarnow-12016925
Rivvun AI,https://rivvun.ai/,7.55,Seed,Enterprise AI,Pune,2026-06-11,https://entrackr.com/snippets/former-icertis-executives-startup-rivvun-ai-raises-755-mn-in-seed-funding-12026947
Celebal Technologies,https://celebaltech.com/,5.23,Debt,Data and AI solutions,Jaipur,2026-06-09,https://entrackr.com/snippets/celebal-technologies-raises-rs-50-cr-from-blacksoil-capital-12017982
Hoola Health,https://hoolahealth.in/,5,,Paediatric healthcare,Bengaluru,2026-06-10,https://entrackr.com/snippets/paediatric-healthcare-startup-hoola-health-raises-5-mn-led-by-peak-xvs-surge-12020600
Uni Seoul,https://www.uniseoul.in/,3.7,Series A,Lifestyle Brand,Pune,2026-06-10,https://entrackr.com/snippets/impulse-lifestyle-retail-brand-uni-seoul-raises-rs-35-cr-in-series-a-round-12022701
The Wedding Company,https://www.theweddingcompany.com/,2.75,Seed,Wedding planning,Bengaluru,2026-06-09,https://entrackr.com/snippets/the-wedding-company-raises-275-mn-in-seed-round-12014070
HyperNorm AI,https://www.hypernorm.ai/,2.2,Seed,Fintech - Wealth Advisory,Bengaluru,2026-06-10,https://entrackr.com/snippets/wealth-advisory-startup-hypernorm-ai-raises-22-mn-in-seed-funding-12020942
Integra Robotics,https://www.integrarobotics.in/,1.12,Pre-Series A,Robotics,Bengaluru,2026-06-09,https://entrackr.com/snippets/integra-robotics-raises-112-mn-in-pre-series-a-round-12017897
Dream Aerospace,https://www.dreamaerospace.in/,1.06,Pre-Series A,Deeptech,Kanpur,2026-06-12,https://entrackr.com/snippets/dream-aerospace-raises-rs-10-cr-pre-series-a-round-12030835
Trevel,https://www.trevel.in/homepage,1,,EV,Delhi-NCR,2026-06-12,https://entrackr.com/snippets/ev-mobility-startup-trevel-raises-1-mn-led-by-india-accelerator-and-finvolve-12030541
Biodimension,https://www.biodimension.in/,0.848,,Biotech,Bengaluru,2026-06-11,https://entrackr.com/snippets/biodimension-secures-rs-8-cr-from-ian-angel-fund-others-12026979
Bucketlist,https://www.bucketlistt.com/,0.11,Pre-Seed,Travel,Ahmedabad,2026-06-10,https://entrackr.com/snippets/bucketlistt-raises-pre-seed-funding-to-scale-experience-tourism-platform-12020971
QubeHealth-Pay,https://www.qubehealth.com/,,Series A,Fintech,Mumbai,2026-06-11,https://entrackr.com/snippets/qubehealth-pay-raises-series-a-at-rs-416-cr-valuation-12024061
Sarvam,https://www.sarvam.ai/,234,Series B,AI,Bengaluru,2026-06-15,https://entrackr.com/news/sarvam-turns-unicorn-after-234-mn-round-led-by-hcltech-12041322
SolarSquare,https://www.solarsquare.in/,53,Series C,Solar,Mumbai,2026-06-16,https://entrackr.com/news/solarsquare-raises-53-mn-in-series-c-led-by-b-capital-12042666
Vetic,https://vetic.in/,40,,Pet healthcare,Delhi-NCR,2026-06-18,https://entrackr.com/news/pet-healthcare-startup-vetic-raises-40-mn-led-by-bessemer-12049404
TruNativ,https://trunativ.co/,30,,Nutrition Brand,Mumbai,2026-06-16,https://entrackr.com/news/nutrition-brand-trunativ-raises-30-mn-led-by-orbimed-12044882
Rusk Media,https://www.ruskmedia.com/,10.6,Pre-Series C,Digital Entertainment,Delhi-NCR,2026-06-18,https://entrackr.com/news/rusk-media-raises-rs-100-cr-in-pre-series-c-round-led-by-nazara-technologies-12050381
EMO Energy,https://www.emoenergy.in/,6.2,Pre-Series B,Energy-tech,Bengaluru,2026-06-19,https://entrackr.com/exclusive/exclusive-emo-energys-valuation-jumps-43x-to-rs-860-cr-in-pre-series-b-round-12052859
Karo Sambhav,https://www.karosambhav.com/,6,Pre-Series A,Circular economy and recycling,Delhi-NCR,2026-06-18,https://entrackr.com/snippets/karo-sambhav-raises-rs-56-cr-in-pre-series-a-round-led-by-rainmatter-12050427
Foodstories,https://www.foodstories.shop/,5.3,,Gourmet Retail,Mumbai,2026-06-15,https://entrackr.com/snippets/gourmet-retail-startup-foodstories-secures-rs-50-cr-led-by-nikhil-kamath-12040846
CREST,https://www.crest-capital.com/,3.1,Pre-Seed,Fintech - Wealth Management,Mumbai,2026-06-16,https://entrackr.com/snippets/wealth-management-startup-crest-secures-31-mn-in-pre-seed-round-12044185
ContraVault AI,https://www.contravault.com/,3.1,Pre-Series A,Procurement intelligence,Bengaluru,2026-06-16,https://entrackr.com/snippets/contravault-ai-raises-31-mn-in-pre-series-a-round-led-by-chiratae-ventures-12043985
AutoVRse,https://www.autovrse.com/,2.4,,Industrial AI transformation platform,Bengaluru,2026-06-15,https://entrackr.com/snippets/autovrse-raises-24-mn-from-singularity-amc-and-lumikai-12040208
Speedioo,https://speedioo.com/,1.06,Seed,Used two-wheeler startup,Pune,2026-06-16,https://entrackr.com/snippets/used-two-wheeler-platform-speedioo-raises-seed-funding-led-by-atomic-capital-12043624
Gimi Michi,https://gimimichi.com/,1,Seed,FMCG Brand,Delhi-NCR,2026-06-16,https://entrackr.com/snippets/korean-fmcg-startup-gimi-michi-raises-1-mn-seed-round-led-by-indiaquotient-12043369
Xtovia,https://xtovia.com/,0.73,Pre-Seed,Haircare,Hyderabad,2026-06-17,https://entrackr.com/snippets/haircare-startup-xtovia-raises-pre-seed-funding-led-by-v3-ventures-12047086
TrackerSuite AI,https://www.trackersuite.ai/,0.635,Pre-Series A,Business automation,Delhi-NCR,2026-06-16,https://entrackr.com/snippets/business-automation-platform-trackersuite-ai-raises-pre-series-a-round-12043831
Tringbox,https://tringbox.com/,0.529,Seed,Music Tech,Mumbai,2026-06-18,https://entrackr.com/snippets/music-tech-startup-tringbox-raises-rs-5-cr-in-seed-round-12050073
Lissun,https://www.lissun.app/,0.293,,Mental Health,Delhi-NCR,2026-06-17,https://entrackr.com/snippets/exclusive-mental-health-startup-lissun-raises-fresh-funds-from-zerodha-backed-rainmatter-12048004
INFLUISH,https://influish.com/,,Pre-Seed,Influencer Marketing,Udaipur,2026-06-17,https://entrackr.com/snippets/influencer-marketing-startup-influish-raises-pre-seed-funding-at-rs-25-cr-valuation-12046273
Recykal,https://www.recykal.com/,23,Bridge Round,Waste management,Hyderabad,2026-06-21,https://entrackr.com/exclusive/exclusive-morgan-stanley-backed-recykal-raises-18-mn-at-280-mn-valuation-12056152
Square Yards,https://www.squareyards.com/,95.4,,Proptech,Delhi-NCR,2026-06-23,https://inc42.com/buzz/proptech-startup-square-yards-raises-%e2%82%b9900-cr-at-unicorn-valuation/
Mitigata,https://mitigata.com/,15,Series B,Cyber Risk And Insurance,Bengaluru,2026-06-23,https://inc42.com/buzz/cyber-risk-and-insurance-startup-mitigata-raises-15-mn/
SaffronStays,https://www.saffronstays.com/,3.5,,Hospitality,Mumbai,2026-06-24,https://entrackr.com/snippets/saffronstays-raises-35-mn-led-by-infinity-ventures-12068176
QOSMIC,https://qosmic.space/,3.3,Seed,Space Tech,Bengaluru,2026-06-24,https://entrackr.com/snippets/qosmic-raises-33-mn-in-seed-funding-from-prosus-accel-south-park-commons-12067227
Ikin Global,https://ikinglobal.com/,2,Pre-Series A,IoT Smart Lock Brand,Kochi,2026-06-24,https://entrackr.com/snippets/iot-smart-lock-startup-ikin-global-raises-2-mn-in-pre-series-a2-round-12067511
Unnati,https://unnati.ag/,1.8,Debt,Agritech,Delhi-NCR,2026-06-23,https://entrackr.com/snippets/unnati-agri-secures-rs-17-cr-in-growth-capital-from-recur-club-12065066
The Land Bankers,https://www.thelandbankers.com/,0.848,Seed,Proptech,Bhubaneshwar,2026-06-22,https://entrackr.com/exclusive/exclusive-rainmatter-kunal-shah-back-nestaway-co-founders-new-startup-the-land-bankers-12062135
LiLLBUD,https://www.lillbud.com/,0.636,Seed,Toys,Delhi-NCR,2026-06-23,https://entrackr.com/snippets/toys-startup-lillbud-raises-seed-round-led-by-zeropearl-vc-12065382
BharatTender,https://www.bharattender.ai/,0.132,Pre-Seed,B2B Procurement,Delhi-NCR,2026-06-23,https://entrackr.com/snippets/b2b-procurement-tech-platform-bharattender-raises-pre-seed-round-12065634
CRED,https://cred.club/,900,Series H,Fintech,Bengaluru,2026-06-22,https://inc42.com/buzz/cred-raises-900-mn-from-meta/
Limelight Diamonds,https://limelightdiamonds.com/?srsltid=AfmBOooZpblqN5ooWIac6ZjXjmiHt4ANugu6AraHJPmBvVseVUT6tBnp,33,,Lab-grown diamond jewellery,Mumbai,2026-07-01,https://retail.economictimes.indiatimes.com/news/apparel-fashion/jewellery/limelight-lab-grown-diamonds-raises-rs-275-crore-to-expand-manufacturing-and-retail-network/132115226
Celloraa Energy,https://www.celloraaenergy.com/,19,,Solar cell manufacturing,Surat,2026-07-01,https://www.sahi.com/news/starlineps-enterprises-approves-160-crore-equity-investment-in-celloraa-energy-solar-project-400083-PE1_C
The Indus Valley,https://www.theindusvalley.in/?srsltid=AfmBOormaVsbbmNKWeNsXucizize1MpwqW3B0g-wa-YDQXpc1YW1MaaD,17,,Cookware brand,Chennai,2026-06-30,https://entrackr.com/news/cookware-brand-the-indus-valley-raises-17-mn-led-by-gaja-capital-12118791
Incuspaze,https://www.incuspaze.com/,15.6,,Co-working,Gurugram,2026-06-29,https://entrackr.com/news/co-working-startup-incuspaze-raises-rs-150-cr-led-by-bharat-value-fund-12116135
Batx Energies,https://batxenergies.com/,11,Series-A,Battery Recycling,Gurugram,2026-07-01,https://entrackr.com/news/batx-energies-raises-rs-105-cr-in-series-a-round-led-by-ivycap-ventures-12125741
Kapture CX,https://www.kapture.cx/,10,Pre-Series B,Agentic AI,Bengaluru,2026-06-30,https://entrackr.com/news/bajaj-finserv-ventures-leads-10-mn-pre-series-b-round-in-kapture-cx-12118348
Phitku,https://phitku.com/?srsltid=AfmBOoq8hTv7pBCGw7Nup_xTeVQ7TbZJvaF9scqtXs2X-9za9FeN1SqU,10,PE acquisition,D2C Personal Care,Gurugram,2026-07-01,https://entrackr.com/snippets/ananta-capital-acquires-majority-stake-in-phitku-in-rs-100-cr-deal-12122678
Dovetail Capital,https://www.dovetailindia.com/,10,Series-A,Asset-servicing firm,Mumbai,2026-07-01,https://yourstory.com/2026/07/dovetail-capital-raises-100-crore-from-elev8-venture-partners
Age Care Labs,https://www.emoha.com/,9,,Elder Care,Gurugram,2026-07-02,https://entrackr.com/news/elder-care-startup-age-care-labs-raises-9-mn-from-rainmatter-and-others-12125496
Supply6,https://supplysix.com/?srsltid=AfmBOoq8WKB6hbZ2ISlkz1YEe0B8uOQF3-RWm5k_ZeOQG_2S8YOP27Kk,5,,Nutrition/D2C,Bengaluru,2026-07-01,https://entrackr.com/snippets/nutrition-startup-supply6-raises-rs-48-cr-led-by-unilever-ventures-12122813
Data Science Wizards,https://www.datasciencewizards.ai/,5,Pre-Series A,Enterprise AI,Thane,2026-07-01,https://yourstory.com/ai-story/enterprise-ai-firm-data-science-wizards-secures-pre-series-a-funding
BCT Ventures,https://bctventures.co/,4.2,Seed,Ai-native consumer,Mumbai,2026-07-03,https://www.bwdisrupt.com/article/bct-ventures-secures-rs-42-cr-seed-funding-led-by-3one4-capital-613170
Spense,https://spense.no/,2.8,Seed,Banking infra,Bengaluru,2026-07-01,https://entrepreneur.economictimes.indiatimes.com/news/funding/spense-secures-28-million-seed-funding-to-transform-credit-infrastructure-in-india/132106963
Playblue,https://playblue.in/,2.7,Seed,Sports Retail,Bengaluru,2026-07-02,https://inc42.com/buzz/sports-retail-brand-playblue-bags-2-7-mn-to-expand-into-offline-retail/
Heatronics,https://heatronics.in/?srsltid=AfmBOoofvFkhNQXatutbdPkYZaexfbF9V93FV-P6bm-pgajiBzWQ2sgX,1.8,Seed,Wellness,Noida,2026-07-02,https://entrackr.com/snippets/heatronics-raises-rs-18-cr-seed-round-led-by-ipv-12125980
The Func. Lab,https://thefunclab.com/?srsltid=AfmBOooUy3YROHOcRyAWdZ5bBdsanTGohiTVB_ZYf_1_h75VqS-R-7lA,1.5,Seed,Nutrition/wellness,Mumbai,2026-06-29,https://retail.economictimes.indiatimes.com/news/health-and-beauty/fitness/the-func-lab-raises-1-5-million-seed-funding-to-expand-clean-label-nutrition-business/132066381
Albatross Energetics,https://www.albatross-energetics.in/,1.05,Pre-Series A,Deeptech,Mumbai,2026-07-01,https://entrepreneur.economictimes.indiatimes.com/news/funding/albatross-energetics-secures-105-million-funding-for-revolutionary-energy-efficient-cooling-solutions/132106174
The Capitalist Ventures,,1,Seed,Hospitality,Hyderabad,2026-06-29,https://www.entrepreneurindia.com/blog/en/news/the-capitalist-bags-inr-10-crore-in-seed-funding.60457
Lytmus AI,https://lytmus.ai/,0.5,Pre-Seed,Exam-prep,Bengaluru,2026-06-29,https://entrackr.com/snippets/boundless-ventures-leads-pre-seed-round-in-lytmus-ai-12116594
Clairva,https://www.clairva.ai/,0.5,Pre-Seed,Ai data infrastructure,Bengaluru,2026-06-29,https://thecourtroom.in/clairva-raises-500000-pre-seed-venture-catalysts/
YoLearn.ai,http://yolearn.ai/,0.5,Pre-Seed,Voice-AI edtech,Gurugram,2026-06-30,https://entrackr.com/snippets/edtech-platform-yolearn-ai-raises-pre-seed-round-12120052
Brekfuz,https://www.brekfuz.com/,0.5,Seed,AI native coordination,Gurugram,2026-07-01,https://entrackr.com/snippets/ai-native-coordination-startup-brekfuz-raises-525k-12122384
Ninjacart,https://ninjacart.com/,6,,Agritech,Bengaluru,2026-07-02,https://entrackr.com/news/ninjacart-raises-6-mn-after-45-years-claims-ebitda-profitability-ahead-of-ipo-12128023
Pixxel,https://www.pixxel.space/,100,Series C,Space infra,Bengaluru,2026-09-07,https://www.thehindu.com/business/bengaluru-firm-pixxel-raises-100-million-to-build-infrastructure-for-a-changing-planet/article71437547.ece
QNu Labs,https://www.qnulabs.com/,21,Series A1,cyber security,Bengaluru,2026-09-09,https://entrackr.com/news/deep-tech-cybersecurity-company-qnu-labs-raises-rs-200-cr-in-series-a1-round-12509199
Carrum Mobility,https://www.carrum.co.in/,10,Series B,Fleet Management,New Delhi,2026-09-09,https://entrackr.com/snippets/fleet-management-platform-carrum-mobility-raises-10-mn-in-series-b-led-by-uber-12511605
Navana.ai,http://Navana.ai,4.7,Series A,Voice Ai,Bengaluru,2026-09-07,https://entrackr.com/snippets/voice-ai-startup-navanaai-raises-rs-40-cr-led-by-ronnie-screwvala-12501888
Iztri,https://in.linkedin.com/company/iztri,1.1,Seed,on-demand fabric care,Bengaluru,2026-09-08,https://www.indianretailer.com/news/funding-alert-iztri-raises-rs-10-cr-seed-funding-led-all-capital-and-suashish-group
Circolife,https://circolife.com/,4.5,pre-Series A,Cooling-as-a-Service,Thane,2026-09-08,https://entrackr.com/snippets/circolife-raises-45-mn-in-pre-series-a-round-led-by-bharat-jaisinghani-12507089
Marmalade,https://in.linkedin.com/company/marmaladedrinks,0.65,early stage,alcohol-beverage,Pune,2026-09-09,https://economictimes.indiatimes.com/tech/funding/alco-bev-startup-marmalade-raises-rs-6-crore-from-angel-investors/articleshow/133938867.cms?from=mdr
Piston,https://pistonhq.app/security,15,Series A,cardless payments,Kolkata,2026-09-11,https://indianstartupnews.com/funding/cardless-payments-platform-piston-raises-15-million-in-funding-from-fpv-ventures-others-12516196
Popo Global,https://popofoodsinternational.com/,56,,Food - House of Brands,Bengaluru,2026-09-11,https://www.moneycontrol.com/news/business/funding/bengaluru-based-pizza-bakery-owner-popo-global-raises-rs-532-crore-in-funding-from-artal-asia-14027457.html
Fundly.ai,http://Fundly.ai,4,Pre-Series A,B2B pharma distribution,Mumbai,2026-09-08,https://entrackr.com/snippets/b2b-pharma-distribution-startup-fundlyai-raises-4-mn-led-by-accel-multiply-12505458
